timestamp,lat,lon,gps_accuracy,gps_timestamp,model,dtype,device,label,confidence,rank,bbox_xmin,bbox_ymin,bbox_xmax,bbox_ymax,bbox_norm_xmin,bbox_norm_ymin,bbox_norm_xmax,bbox_norm_ymax,frame_w,frame_h,inference_ms
1787920169269,40.02614390,-83.00137409,15.212757399323378,1787920165320,onnx-community/mobilenetv4_conv_small.e2400_r224_in1k,fp16,webgpu,"streetcar, tram, tramcar, trolley, trolley car",0.463,1,,,,,,,,,480,640,33
1787920169269,40.02614390,-83.00137409,15.212757399323378,1787920165320,onnx-community/mobilenetv4_conv_small.e2400_r224_in1k,fp16,webgpu,"mobile home, manufactured home",0.051,2,,,,,,,,,480,640,33
1787920169269,40.02614390,-83.00137409,15.212757399323378,1787920165320,onnx-community/mobilenetv4_conv_small.e2400_r224_in1k,fp16,webgpu,"passenger car, coach, carriage",0.048,3,,,,,,,,,480,640,33
1787920170023,40.02614390,-83.00137409,15.212757399323378,1787920165320,onnx-community/mobilenetv4_conv_small.e2400_r224_in1k,fp16,webgpu,"streetcar, tram, tramcar, trolley, trolley car",0.313,1,,,,,,,,,480,640,38.000000000007276
1787920170023,40.02614390,-83.00137409,15.212757399323378,1787920165320,onnx-community/mobilenetv4_conv_small.e2400_r224_in1k,fp16,webgpu,"minibus",0.069,2,,,,,,,,,480,640,38.000000000007276
1787920170023,40.02614390,-83.00137409,15.212757399323378,1787920165320,onnx-community/mobilenetv4_conv_small.e2400_r224_in1k,fp16,webgpu,"school bus",0.065,3,,,,,,,,,480,640,38.000000000007276
1787920170762,40.02614390,-83.00137409,15.212757399323378,1787920165320,onnx-community/mobilenetv4_conv_small.e2400_r224_in1k,fp16,webgpu,"streetcar, tram, tramcar, trolley, trolley car",0.413,1,,,,,,,,,480,640,29
1787920170762,40.02614390,-83.00137409,15.212757399323378,1787920165320,onnx-community/mobilenetv4_conv_small.e2400_r224_in1k,fp16,webgpu,"minibus",0.048,2,,,,,,,,,480,640,29
1787920170762,40.02614390,-83.00137409,15.212757399323378,1787920165320,onnx-community/mobilenetv4_conv_small.e2400_r224_in1k,fp16,webgpu,"passenger car, coach, carriage",0.047,3,,,,,,,,,480,640,29
1787920171495,40.02614390,-83.00137409,15.21277652209557,1787920168317,onnx-community/mobilenetv4_conv_small.e2400_r224_in1k,fp16,webgpu,"streetcar, tram, tramcar, trolley, trolley car",0.450,1,,,,,,,,,480,640,29
1787920171495,40.02614390,-83.00137409,15.21277652209557,1787920168317,onnx-community/mobilenetv4_conv_small.e2400_r224_in1k,fp16,webgpu,"mobile home, manufactured home",0.032,2,,,,,,,,,480,640,29
1787920171495,40.02614390,-83.00137409,15.21277652209557,1787920168317,onnx-community/mobilenetv4_conv_small.e2400_r224_in1k,fp16,webgpu,"shopping cart",0.029,3,,,,,,,,,480,640,29
1787920172237,40.02614390,-83.00137409,15.21277652209557,1787920168317,onnx-community/mobilenetv4_conv_small.e2400_r224_in1k,fp16,webgpu,"streetcar, tram, tramcar, trolley, trolley car",0.315,1,,,,,,,,,480,640,38
1787920172237,40.02614390,-83.00137409,15.21277652209557,1787920168317,onnx-community/mobilenetv4_conv_small.e2400_r224_in1k,fp16,webgpu,"passenger car, coach, carriage",0.069,2,,,,,,,,,480,640,38
1787920172237,40.02614390,-83.00137409,15.21277652209557,1787920168317,onnx-community/mobilenetv4_conv_small.e2400_r224_in1k,fp16,webgpu,"trailer truck, tractor trailer, trucking rig, rig, articulated lorry, semi",0.052,3,,,,,,,,,480,640,38
1787920173025,40.02614390,-83.00137409,15.21277652209557,1787920168317,onnx-community/mobilenetv4_conv_small.e2400_r224_in1k,fp16,webgpu,"recreational vehicle, RV, R.V.",0.297,1,,,,,,,,,480,640,74.99999999999272
1787920173025,40.02614390,-83.00137409,15.21277652209557,1787920168317,onnx-community/mobilenetv4_conv_small.e2400_r224_in1k,fp16,webgpu,"mobile home, manufactured home",0.164,2,,,,,,,,,480,640,74.99999999999272
1787920173025,40.02614390,-83.00137409,15.21277652209557,1787920168317,onnx-community/mobilenetv4_conv_small.e2400_r224_in1k,fp16,webgpu,"streetcar, tram, tramcar, trolley, trolley car",0.081,3,,,,,,,,,480,640,74.99999999999272
1787920173785,40.02614390,-83.00137409,15.21277652209557,1787920168317,onnx-community/mobilenetv4_conv_small.e2400_r224_in1k,fp16,webgpu,"streetcar, tram, tramcar, trolley, trolley car",0.488,1,,,,,,,,,480,640,53
1787920173785,40.02614390,-83.00137409,15.21277652209557,1787920168317,onnx-community/mobilenetv4_conv_small.e2400_r224_in1k,fp16,webgpu,"moving van",0.089,2,,,,,,,,,480,640,53
1787920173785,40.02614390,-83.00137409,15.21277652209557,1787920168317,onnx-community/mobilenetv4_conv_small.e2400_r224_in1k,fp16,webgpu,"passenger car, coach, carriage",0.086,3,,,,,,,,,480,640,53
1787920174552,40.02614987,-83.00138306,16.999324230139408,1787920173741,onnx-community/mobilenetv4_conv_small.e2400_r224_in1k,fp16,webgpu,"streetcar, tram, tramcar, trolley, trolley car",0.386,1,,,,,,,,,480,640,52
1787920174552,40.02614987,-83.00138306,16.999324230139408,1787920173741,onnx-community/mobilenetv4_conv_small.e2400_r224_in1k,fp16,webgpu,"mobile home, manufactured home",0.116,2,,,,,,,,,480,640,52
1787920174552,40.02614987,-83.00138306,16.999324230139408,1787920173741,onnx-community/mobilenetv4_conv_small.e2400_r224_in1k,fp16,webgpu,"trailer truck, tractor trailer, trucking rig, rig, articulated lorry, semi",0.069,3,,,,,,,,,480,640,52
1787920175307,40.02614987,-83.00138306,16.999324230139408,1787920173741,onnx-community/mobilenetv4_conv_small.e2400_r224_in1k,fp16,webgpu,"streetcar, tram, tramcar, trolley, trolley car",0.755,1,,,,,,,,,480,640,42
1787920175307,40.02614987,-83.00138306,16.999324230139408,1787920173741,onnx-community/mobilenetv4_conv_small.e2400_r224_in1k,fp16,webgpu,"trolleybus, trolley coach, trackless trolley",0.031,2,,,,,,,,,480,640,42
1787920175307,40.02614987,-83.00138306,16.999324230139408,1787920173741,onnx-community/mobilenetv4_conv_small.e2400_r224_in1k,fp16,webgpu,"passenger car, coach, carriage",0.029,3,,,,,,,,,480,640,42
1787920176040,40.02614987,-83.00138306,16.999324230139408,1787920173741,onnx-community/mobilenetv4_conv_small.e2400_r224_in1k,fp16,webgpu,"streetcar, tram, tramcar, trolley, trolley car",0.514,1,,,,,,,,,480,640,30
1787920176040,40.02614987,-83.00138306,16.999324230139408,1787920173741,onnx-community/mobilenetv4_conv_small.e2400_r224_in1k,fp16,webgpu,"traffic light, traffic signal, stoplight",0.032,2,,,,,,,,,480,640,30
1787920176040,40.02614987,-83.00138306,16.999324230139408,1787920173741,onnx-community/mobilenetv4_conv_small.e2400_r224_in1k,fp16,webgpu,"mobile home, manufactured home",0.022,3,,,,,,,,,480,640,30
1787920176787,40.02614987,-83.00138306,16.999324230139408,1787920173741,onnx-community/mobilenetv4_conv_small.e2400_r224_in1k,fp16,webgpu,"streetcar, tram, tramcar, trolley, trolley car",0.200,1,,,,,,,,,480,640,42
1787920176787,40.02614987,-83.00138306,16.999324230139408,1787920173741,onnx-community/mobilenetv4_conv_small.e2400_r224_in1k,fp16,webgpu,"trailer truck, tractor trailer, trucking rig, rig, articulated lorry, semi",0.158,2,,,,,,,,,480,640,42
1787920176787,40.02614987,-83.00138306,16.999324230139408,1787920173741,onnx-community/mobilenetv4_conv_small.e2400_r224_in1k,fp16,webgpu,"fire engine, fire truck",0.037,3,,,,,,,,,480,640,42
1787920177551,40.02615003,-83.00138333,17.04479741415828,1787920174339,onnx-community/mobilenetv4_conv_small.e2400_r224_in1k,fp16,webgpu,"streetcar, tram, tramcar, trolley, trolley car",0.425,1,,,,,,,,,480,640,55
1787920177551,40.02615003,-83.00138333,17.04479741415828,1787920174339,onnx-community/mobilenetv4_conv_small.e2400_r224_in1k,fp16,webgpu,"minibus",0.048,2,,,,,,,,,480,640,55
1787920177551,40.02615003,-83.00138333,17.04479741415828,1787920174339,onnx-community/mobilenetv4_conv_small.e2400_r224_in1k,fp16,webgpu,"minivan",0.043,3,,,,,,,,,480,640,55
1787920178330,40.02615003,-83.00138333,17.04479741415828,1787920174339,onnx-community/mobilenetv4_conv_small.e2400_r224_in1k,fp16,webgpu,"streetcar, tram, tramcar, trolley, trolley car",0.326,1,,,,,,,,,480,640,69.00000000000728
1787920178330,40.02615003,-83.00138333,17.04479741415828,1787920174339,onnx-community/mobilenetv4_conv_small.e2400_r224_in1k,fp16,webgpu,"trailer truck, tractor trailer, trucking rig, rig, articulated lorry, semi",0.086,2,,,,,,,,,480,640,69.00000000000728
1787920178330,40.02615003,-83.00138333,17.04479741415828,1787920174339,onnx-community/mobilenetv4_conv_small.e2400_r224_in1k,fp16,webgpu,"trolleybus, trolley coach, trackless trolley",0.040,3,,,,,,,,,480,640,69.00000000000728
1787920179113,40.02615003,-83.00138333,17.04479741415828,1787920174339,onnx-community/mobilenetv4_conv_small.e2400_r224_in1k,fp16,webgpu,"streetcar, tram, tramcar, trolley, trolley car",0.359,1,,,,,,,,,480,640,70
1787920179113,40.02615003,-83.00138333,17.04479741415828,1787920174339,onnx-community/mobilenetv4_conv_small.e2400_r224_in1k,fp16,webgpu,"suspension bridge",0.054,2,,,,,,,,,480,640,70
1787920179113,40.02615003,-83.00138333,17.04479741415828,1787920174339,onnx-community/mobilenetv4_conv_small.e2400_r224_in1k,fp16,webgpu,"trailer truck, tractor trailer, trucking rig, rig, articulated lorry, semi",0.049,3,,,,,,,,,480,640,70
1787920179901,40.02615003,-83.00138333,17.04479741415828,1787920174339,onnx-community/mobilenetv4_conv_small.e2400_r224_in1k,fp16,webgpu,"limousine, limo",0.126,1,,,,,,,,,480,640,75.00000000000728
1787920179901,40.02615003,-83.00138333,17.04479741415828,1787920174339,onnx-community/mobilenetv4_conv_small.e2400_r224_in1k,fp16,webgpu,"minivan",0.117,2,,,,,,,,,480,640,75.00000000000728
1787920179901,40.02615003,-83.00138333,17.04479741415828,1787920174339,onnx-community/mobilenetv4_conv_small.e2400_r224_in1k,fp16,webgpu,"tow truck, tow car, wrecker",0.062,3,,,,,,,,,480,640,75.00000000000728
1787920180681,40.02597986,-83.00151999,10.341807640239228,1787920180019,onnx-community/mobilenetv4_conv_small.e2400_r224_in1k,fp16,webgpu,"minivan",0.210,1,,,,,,,,,480,640,73
1787920180681,40.02597986,-83.00151999,10.341807640239228,1787920180019,onnx-community/mobilenetv4_conv_small.e2400_r224_in1k,fp16,webgpu,"cab, hack, taxi, taxicab",0.089,2,,,,,,,,,480,640,73
1787920180681,40.02597986,-83.00151999,10.341807640239228,1787920180019,onnx-community/mobilenetv4_conv_small.e2400_r224_in1k,fp16,webgpu,"minibus",0.087,3,,,,,,,,,480,640,73
1787920181462,40.02597986,-83.00151999,10.341807640239228,1787920180019,onnx-community/mobilenetv4_conv_small.e2400_r224_in1k,fp16,webgpu,"streetcar, tram, tramcar, trolley, trolley car",0.079,1,,,,,,,,,480,640,72
1787920181462,40.02597986,-83.00151999,10.341807640239228,1787920180019,onnx-community/mobilenetv4_conv_small.e2400_r224_in1k,fp16,webgpu,"tow truck, tow car, wrecker",0.068,2,,,,,,,,,480,640,72
1787920181462,40.02597986,-83.00151999,10.341807640239228,1787920180019,onnx-community/mobilenetv4_conv_small.e2400_r224_in1k,fp16,webgpu,"garbage truck, dustcart",0.063,3,,,,,,,,,480,640,72
1787920182234,40.02597986,-83.00151999,10.341807640239228,1787920180019,onnx-community/mobilenetv4_conv_small.e2400_r224_in1k,fp16,webgpu,"streetcar, tram, tramcar, trolley, trolley car",0.145,1,,,,,,,,,480,640,62
1787920182234,40.02597986,-83.00151999,10.341807640239228,1787920180019,onnx-community/mobilenetv4_conv_small.e2400_r224_in1k,fp16,webgpu,"trailer truck, tractor trailer, trucking rig, rig, articulated lorry, semi",0.065,2,,,,,,,,,480,640,62
1787920182234,40.02597986,-83.00151999,10.341807640239228,1787920180019,onnx-community/mobilenetv4_conv_small.e2400_r224_in1k,fp16,webgpu,"suspension bridge",0.052,3,,,,,,,,,480,640,62
1787920183005,40.02597986,-83.00151999,10.341807640239228,1787920180019,onnx-community/mobilenetv4_conv_small.e2400_r224_in1k,fp16,webgpu,"limousine, limo",0.270,1,,,,,,,,,480,640,65
1787920183005,40.02597986,-83.00151999,10.341807640239228,1787920180019,onnx-community/mobilenetv4_conv_small.e2400_r224_in1k,fp16,webgpu,"minivan",0.151,2,,,,,,,,,480,640,65
1787920183005,40.02597986,-83.00151999,10.341807640239228,1787920180019,onnx-community/mobilenetv4_conv_small.e2400_r224_in1k,fp16,webgpu,"trailer truck, tractor trailer, trucking rig, rig, articulated lorry, semi",0.084,3,,,,,,,,,480,640,65
1787920183776,40.02597986,-83.00151999,10.341807640239228,1787920180341,onnx-community/mobilenetv4_conv_small.e2400_r224_in1k,fp16,webgpu,"minivan",0.187,1,,,,,,,,,480,640,54.000000000007276
1787920183776,40.02597986,-83.00151999,10.341807640239228,1787920180341,onnx-community/mobilenetv4_conv_small.e2400_r224_in1k,fp16,webgpu,"streetcar, tram, tramcar, trolley, trolley car",0.112,2,,,,,,,,,480,640,54.000000000007276
1787920183776,40.02597986,-83.00151999,10.341807640239228,1787920180341,onnx-community/mobilenetv4_conv_small.e2400_r224_in1k,fp16,webgpu,"limousine, limo",0.105,3,,,,,,,,,480,640,54.000000000007276
1787920184546,40.02597986,-83.00151999,10.341807640239228,1787920180341,onnx-community/mobilenetv4_conv_small.e2400_r224_in1k,fp16,webgpu,"streetcar, tram, tramcar, trolley, trolley car",0.086,1,,,,,,,,,480,640,59
1787920184546,40.02597986,-83.00151999,10.341807640239228,1787920180341,onnx-community/mobilenetv4_conv_small.e2400_r224_in1k,fp16,webgpu,"minivan",0.084,2,,,,,,,,,480,640,59
1787920184546,40.02597986,-83.00151999,10.341807640239228,1787920180341,onnx-community/mobilenetv4_conv_small.e2400_r224_in1k,fp16,webgpu,"minibus",0.066,3,,,,,,,,,480,640,59
1787920185313,40.02597986,-83.00151999,10.341807640239228,1787920180341,onnx-community/mobilenetv4_conv_small.e2400_r224_in1k,fp16,webgpu,"streetcar, tram, tramcar, trolley, trolley car",0.396,1,,,,,,,,,480,640,59
1787920185313,40.02597986,-83.00151999,10.341807640239228,1787920180341,onnx-community/mobilenetv4_conv_small.e2400_r224_in1k,fp16,webgpu,"trailer truck, tractor trailer, trucking rig, rig, articulated lorry, semi",0.121,2,,,,,,,,,480,640,59
1787920185313,40.02597986,-83.00151999,10.341807640239228,1787920180341,onnx-community/mobilenetv4_conv_small.e2400_r224_in1k,fp16,webgpu,"passenger car, coach, carriage",0.040,3,,,,,,,,,480,640,59
1787920186080,40.02597986,-83.00151999,10.341807640239228,1787920180341,onnx-community/mobilenetv4_conv_small.e2400_r224_in1k,fp16,webgpu,"trailer truck, tractor trailer, trucking rig, rig, articulated lorry, semi",0.200,1,,,,,,,,,480,640,62
1787920186080,40.02597986,-83.00151999,10.341807640239228,1787920180341,onnx-community/mobilenetv4_conv_small.e2400_r224_in1k,fp16,webgpu,"streetcar, tram, tramcar, trolley, trolley car",0.179,2,,,,,,,,,480,640,62
1787920186080,40.02597986,-83.00151999,10.341807640239228,1787920180341,onnx-community/mobilenetv4_conv_small.e2400_r224_in1k,fp16,webgpu,"passenger car, coach, carriage",0.050,3,,,,,,,,,480,640,62
1787920186866,40.02596376,-83.00152896,10.695014,1787920183340,onnx-community/mobilenetv4_conv_small.e2400_r224_in1k,fp16,webgpu,"streetcar, tram, tramcar, trolley, trolley car",0.128,1,,,,,,,,,480,640,81.99999999999272
1787920186866,40.02596376,-83.00152896,10.695014,1787920183340,onnx-community/mobilenetv4_conv_small.e2400_r224_in1k,fp16,webgpu,"limousine, limo",0.118,2,,,,,,,,,480,640,81.99999999999272
1787920186866,40.02596376,-83.00152896,10.695014,1787920183340,onnx-community/mobilenetv4_conv_small.e2400_r224_in1k,fp16,webgpu,"minivan",0.097,3,,,,,,,,,480,640,81.99999999999272
1787920187654,40.02596376,-83.00152896,10.695014,1787920183340,onnx-community/mobilenetv4_conv_small.e2400_r224_in1k,fp16,webgpu,"streetcar, tram, tramcar, trolley, trolley car",0.278,1,,,,,,,,,480,640,73
1787920187654,40.02596376,-83.00152896,10.695014,1787920183340,onnx-community/mobilenetv4_conv_small.e2400_r224_in1k,fp16,webgpu,"traffic light, traffic signal, stoplight",0.056,2,,,,,,,,,480,640,73
1787920187654,40.02596376,-83.00152896,10.695014,1787920183340,onnx-community/mobilenetv4_conv_small.e2400_r224_in1k,fp16,webgpu,"police van, police wagon, paddy wagon, patrol wagon, wagon, black Maria",0.051,3,,,,,,,,,480,640,73
1787920188446,40.02596376,-83.00152896,10.695014,1787920183340,onnx-community/mobilenetv4_conv_small.e2400_r224_in1k,fp16,webgpu,"streetcar, tram, tramcar, trolley, trolley car",0.286,1,,,,,,,,,480,640,80
1787920188446,40.02596376,-83.00152896,10.695014,1787920183340,onnx-community/mobilenetv4_conv_small.e2400_r224_in1k,fp16,webgpu,"trailer truck, tractor trailer, trucking rig, rig, articulated lorry, semi",0.125,2,,,,,,,,,480,640,80
1787920188446,40.02596376,-83.00152896,10.695014,1787920183340,onnx-community/mobilenetv4_conv_small.e2400_r224_in1k,fp16,webgpu,"passenger car, coach, carriage",0.039,3,,,,,,,,,480,640,80
1787920189228,40.02596376,-83.00152896,10.695014,1787920183340,onnx-community/mobilenetv4_conv_small.e2400_r224_in1k,fp16,webgpu,"trailer truck, tractor trailer, trucking rig, rig, articulated lorry, semi",0.224,1,,,,,,,,,480,640,60
1787920189228,40.02596376,-83.00152896,10.695014,1787920183340,onnx-community/mobilenetv4_conv_small.e2400_r224_in1k,fp16,webgpu,"streetcar, tram, tramcar, trolley, trolley car",0.097,2,,,,,,,,,480,640,60
1787920189228,40.02596376,-83.00152896,10.695014,1787920183340,onnx-community/mobilenetv4_conv_small.e2400_r224_in1k,fp16,webgpu,"mobile home, manufactured home",0.053,3,,,,,,,,,480,640,60
1787920190007,40.02595381,-83.00152971,11.895014000000002,1787920186341,onnx-community/mobilenetv4_conv_small.e2400_r224_in1k,fp16,webgpu,"streetcar, tram, tramcar, trolley, trolley car",0.235,1,,,,,,,,,480,640,76
1787920190007,40.02595381,-83.00152971,11.895014000000002,1787920186341,onnx-community/mobilenetv4_conv_small.e2400_r224_in1k,fp16,webgpu,"trailer truck, tractor trailer, trucking rig, rig, articulated lorry, semi",0.172,2,,,,,,,,,480,640,76
1787920190007,40.02595381,-83.00152971,11.895014000000002,1787920186341,onnx-community/mobilenetv4_conv_small.e2400_r224_in1k,fp16,webgpu,"minivan",0.057,3,,,,,,,,,480,640,76
1787920190790,40.02595381,-83.00152971,11.895014000000002,1787920186341,onnx-community/mobilenetv4_conv_small.e2400_r224_in1k,fp16,webgpu,"garbage truck, dustcart",0.150,1,,,,,,,,,480,640,77.00000000000728
1787920190790,40.02595381,-83.00152971,11.895014000000002,1787920186341,onnx-community/mobilenetv4_conv_small.e2400_r224_in1k,fp16,webgpu,"tow truck, tow car, wrecker",0.137,2,,,,,,,,,480,640,77.00000000000728
1787920190790,40.02595381,-83.00152971,11.895014000000002,1787920186341,onnx-community/mobilenetv4_conv_small.e2400_r224_in1k,fp16,webgpu,"streetcar, tram, tramcar, trolley, trolley car",0.083,3,,,,,,,,,480,640,77.00000000000728
1787920191570,40.02595381,-83.00152971,11.895014000000002,1787920186341,onnx-community/mobilenetv4_conv_small.e2400_r224_in1k,fp16,webgpu,"streetcar, tram, tramcar, trolley, trolley car",0.250,1,,,,,,,,,480,640,75
1787920191570,40.02595381,-83.00152971,11.895014000000002,1787920186341,onnx-community/mobilenetv4_conv_small.e2400_r224_in1k,fp16,webgpu,"trailer truck, tractor trailer, trucking rig, rig, articulated lorry, semi",0.201,2,,,,,,,,,480,640,75
1787920191570,40.02595381,-83.00152971,11.895014000000002,1787920186341,onnx-community/mobilenetv4_conv_small.e2400_r224_in1k,fp16,webgpu,"garbage truck, dustcart",0.080,3,,,,,,,,,480,640,75
1787920192356,40.02592879,-83.00150028,12.345035797846286,1787920189374,onnx-community/mobilenetv4_conv_small.e2400_r224_in1k,fp16,webgpu,"streetcar, tram, tramcar, trolley, trolley car",0.317,1,,,,,,,,,480,640,79
1787920192356,40.02592879,-83.00150028,12.345035797846286,1787920189374,onnx-community/mobilenetv4_conv_small.e2400_r224_in1k,fp16,webgpu,"trailer truck, tractor trailer, trucking rig, rig, articulated lorry, semi",0.170,2,,,,,,,,,480,640,79
1787920192356,40.02592879,-83.00150028,12.345035797846286,1787920189374,onnx-community/mobilenetv4_conv_small.e2400_r224_in1k,fp16,webgpu,"passenger car, coach, carriage",0.095,3,,,,,,,,,480,640,79
1787920193154,40.02592879,-83.00150028,12.345035797846286,1787920189374,onnx-community/mobilenetv4_conv_small.e2400_r224_in1k,fp16,webgpu,"trailer truck, tractor trailer, trucking rig, rig, articulated lorry, semi",0.130,1,,,,,,,,,480,640,77.99999999998545
1787920193154,40.02592879,-83.00150028,12.345035797846286,1787920189374,onnx-community/mobilenetv4_conv_small.e2400_r224_in1k,fp16,webgpu,"traffic light, traffic signal, stoplight",0.086,2,,,,,,,,,480,640,77.99999999998545
1787920193154,40.02592879,-83.00150028,12.345035797846286,1787920189374,onnx-community/mobilenetv4_conv_small.e2400_r224_in1k,fp16,webgpu,"minivan",0.071,3,,,,,,,,,480,640,77.99999999998545
1787920193934,40.02592879,-83.00150028,12.345035797846286,1787920189374,onnx-community/mobilenetv4_conv_small.e2400_r224_in1k,fp16,webgpu,"streetcar, tram, tramcar, trolley, trolley car",0.125,1,,,,,,,,,480,640,74
1787920193934,40.02592879,-83.00150028,12.345035797846286,1787920189374,onnx-community/mobilenetv4_conv_small.e2400_r224_in1k,fp16,webgpu,"trailer truck, tractor trailer, trucking rig, rig, articulated lorry, semi",0.110,2,,,,,,,,,480,640,74
1787920193934,40.02592879,-83.00150028,12.345035797846286,1787920189374,onnx-community/mobilenetv4_conv_small.e2400_r224_in1k,fp16,webgpu,"traffic light, traffic signal, stoplight",0.050,3,,,,,,,,,480,640,74
1787920194715,40.02592879,-83.00150028,12.345035797846286,1787920189374,onnx-community/mobilenetv4_conv_small.e2400_r224_in1k,fp16,webgpu,"trailer truck, tractor trailer, trucking rig, rig, articulated lorry, semi",0.057,1,,,,,,,,,480,640,74
1787920194715,40.02592879,-83.00150028,12.345035797846286,1787920189374,onnx-community/mobilenetv4_conv_small.e2400_r224_in1k,fp16,webgpu,"traffic light, traffic signal, stoplight",0.037,2,,,,,,,,,480,640,74
1787920194715,40.02592879,-83.00150028,12.345035797846286,1787920189374,onnx-community/mobilenetv4_conv_small.e2400_r224_in1k,fp16,webgpu,"cinema, movie theater, movie theatre, movie house, picture palace",0.027,3,,,,,,,,,480,640,74
1787920195497,40.02588372,-83.00149536,13.367460648793426,1787920194172,onnx-community/mobilenetv4_conv_small.e2400_r224_in1k,fp16,webgpu,"trailer truck, tractor trailer, trucking rig, rig, articulated lorry, semi",0.189,1,,,,,,,,,480,640,74
1787920195497,40.02588372,-83.00149536,13.367460648793426,1787920194172,onnx-community/mobilenetv4_conv_small.e2400_r224_in1k,fp16,webgpu,"traffic light, traffic signal, stoplight",0.066,2,,,,,,,,,480,640,74
1787920195497,40.02588372,-83.00149536,13.367460648793426,1787920194172,onnx-community/mobilenetv4_conv_small.e2400_r224_in1k,fp16,webgpu,"aircraft carrier, carrier, flattop, attack aircraft carrier",0.037,3,,,,,,,,,480,640,74
1787920196282,40.02588372,-83.00149536,13.367460648793426,1787920194172,onnx-community/mobilenetv4_conv_small.e2400_r224_in1k,fp16,webgpu,"trailer truck, tractor trailer, trucking rig, rig, articulated lorry, semi",0.105,1,,,,,,,,,480,640,76
1787920196282,40.02588372,-83.00149536,13.367460648793426,1787920194172,onnx-community/mobilenetv4_conv_small.e2400_r224_in1k,fp16,webgpu,"traffic light, traffic signal, stoplight",0.061,2,,,,,,,,,480,640,76
1787920196282,40.02588372,-83.00149536,13.367460648793426,1787920194172,onnx-community/mobilenetv4_conv_small.e2400_r224_in1k,fp16,webgpu,"suspension bridge",0.046,3,,,,,,,,,480,640,76
1787920197061,40.02588372,-83.00149536,13.367460648793426,1787920194172,onnx-community/mobilenetv4_conv_small.e2400_r224_in1k,fp16,webgpu,"trailer truck, tractor trailer, trucking rig, rig, articulated lorry, semi",0.370,1,,,,,,,,,480,640,73
1787920197061,40.02588372,-83.00149536,13.367460648793426,1787920194172,onnx-community/mobilenetv4_conv_small.e2400_r224_in1k,fp16,webgpu,"traffic light, traffic signal, stoplight",0.040,2,,,,,,,,,480,640,73
1787920197061,40.02588372,-83.00149536,13.367460648793426,1787920194172,onnx-community/mobilenetv4_conv_small.e2400_r224_in1k,fp16,webgpu,"streetcar, tram, tramcar, trolley, trolley car",0.033,3,,,,,,,,,480,640,73
1787920197846,40.02588372,-83.00149536,13.367460648793426,1787920194172,onnx-community/mobilenetv4_conv_small.e2400_r224_in1k,fp16,webgpu,"trailer truck, tractor trailer, trucking rig, rig, articulated lorry, semi",0.091,1,,,,,,,,,480,640,75
1787920197846,40.02588372,-83.00149536,13.367460648793426,1787920194172,onnx-community/mobilenetv4_conv_small.e2400_r224_in1k,fp16,webgpu,"traffic light, traffic signal, stoplight",0.079,2,,,,,,,,,480,640,75
1787920197846,40.02588372,-83.00149536,13.367460648793426,1787920194172,onnx-community/mobilenetv4_conv_small.e2400_r224_in1k,fp16,webgpu,"viaduct",0.071,3,,,,,,,,,480,640,75
1787920198624,40.02584801,-83.00149103,12.842654302502703,1787920195361,onnx-community/mobilenetv4_conv_small.e2400_r224_in1k,fp16,webgpu,"traffic light, traffic signal, stoplight",0.117,1,,,,,,,,,480,640,72.00000000001455
1787920198624,40.02584801,-83.00149103,12.842654302502703,1787920195361,onnx-community/mobilenetv4_conv_small.e2400_r224_in1k,fp16,webgpu,"streetcar, tram, tramcar, trolley, trolley car",0.107,2,,,,,,,,,480,640,72.00000000001455
1787920198624,40.02584801,-83.00149103,12.842654302502703,1787920195361,onnx-community/mobilenetv4_conv_small.e2400_r224_in1k,fp16,webgpu,"viaduct",0.070,3,,,,,,,,,480,640,72.00000000001455
1787920199411,40.02584801,-83.00149103,12.842654302502703,1787920195361,onnx-community/mobilenetv4_conv_small.e2400_r224_in1k,fp16,webgpu,"trailer truck, tractor trailer, trucking rig, rig, articulated lorry, semi",0.136,1,,,,,,,,,480,640,75
1787920199411,40.02584801,-83.00149103,12.842654302502703,1787920195361,onnx-community/mobilenetv4_conv_small.e2400_r224_in1k,fp16,webgpu,"traffic light, traffic signal, stoplight",0.057,2,,,,,,,,,480,640,75
1787920199411,40.02584801,-83.00149103,12.842654302502703,1787920195361,onnx-community/mobilenetv4_conv_small.e2400_r224_in1k,fp16,webgpu,"streetcar, tram, tramcar, trolley, trolley car",0.047,3,,,,,,,,,480,640,75
1787920200198,40.02584801,-83.00149103,12.842654302502703,1787920195361,onnx-community/mobilenetv4_conv_small.e2400_r224_in1k,fp16,webgpu,"traffic light, traffic signal, stoplight",0.064,1,,,,,,,,,480,640,78
1787920200198,40.02584801,-83.00149103,12.842654302502703,1787920195361,onnx-community/mobilenetv4_conv_small.e2400_r224_in1k,fp16,webgpu,"streetcar, tram, tramcar, trolley, trolley car",0.052,2,,,,,,,,,480,640,78
1787920200198,40.02584801,-83.00149103,12.842654302502703,1787920195361,onnx-community/mobilenetv4_conv_small.e2400_r224_in1k,fp16,webgpu,"trailer truck, tractor trailer, trucking rig, rig, articulated lorry, semi",0.042,3,,,,,,,,,480,640,78
1787920200977,40.02584801,-83.00149103,12.842654302502703,1787920195361,onnx-community/mobilenetv4_conv_small.e2400_r224_in1k,fp16,webgpu,"trailer truck, tractor trailer, trucking rig, rig, articulated lorry, semi",0.173,1,,,,,,,,,480,640,76
1787920200977,40.02584801,-83.00149103,12.842654302502703,1787920195361,onnx-community/mobilenetv4_conv_small.e2400_r224_in1k,fp16,webgpu,"viaduct",0.087,2,,,,,,,,,480,640,76
1787920200977,40.02584801,-83.00149103,12.842654302502703,1787920195361,onnx-community/mobilenetv4_conv_small.e2400_r224_in1k,fp16,webgpu,"mailbox, letter box",0.038,3,,,,,,,,,480,640,76
1787920201758,40.02579506,-83.00149000,12.660966423493972,1787920198364,onnx-community/mobilenetv4_conv_small.e2400_r224_in1k,fp16,webgpu,"trailer truck, tractor trailer, trucking rig, rig, articulated lorry, semi",0.074,1,,,,,,,,,480,640,74.00000000001455
1787920201758,40.02579506,-83.00149000,12.660966423493972,1787920198364,onnx-community/mobilenetv4_conv_small.e2400_r224_in1k,fp16,webgpu,"traffic light, traffic signal, stoplight",0.050,2,,,,,,,,,480,640,74.00000000001455
1787920201758,40.02579506,-83.00149000,12.660966423493972,1787920198364,onnx-community/mobilenetv4_conv_small.e2400_r224_in1k,fp16,webgpu,"streetcar, tram, tramcar, trolley, trolley car",0.046,3,,,,,,,,,480,640,74.00000000001455
1787920202538,40.02579506,-83.00149000,12.660966423493972,1787920198364,onnx-community/mobilenetv4_conv_small.e2400_r224_in1k,fp16,webgpu,"streetcar, tram, tramcar, trolley, trolley car",0.120,1,,,,,,,,,480,640,71
1787920202538,40.02579506,-83.00149000,12.660966423493972,1787920198364,onnx-community/mobilenetv4_conv_small.e2400_r224_in1k,fp16,webgpu,"trailer truck, tractor trailer, trucking rig, rig, articulated lorry, semi",0.112,2,,,,,,,,,480,640,71
1787920202538,40.02579506,-83.00149000,12.660966423493972,1787920198364,onnx-community/mobilenetv4_conv_small.e2400_r224_in1k,fp16,webgpu,"passenger car, coach, carriage",0.045,3,,,,,,,,,480,640,71
1787920203324,40.02579506,-83.00149000,12.660966423493972,1787920198364,onnx-community/mobilenetv4_conv_small.e2400_r224_in1k,fp16,webgpu,"trailer truck, tractor trailer, trucking rig, rig, articulated lorry, semi",0.092,1,,,,,,,,,480,640,74.99999999998545
1787920203324,40.02579506,-83.00149000,12.660966423493972,1787920198364,onnx-community/mobilenetv4_conv_small.e2400_r224_in1k,fp16,webgpu,"suspension bridge",0.077,2,,,,,,,,,480,640,74.99999999998545
1787920203324,40.02579506,-83.00149000,12.660966423493972,1787920198364,onnx-community/mobilenetv4_conv_small.e2400_r224_in1k,fp16,webgpu,"streetcar, tram, tramcar, trolley, trolley car",0.067,3,,,,,,,,,480,640,74.99999999998545
1787920204106,40.02579506,-83.00149000,12.660966423493972,1787920198364,onnx-community/mobilenetv4_conv_small.e2400_r224_in1k,fp16,webgpu,"streetcar, tram, tramcar, trolley, trolley car",0.145,1,,,,,,,,,480,640,74
1787920204106,40.02579506,-83.00149000,12.660966423493972,1787920198364,onnx-community/mobilenetv4_conv_small.e2400_r224_in1k,fp16,webgpu,"suspension bridge",0.066,2,,,,,,,,,480,640,74
1787920204106,40.02579506,-83.00149000,12.660966423493972,1787920198364,onnx-community/mobilenetv4_conv_small.e2400_r224_in1k,fp16,webgpu,"traffic light, traffic signal, stoplight",0.048,3,,,,,,,,,480,640,74
1787920204893,40.02576827,-83.00148835,12.66569379350612,1787920201960,onnx-community/mobilenetv4_conv_small.e2400_r224_in1k,fp16,webgpu,"streetcar, tram, tramcar, trolley, trolley car",0.179,1,,,,,,,,,480,640,78.00000000001455
1787920204893,40.02576827,-83.00148835,12.66569379350612,1787920201960,onnx-community/mobilenetv4_conv_small.e2400_r224_in1k,fp16,webgpu,"traffic light, traffic signal, stoplight",0.075,2,,,,,,,,,480,640,78.00000000001455
1787920204893,40.02576827,-83.00148835,12.66569379350612,1787920201960,onnx-community/mobilenetv4_conv_small.e2400_r224_in1k,fp16,webgpu,"trailer truck, tractor trailer, trucking rig, rig, articulated lorry, semi",0.039,3,,,,,,,,,480,640,78.00000000001455
1787920205662,40.02576827,-83.00148835,12.66569379350612,1787920201960,onnx-community/mobilenetv4_conv_small.e2400_r224_in1k,fp16,webgpu,"streetcar, tram, tramcar, trolley, trolley car",0.317,1,,,,,,,,,480,640,65
1787920205662,40.02576827,-83.00148835,12.66569379350612,1787920201960,onnx-community/mobilenetv4_conv_small.e2400_r224_in1k,fp16,webgpu,"traffic light, traffic signal, stoplight",0.060,2,,,,,,,,,480,640,65
1787920205662,40.02576827,-83.00148835,12.66569379350612,1787920201960,onnx-community/mobilenetv4_conv_small.e2400_r224_in1k,fp16,webgpu,"trailer truck, tractor trailer, trucking rig, rig, articulated lorry, semi",0.053,3,,,,,,,,,480,640,65
1787920206448,40.02576827,-83.00148835,12.66569379350612,1787920201960,onnx-community/mobilenetv4_conv_small.e2400_r224_in1k,fp16,webgpu,"streetcar, tram, tramcar, trolley, trolley car",0.407,1,,,,,,,,,480,640,70
1787920206448,40.02576827,-83.00148835,12.66569379350612,1787920201960,onnx-community/mobilenetv4_conv_small.e2400_r224_in1k,fp16,webgpu,"trailer truck, tractor trailer, trucking rig, rig, articulated lorry, semi",0.049,2,,,,,,,,,480,640,70
1787920206448,40.02576827,-83.00148835,12.66569379350612,1787920201960,onnx-community/mobilenetv4_conv_small.e2400_r224_in1k,fp16,webgpu,"traffic light, traffic signal, stoplight",0.047,3,,,,,,,,,480,640,70
1787920207229,40.02576827,-83.00148835,12.66569379350612,1787920201960,onnx-community/mobilenetv4_conv_small.e2400_r224_in1k,fp16,webgpu,"streetcar, tram, tramcar, trolley, trolley car",0.413,1,,,,,,,,,480,640,69
1787920207229,40.02576827,-83.00148835,12.66569379350612,1787920201960,onnx-community/mobilenetv4_conv_small.e2400_r224_in1k,fp16,webgpu,"suspension bridge",0.054,2,,,,,,,,,480,640,69
1787920207229,40.02576827,-83.00148835,12.66569379350612,1787920201960,onnx-community/mobilenetv4_conv_small.e2400_r224_in1k,fp16,webgpu,"viaduct",0.030,3,,,,,,,,,480,640,69
1787920208018,40.02576474,-83.00148854,14.68927771065683,1787920204376,onnx-community/mobilenetv4_conv_small.e2400_r224_in1k,fp16,webgpu,"streetcar, tram, tramcar, trolley, trolley car",0.437,1,,,,,,,,,480,640,74
1787920208018,40.02576474,-83.00148854,14.68927771065683,1787920204376,onnx-community/mobilenetv4_conv_small.e2400_r224_in1k,fp16,webgpu,"trailer truck, tractor trailer, trucking rig, rig, articulated lorry, semi",0.053,2,,,,,,,,,480,640,74
1787920208018,40.02576474,-83.00148854,14.68927771065683,1787920204376,onnx-community/mobilenetv4_conv_small.e2400_r224_in1k,fp16,webgpu,"traffic light, traffic signal, stoplight",0.048,3,,,,,,,,,480,640,74
1787920208804,40.02576474,-83.00148854,14.68927771065683,1787920204376,onnx-community/mobilenetv4_conv_small.e2400_r224_in1k,fp16,webgpu,"tow truck, tow car, wrecker",0.117,1,,,,,,,,,480,640,78
1787920208804,40.02576474,-83.00148854,14.68927771065683,1787920204376,onnx-community/mobilenetv4_conv_small.e2400_r224_in1k,fp16,webgpu,"trailer truck, tractor trailer, trucking rig, rig, articulated lorry, semi",0.094,2,,,,,,,,,480,640,78
1787920208804,40.02576474,-83.00148854,14.68927771065683,1787920204376,onnx-community/mobilenetv4_conv_small.e2400_r224_in1k,fp16,webgpu,"garbage truck, dustcart",0.087,3,,,,,,,,,480,640,78
1787920209586,40.02576474,-83.00148854,14.68927771065683,1787920204376,onnx-community/mobilenetv4_conv_small.e2400_r224_in1k,fp16,webgpu,"garbage truck, dustcart",0.232,1,,,,,,,,,480,640,77
1787920209586,40.02576474,-83.00148854,14.68927771065683,1787920204376,onnx-community/mobilenetv4_conv_small.e2400_r224_in1k,fp16,webgpu,"streetcar, tram, tramcar, trolley, trolley car",0.205,2,,,,,,,,,480,640,77
1787920209586,40.02576474,-83.00148854,14.68927771065683,1787920204376,onnx-community/mobilenetv4_conv_small.e2400_r224_in1k,fp16,webgpu,"trailer truck, tractor trailer, trucking rig, rig, articulated lorry, semi",0.052,3,,,,,,,,,480,640,77
1787920210367,40.02576474,-83.00148854,14.68927771065683,1787920204376,onnx-community/mobilenetv4_conv_small.e2400_r224_in1k,fp16,webgpu,"streetcar, tram, tramcar, trolley, trolley car",0.101,1,,,,,,,,,480,640,76
1787920210367,40.02576474,-83.00148854,14.68927771065683,1787920204376,onnx-community/mobilenetv4_conv_small.e2400_r224_in1k,fp16,webgpu,"traffic light, traffic signal, stoplight",0.068,2,,,,,,,,,480,640,76
1787920210367,40.02576474,-83.00148854,14.68927771065683,1787920204376,onnx-community/mobilenetv4_conv_small.e2400_r224_in1k,fp16,webgpu,"garbage truck, dustcart",0.056,3,,,,,,,,,480,640,76
1787920211147,40.02573755,-83.00148549,13.731631680790652,1787920208036,onnx-community/mobilenetv4_conv_small.e2400_r224_in1k,fp16,webgpu,"ambulance",0.101,1,,,,,,,,,480,640,73
1787920211147,40.02573755,-83.00148549,13.731631680790652,1787920208036,onnx-community/mobilenetv4_conv_small.e2400_r224_in1k,fp16,webgpu,"limousine, limo",0.091,2,,,,,,,,,480,640,73
1787920211147,40.02573755,-83.00148549,13.731631680790652,1787920208036,onnx-community/mobilenetv4_conv_small.e2400_r224_in1k,fp16,webgpu,"trolleybus, trolley coach, trackless trolley",0.089,3,,,,,,,,,480,640,73
1787920211924,40.02573755,-83.00148549,13.731631680790652,1787920208036,onnx-community/mobilenetv4_conv_small.e2400_r224_in1k,fp16,webgpu,"traffic light, traffic signal, stoplight",0.174,1,,,,,,,,,480,640,70
1787920211924,40.02573755,-83.00148549,13.731631680790652,1787920208036,onnx-community/mobilenetv4_conv_small.e2400_r224_in1k,fp16,webgpu,"minivan",0.104,2,,,,,,,,,480,640,70
1787920211924,40.02573755,-83.00148549,13.731631680790652,1787920208036,onnx-community/mobilenetv4_conv_small.e2400_r224_in1k,fp16,webgpu,"streetcar, tram, tramcar, trolley, trolley car",0.067,3,,,,,,,,,480,640,70
1787920212707,40.02573755,-83.00148549,13.731631680790652,1787920208036,onnx-community/mobilenetv4_conv_small.e2400_r224_in1k,fp16,webgpu,"traffic light, traffic signal, stoplight",0.142,1,,,,,,,,,480,640,69
1787920212707,40.02573755,-83.00148549,13.731631680790652,1787920208036,onnx-community/mobilenetv4_conv_small.e2400_r224_in1k,fp16,webgpu,"minivan",0.083,2,,,,,,,,,480,640,69
1787920212707,40.02573755,-83.00148549,13.731631680790652,1787920208036,onnx-community/mobilenetv4_conv_small.e2400_r224_in1k,fp16,webgpu,"streetcar, tram, tramcar, trolley, trolley car",0.060,3,,,,,,,,,480,640,69
1787920213488,40.02573640,-83.00148627,16.82823126946587,1787920213146,onnx-community/mobilenetv4_conv_small.e2400_r224_in1k,fp16,webgpu,"streetcar, tram, tramcar, trolley, trolley car",0.185,1,,,,,,,,,480,640,69
1787920213488,40.02573640,-83.00148627,16.82823126946587,1787920213146,onnx-community/mobilenetv4_conv_small.e2400_r224_in1k,fp16,webgpu,"mobile home, manufactured home",0.114,2,,,,,,,,,480,640,69
1787920213488,40.02573640,-83.00148627,16.82823126946587,1787920213146,onnx-community/mobilenetv4_conv_small.e2400_r224_in1k,fp16,webgpu,"recreational vehicle, RV, R.V.",0.076,3,,,,,,,,,480,640,69
1787920214269,40.02573640,-83.00148627,16.82823126946587,1787920213146,onnx-community/mobilenetv4_conv_small.e2400_r224_in1k,fp16,webgpu,"tow truck, tow car, wrecker",0.103,1,,,,,,,,,480,640,65
1787920214269,40.02573640,-83.00148627,16.82823126946587,1787920213146,onnx-community/mobilenetv4_conv_small.e2400_r224_in1k,fp16,webgpu,"minivan",0.096,2,,,,,,,,,480,640,65
1787920214269,40.02573640,-83.00148627,16.82823126946587,1787920213146,onnx-community/mobilenetv4_conv_small.e2400_r224_in1k,fp16,webgpu,"limousine, limo",0.078,3,,,,,,,,,480,640,65
1787920215056,40.02573640,-83.00148627,16.82823126946587,1787920213146,onnx-community/mobilenetv4_conv_small.e2400_r224_in1k,fp16,webgpu,"limousine, limo",0.299,1,,,,,,,,,480,640,71.99999999998545
1787920215056,40.02573640,-83.00148627,16.82823126946587,1787920213146,onnx-community/mobilenetv4_conv_small.e2400_r224_in1k,fp16,webgpu,"convertible",0.087,2,,,,,,,,,480,640,71.99999999998545
1787920215056,40.02573640,-83.00148627,16.82823126946587,1787920213146,onnx-community/mobilenetv4_conv_small.e2400_r224_in1k,fp16,webgpu,"minivan",0.080,3,,,,,,,,,480,640,71.99999999998545
1787920215842,40.02573640,-83.00148627,16.82823126946587,1787920213146,onnx-community/mobilenetv4_conv_small.e2400_r224_in1k,fp16,webgpu,"limousine, limo",0.345,1,,,,,,,,,480,640,73
1787920215842,40.02573640,-83.00148627,16.82823126946587,1787920213146,onnx-community/mobilenetv4_conv_small.e2400_r224_in1k,fp16,webgpu,"minivan",0.219,2,,,,,,,,,480,640,73
1787920215842,40.02573640,-83.00148627,16.82823126946587,1787920213146,onnx-community/mobilenetv4_conv_small.e2400_r224_in1k,fp16,webgpu,"ambulance",0.031,3,,,,,,,,,480,640,73
1787920216614,40.02565887,-83.00148313,13.829130169591748,1787920215408,onnx-community/mobilenetv4_conv_small.e2400_r224_in1k,fp16,webgpu,"minivan",0.250,1,,,,,,,,,480,640,61
1787920216614,40.02565887,-83.00148313,13.829130169591748,1787920215408,onnx-community/mobilenetv4_conv_small.e2400_r224_in1k,fp16,webgpu,"ambulance",0.122,2,,,,,,,,,480,640,61
1787920216614,40.02565887,-83.00148313,13.829130169591748,1787920215408,onnx-community/mobilenetv4_conv_small.e2400_r224_in1k,fp16,webgpu,"limousine, limo",0.065,3,,,,,,,,,480,640,61
1787920217406,40.02565887,-83.00148313,13.829130169591748,1787920215408,onnx-community/mobilenetv4_conv_small.e2400_r224_in1k,fp16,webgpu,"minivan",0.303,1,,,,,,,,,480,640,73
1787920217406,40.02565887,-83.00148313,13.829130169591748,1787920215408,onnx-community/mobilenetv4_conv_small.e2400_r224_in1k,fp16,webgpu,"ambulance",0.065,2,,,,,,,,,480,640,73
1787920217406,40.02565887,-83.00148313,13.829130169591748,1787920215408,onnx-community/mobilenetv4_conv_small.e2400_r224_in1k,fp16,webgpu,"cab, hack, taxi, taxicab",0.060,3,,,,,,,,,480,640,73
1787920218187,40.02565887,-83.00148313,13.829130169591748,1787920215408,onnx-community/mobilenetv4_conv_small.e2400_r224_in1k,fp16,webgpu,"ambulance",0.140,1,,,,,,,,,480,640,72
1787920218187,40.02565887,-83.00148313,13.829130169591748,1787920215408,onnx-community/mobilenetv4_conv_small.e2400_r224_in1k,fp16,webgpu,"minivan",0.104,2,,,,,,,,,480,640,72
1787920218187,40.02565887,-83.00148313,13.829130169591748,1787920215408,onnx-community/mobilenetv4_conv_small.e2400_r224_in1k,fp16,webgpu,"cab, hack, taxi, taxicab",0.080,3,,,,,,,,,480,640,72
1787920218971,40.02565887,-83.00148313,13.829130169591748,1787920215408,onnx-community/mobilenetv4_conv_small.e2400_r224_in1k,fp16,webgpu,"minivan",0.210,1,,,,,,,,,480,640,72.99999999998545
1787920218971,40.02565887,-83.00148313,13.829130169591748,1787920215408,onnx-community/mobilenetv4_conv_small.e2400_r224_in1k,fp16,webgpu,"cab, hack, taxi, taxicab",0.116,2,,,,,,,,,480,640,72.99999999998545
1787920218971,40.02565887,-83.00148313,13.829130169591748,1787920215408,onnx-community/mobilenetv4_conv_small.e2400_r224_in1k,fp16,webgpu,"ambulance",0.092,3,,,,,,,,,480,640,72.99999999998545
1787920219757,40.02565811,-83.00148312,14.120685709345567,1787920216389,onnx-community/mobilenetv4_conv_small.e2400_r224_in1k,fp16,webgpu,"limousine, limo",0.172,1,,,,,,,,,480,640,76
1787920219757,40.02565811,-83.00148312,14.120685709345567,1787920216389,onnx-community/mobilenetv4_conv_small.e2400_r224_in1k,fp16,webgpu,"trolleybus, trolley coach, trackless trolley",0.130,2,,,,,,,,,480,640,76
1787920219757,40.02565811,-83.00148312,14.120685709345567,1787920216389,onnx-community/mobilenetv4_conv_small.e2400_r224_in1k,fp16,webgpu,"ambulance",0.072,3,,,,,,,,,480,640,76
1787920220541,40.02565811,-83.00148312,14.120685709345567,1787920216389,onnx-community/mobilenetv4_conv_small.e2400_r224_in1k,fp16,webgpu,"minivan",0.267,1,,,,,,,,,480,640,78
1787920220541,40.02565811,-83.00148312,14.120685709345567,1787920216389,onnx-community/mobilenetv4_conv_small.e2400_r224_in1k,fp16,webgpu,"traffic light, traffic signal, stoplight",0.126,2,,,,,,,,,480,640,78
1787920220541,40.02565811,-83.00148312,14.120685709345567,1787920216389,onnx-community/mobilenetv4_conv_small.e2400_r224_in1k,fp16,webgpu,"cab, hack, taxi, taxicab",0.089,3,,,,,,,,,480,640,78
1787920221319,40.02565811,-83.00148312,14.120685709345567,1787920216389,onnx-community/mobilenetv4_conv_small.e2400_r224_in1k,fp16,webgpu,"limousine, limo",0.222,1,,,,,,,,,480,640,72.99999999998545
1787920221319,40.02565811,-83.00148312,14.120685709345567,1787920216389,onnx-community/mobilenetv4_conv_small.e2400_r224_in1k,fp16,webgpu,"traffic light, traffic signal, stoplight",0.117,2,,,,,,,,,480,640,72.99999999998545
1787920221319,40.02565811,-83.00148312,14.120685709345567,1787920216389,onnx-community/mobilenetv4_conv_small.e2400_r224_in1k,fp16,webgpu,"minivan",0.102,3,,,,,,,,,480,640,72.99999999998545
1787920222097,40.02565811,-83.00148312,14.120685709345567,1787920216389,onnx-community/mobilenetv4_conv_small.e2400_r224_in1k,fp16,webgpu,"limousine, limo",0.411,1,,,,,,,,,480,640,70
1787920222097,40.02565811,-83.00148312,14.120685709345567,1787920216389,onnx-community/mobilenetv4_conv_small.e2400_r224_in1k,fp16,webgpu,"convertible",0.081,2,,,,,,,,,480,640,70
1787920222097,40.02565811,-83.00148312,14.120685709345567,1787920216389,onnx-community/mobilenetv4_conv_small.e2400_r224_in1k,fp16,webgpu,"cab, hack, taxi, taxicab",0.074,3,,,,,,,,,480,640,70
1787920222884,40.02565817,-83.00148312,16.395014,1787920222353,onnx-community/mobilenetv4_conv_small.e2400_r224_in1k,fp16,webgpu,"limousine, limo",0.365,1,,,,,,,,,480,640,73
1787920222884,40.02565817,-83.00148312,16.395014,1787920222353,onnx-community/mobilenetv4_conv_small.e2400_r224_in1k,fp16,webgpu,"minivan",0.111,2,,,,,,,,,480,640,73
1787920222884,40.02565817,-83.00148312,16.395014,1787920222353,onnx-community/mobilenetv4_conv_small.e2400_r224_in1k,fp16,webgpu,"traffic light, traffic signal, stoplight",0.097,3,,,,,,,,,480,640,73
1787920223671,40.02565817,-83.00148312,16.395014,1787920222353,onnx-community/mobilenetv4_conv_small.e2400_r224_in1k,fp16,webgpu,"limousine, limo",0.276,1,,,,,,,,,480,640,79
1787920223671,40.02565817,-83.00148312,16.395014,1787920222353,onnx-community/mobilenetv4_conv_small.e2400_r224_in1k,fp16,webgpu,"cab, hack, taxi, taxicab",0.097,2,,,,,,,,,480,640,79
1787920223671,40.02565817,-83.00148312,16.395014,1787920222353,onnx-community/mobilenetv4_conv_small.e2400_r224_in1k,fp16,webgpu,"convertible",0.091,3,,,,,,,,,480,640,79
1787920224452,40.02565817,-83.00148312,16.395014,1787920222353,onnx-community/mobilenetv4_conv_small.e2400_r224_in1k,fp16,webgpu,"minivan",0.247,1,,,,,,,,,480,640,76
1787920224452,40.02565817,-83.00148312,16.395014,1787920222353,onnx-community/mobilenetv4_conv_small.e2400_r224_in1k,fp16,webgpu,"traffic light, traffic signal, stoplight",0.181,2,,,,,,,,,480,640,76
1787920224452,40.02565817,-83.00148312,16.395014,1787920222353,onnx-community/mobilenetv4_conv_small.e2400_r224_in1k,fp16,webgpu,"limousine, limo",0.152,3,,,,,,,,,480,640,76
1787920225223,40.02565817,-83.00148312,16.395014,1787920222353,onnx-community/mobilenetv4_conv_small.e2400_r224_in1k,fp16,webgpu,"minivan",0.211,1,,,,,,,,,480,640,65
1787920225223,40.02565817,-83.00148312,16.395014,1787920222353,onnx-community/mobilenetv4_conv_small.e2400_r224_in1k,fp16,webgpu,"limousine, limo",0.104,2,,,,,,,,,480,640,65
1787920225223,40.02565817,-83.00148312,16.395014,1787920222353,onnx-community/mobilenetv4_conv_small.e2400_r224_in1k,fp16,webgpu,"traffic light, traffic signal, stoplight",0.100,3,,,,,,,,,480,640,65
1787920226016,40.02560279,-83.00147989,17.60208948376911,1787920223764,onnx-community/mobilenetv4_conv_small.e2400_r224_in1k,fp16,webgpu,"minivan",0.235,1,,,,,,,,,480,640,75
1787920226016,40.02560279,-83.00147989,17.60208948376911,1787920223764,onnx-community/mobilenetv4_conv_small.e2400_r224_in1k,fp16,webgpu,"limousine, limo",0.217,2,,,,,,,,,480,640,75
1787920226016,40.02560279,-83.00147989,17.60208948376911,1787920223764,onnx-community/mobilenetv4_conv_small.e2400_r224_in1k,fp16,webgpu,"traffic light, traffic signal, stoplight",0.147,3,,,,,,,,,480,640,75
1787920226796,40.02560279,-83.00147989,17.60208948376911,1787920223764,onnx-community/mobilenetv4_conv_small.e2400_r224_in1k,fp16,webgpu,"minivan",0.497,1,,,,,,,,,480,640,72
1787920226796,40.02560279,-83.00147989,17.60208948376911,1787920223764,onnx-community/mobilenetv4_conv_small.e2400_r224_in1k,fp16,webgpu,"cab, hack, taxi, taxicab",0.098,2,,,,,,,,,480,640,72
1787920226796,40.02560279,-83.00147989,17.60208948376911,1787920223764,onnx-community/mobilenetv4_conv_small.e2400_r224_in1k,fp16,webgpu,"traffic light, traffic signal, stoplight",0.092,3,,,,,,,,,480,640,72
1787920227578,40.02560279,-83.00147989,17.60208948376911,1787920223764,onnx-community/mobilenetv4_conv_small.e2400_r224_in1k,fp16,webgpu,"minivan",0.238,1,,,,,,,,,480,640,72
1787920227578,40.02560279,-83.00147989,17.60208948376911,1787920223764,onnx-community/mobilenetv4_conv_small.e2400_r224_in1k,fp16,webgpu,"cab, hack, taxi, taxicab",0.118,2,,,,,,,,,480,640,72
1787920227578,40.02560279,-83.00147989,17.60208948376911,1787920223764,onnx-community/mobilenetv4_conv_small.e2400_r224_in1k,fp16,webgpu,"traffic light, traffic signal, stoplight",0.098,3,,,,,,,,,480,640,72
1787920228362,40.02560279,-83.00147989,17.60208948376911,1787920223764,onnx-community/mobilenetv4_conv_small.e2400_r224_in1k,fp16,webgpu,"limousine, limo",0.435,1,,,,,,,,,480,640,73.00000000001455
1787920228362,40.02560279,-83.00147989,17.60208948376911,1787920223764,onnx-community/mobilenetv4_conv_small.e2400_r224_in1k,fp16,webgpu,"minivan",0.146,2,,,,,,,,,480,640,73.00000000001455
1787920228362,40.02560279,-83.00147989,17.60208948376911,1787920223764,onnx-community/mobilenetv4_conv_small.e2400_r224_in1k,fp16,webgpu,"convertible",0.105,3,,,,,,,,,480,640,73.00000000001455
1787920229141,40.02549637,-83.00147590,16.239824973644073,1787920225994,onnx-community/mobilenetv4_conv_small.e2400_r224_in1k,fp16,webgpu,"minivan",0.197,1,,,,,,,,,480,640,70
1787920229141,40.02549637,-83.00147590,16.239824973644073,1787920225994,onnx-community/mobilenetv4_conv_small.e2400_r224_in1k,fp16,webgpu,"limousine, limo",0.144,2,,,,,,,,,480,640,70
1787920229141,40.02549637,-83.00147590,16.239824973644073,1787920225994,onnx-community/mobilenetv4_conv_small.e2400_r224_in1k,fp16,webgpu,"cab, hack, taxi, taxicab",0.125,3,,,,,,,,,480,640,70
1787920229925,40.02549637,-83.00147590,16.239824973644073,1787920225994,onnx-community/mobilenetv4_conv_small.e2400_r224_in1k,fp16,webgpu,"limousine, limo",0.346,1,,,,,,,,,480,640,72
1787920229925,40.02549637,-83.00147590,16.239824973644073,1787920225994,onnx-community/mobilenetv4_conv_small.e2400_r224_in1k,fp16,webgpu,"minivan",0.179,2,,,,,,,,,480,640,72
1787920229925,40.02549637,-83.00147590,16.239824973644073,1787920225994,onnx-community/mobilenetv4_conv_small.e2400_r224_in1k,fp16,webgpu,"traffic light, traffic signal, stoplight",0.057,3,,,,,,,,,480,640,72
1787920230710,40.02549637,-83.00147590,16.239824973644073,1787920225994,onnx-community/mobilenetv4_conv_small.e2400_r224_in1k,fp16,webgpu,"minivan",0.309,1,,,,,,,,,480,640,75
1787920230710,40.02549637,-83.00147590,16.239824973644073,1787920225994,onnx-community/mobilenetv4_conv_small.e2400_r224_in1k,fp16,webgpu,"limousine, limo",0.139,2,,,,,,,,,480,640,75
1787920230710,40.02549637,-83.00147590,16.239824973644073,1787920225994,onnx-community/mobilenetv4_conv_small.e2400_r224_in1k,fp16,webgpu,"cab, hack, taxi, taxicab",0.055,3,,,,,,,,,480,640,75
1787920231480,40.02532795,-83.00157952,13.39720146465005,1787920229135,onnx-community/mobilenetv4_conv_small.e2400_r224_in1k,fp16,webgpu,"limousine, limo",0.226,1,,,,,,,,,480,640,58
1787920231480,40.02532795,-83.00157952,13.39720146465005,1787920229135,onnx-community/mobilenetv4_conv_small.e2400_r224_in1k,fp16,webgpu,"minivan",0.173,2,,,,,,,,,480,640,58
1787920231480,40.02532795,-83.00157952,13.39720146465005,1787920229135,onnx-community/mobilenetv4_conv_small.e2400_r224_in1k,fp16,webgpu,"pickup, pickup truck",0.055,3,,,,,,,,,480,640,58
1787920232275,40.02532795,-83.00157952,13.39720146465005,1787920229135,onnx-community/mobilenetv4_conv_small.e2400_r224_in1k,fp16,webgpu,"cab, hack, taxi, taxicab",0.108,1,,,,,,,,,480,640,75.00000000001455
1787920232275,40.02532795,-83.00157952,13.39720146465005,1787920229135,onnx-community/mobilenetv4_conv_small.e2400_r224_in1k,fp16,webgpu,"minivan",0.075,2,,,,,,,,,480,640,75.00000000001455
1787920232275,40.02532795,-83.00157952,13.39720146465005,1787920229135,onnx-community/mobilenetv4_conv_small.e2400_r224_in1k,fp16,webgpu,"limousine, limo",0.058,3,,,,,,,,,480,640,75.00000000001455
1787920233056,40.02532795,-83.00157952,13.39720146465005,1787920229135,onnx-community/mobilenetv4_conv_small.e2400_r224_in1k,fp16,webgpu,"limousine, limo",0.115,1,,,,,,,,,480,640,73
1787920233056,40.02532795,-83.00157952,13.39720146465005,1787920229135,onnx-community/mobilenetv4_conv_small.e2400_r224_in1k,fp16,webgpu,"tow truck, tow car, wrecker",0.091,2,,,,,,,,,480,640,73
1787920233056,40.02532795,-83.00157952,13.39720146465005,1787920229135,onnx-community/mobilenetv4_conv_small.e2400_r224_in1k,fp16,webgpu,"convertible",0.066,3,,,,,,,,,480,640,73
1787920233840,40.02532795,-83.00157952,13.39720146465005,1787920229135,onnx-community/mobilenetv4_conv_small.e2400_r224_in1k,fp16,webgpu,"convertible",0.252,1,,,,,,,,,480,640,74
1787920233840,40.02532795,-83.00157952,13.39720146465005,1787920229135,onnx-community/mobilenetv4_conv_small.e2400_r224_in1k,fp16,webgpu,"limousine, limo",0.113,2,,,,,,,,,480,640,74
1787920233840,40.02532795,-83.00157952,13.39720146465005,1787920229135,onnx-community/mobilenetv4_conv_small.e2400_r224_in1k,fp16,webgpu,"pickup, pickup truck",0.057,3,,,,,,,,,480,640,74
1787920234621,40.02531038,-83.00154291,12.62083324622264,1787920231410,onnx-community/mobilenetv4_conv_small.e2400_r224_in1k,fp16,webgpu,"limousine, limo",0.213,1,,,,,,,,,480,640,74
1787920234621,40.02531038,-83.00154291,12.62083324622264,1787920231410,onnx-community/mobilenetv4_conv_small.e2400_r224_in1k,fp16,webgpu,"tow truck, tow car, wrecker",0.101,2,,,,,,,,,480,640,74
1787920234621,40.02531038,-83.00154291,12.62083324622264,1787920231410,onnx-community/mobilenetv4_conv_small.e2400_r224_in1k,fp16,webgpu,"cab, hack, taxi, taxicab",0.082,3,,,,,,,,,480,640,74
1787920235406,40.02531038,-83.00154291,12.62083324622264,1787920231410,onnx-community/mobilenetv4_conv_small.e2400_r224_in1k,fp16,webgpu,"limousine, limo",0.380,1,,,,,,,,,480,640,75
1787920235406,40.02531038,-83.00154291,12.62083324622264,1787920231410,onnx-community/mobilenetv4_conv_small.e2400_r224_in1k,fp16,webgpu,"minivan",0.159,2,,,,,,,,,480,640,75
1787920235406,40.02531038,-83.00154291,12.62083324622264,1787920231410,onnx-community/mobilenetv4_conv_small.e2400_r224_in1k,fp16,webgpu,"tow truck, tow car, wrecker",0.074,3,,,,,,,,,480,640,75
1787920236190,40.02531038,-83.00154291,12.62083324622264,1787920231410,onnx-community/mobilenetv4_conv_small.e2400_r224_in1k,fp16,webgpu,"minivan",0.449,1,,,,,,,,,480,640,77
1787920236190,40.02531038,-83.00154291,12.62083324622264,1787920231410,onnx-community/mobilenetv4_conv_small.e2400_r224_in1k,fp16,webgpu,"limousine, limo",0.105,2,,,,,,,,,480,640,77
1787920236190,40.02531038,-83.00154291,12.62083324622264,1787920231410,onnx-community/mobilenetv4_conv_small.e2400_r224_in1k,fp16,webgpu,"tow truck, tow car, wrecker",0.061,3,,,,,,,,,480,640,77
1787920236971,40.02531038,-83.00154291,12.62083324622264,1787920231410,onnx-community/mobilenetv4_conv_small.e2400_r224_in1k,fp16,webgpu,"minivan",0.140,1,,,,,,,,,480,640,75.99999999998545
1787920236971,40.02531038,-83.00154291,12.62083324622264,1787920231410,onnx-community/mobilenetv4_conv_small.e2400_r224_in1k,fp16,webgpu,"trolleybus, trolley coach, trackless trolley",0.132,2,,,,,,,,,480,640,75.99999999998545
1787920236971,40.02531038,-83.00154291,12.62083324622264,1787920231410,onnx-community/mobilenetv4_conv_small.e2400_r224_in1k,fp16,webgpu,"limousine, limo",0.088,3,,,,,,,,,480,640,75.99999999998545
1787920237749,40.02526561,-83.00155325,17.388917333324503,1787920234413,onnx-community/mobilenetv4_conv_small.e2400_r224_in1k,fp16,webgpu,"tow truck, tow car, wrecker",0.203,1,,,,,,,,,480,640,71.00000000001455
1787920237749,40.02526561,-83.00155325,17.388917333324503,1787920234413,onnx-community/mobilenetv4_conv_small.e2400_r224_in1k,fp16,webgpu,"minivan",0.084,2,,,,,,,,,480,640,71.00000000001455
1787920237749,40.02526561,-83.00155325,17.388917333324503,1787920234413,onnx-community/mobilenetv4_conv_small.e2400_r224_in1k,fp16,webgpu,"streetcar, tram, tramcar, trolley, trolley car",0.076,3,,,,,,,,,480,640,71.00000000001455
1787920238534,40.02526561,-83.00155325,17.388917333324503,1787920234413,onnx-community/mobilenetv4_conv_small.e2400_r224_in1k,fp16,webgpu,"streetcar, tram, tramcar, trolley, trolley car",0.306,1,,,,,,,,,480,640,75.00000000001455
1787920238534,40.02526561,-83.00155325,17.388917333324503,1787920234413,onnx-community/mobilenetv4_conv_small.e2400_r224_in1k,fp16,webgpu,"trolleybus, trolley coach, trackless trolley",0.217,2,,,,,,,,,480,640,75.00000000001455
1787920238534,40.02526561,-83.00155325,17.388917333324503,1787920234413,onnx-community/mobilenetv4_conv_small.e2400_r224_in1k,fp16,webgpu,"trailer truck, tractor trailer, trucking rig, rig, articulated lorry, semi",0.054,3,,,,,,,,,480,640,75.00000000001455
1787920239315,40.02526561,-83.00155325,17.388917333324503,1787920234413,onnx-community/mobilenetv4_conv_small.e2400_r224_in1k,fp16,webgpu,"tow truck, tow car, wrecker",0.172,1,,,,,,,,,480,640,74
1787920239315,40.02526561,-83.00155325,17.388917333324503,1787920234413,onnx-community/mobilenetv4_conv_small.e2400_r224_in1k,fp16,webgpu,"traffic light, traffic signal, stoplight",0.143,2,,,,,,,,,480,640,74
1787920239315,40.02526561,-83.00155325,17.388917333324503,1787920234413,onnx-community/mobilenetv4_conv_small.e2400_r224_in1k,fp16,webgpu,"streetcar, tram, tramcar, trolley, trolley car",0.138,3,,,,,,,,,480,640,74
1787920240092,40.02526561,-83.00155325,17.388917333324503,1787920234413,onnx-community/mobilenetv4_conv_small.e2400_r224_in1k,fp16,webgpu,"traffic light, traffic signal, stoplight",0.179,1,,,,,,,,,480,640,69.99999999998545
1787920240092,40.02526561,-83.00155325,17.388917333324503,1787920234413,onnx-community/mobilenetv4_conv_small.e2400_r224_in1k,fp16,webgpu,"cab, hack, taxi, taxicab",0.116,2,,,,,,,,,480,640,69.99999999998545
1787920240092,40.02526561,-83.00155325,17.388917333324503,1787920234413,onnx-community/mobilenetv4_conv_small.e2400_r224_in1k,fp16,webgpu,"tow truck, tow car, wrecker",0.083,3,,,,,,,,,480,640,69.99999999998545
1787920240882,40.02527593,-83.00155244,17.25076161894629,1787920237417,onnx-community/mobilenetv4_conv_small.e2400_r224_in1k,fp16,webgpu,"tow truck, tow car, wrecker",0.188,1,,,,,,,,,480,640,74
1787920240882,40.02527593,-83.00155244,17.25076161894629,1787920237417,onnx-community/mobilenetv4_conv_small.e2400_r224_in1k,fp16,webgpu,"streetcar, tram, tramcar, trolley, trolley car",0.120,2,,,,,,,,,480,640,74
1787920240882,40.02527593,-83.00155244,17.25076161894629,1787920237417,onnx-community/mobilenetv4_conv_small.e2400_r224_in1k,fp16,webgpu,"garbage truck, dustcart",0.109,3,,,,,,,,,480,640,74
1787920241662,40.02527593,-83.00155244,17.25076161894629,1787920237417,onnx-community/mobilenetv4_conv_small.e2400_r224_in1k,fp16,webgpu,"garbage truck, dustcart",0.142,1,,,,,,,,,480,640,73
1787920241662,40.02527593,-83.00155244,17.25076161894629,1787920237417,onnx-community/mobilenetv4_conv_small.e2400_r224_in1k,fp16,webgpu,"ambulance",0.136,2,,,,,,,,,480,640,73
1787920241662,40.02527593,-83.00155244,17.25076161894629,1787920237417,onnx-community/mobilenetv4_conv_small.e2400_r224_in1k,fp16,webgpu,"tow truck, tow car, wrecker",0.101,3,,,,,,,,,480,640,73
1787920242442,40.02527593,-83.00155244,17.25076161894629,1787920237417,onnx-community/mobilenetv4_conv_small.e2400_r224_in1k,fp16,webgpu,"garbage truck, dustcart",0.231,1,,,,,,,,,480,640,72
1787920242442,40.02527593,-83.00155244,17.25076161894629,1787920237417,onnx-community/mobilenetv4_conv_small.e2400_r224_in1k,fp16,webgpu,"tow truck, tow car, wrecker",0.166,2,,,,,,,,,480,640,72
1787920242442,40.02527593,-83.00155244,17.25076161894629,1787920237417,onnx-community/mobilenetv4_conv_small.e2400_r224_in1k,fp16,webgpu,"streetcar, tram, tramcar, trolley, trolley car",0.101,3,,,,,,,,,480,640,72
1787920243228,40.02527593,-83.00155244,17.25076161894629,1787920237417,onnx-community/mobilenetv4_conv_small.e2400_r224_in1k,fp16,webgpu,"minivan",0.259,1,,,,,,,,,480,640,73
1787920243228,40.02527593,-83.00155244,17.25076161894629,1787920237417,onnx-community/mobilenetv4_conv_small.e2400_r224_in1k,fp16,webgpu,"limousine, limo",0.115,2,,,,,,,,,480,640,73
1787920243228,40.02527593,-83.00155244,17.25076161894629,1787920237417,onnx-community/mobilenetv4_conv_small.e2400_r224_in1k,fp16,webgpu,"tow truck, tow car, wrecker",0.092,3,,,,,,,,,480,640,73
1787920244001,40.02528527,-83.00154992,17.595014,1787920242795,onnx-community/mobilenetv4_conv_small.e2400_r224_in1k,fp16,webgpu,"ambulance",0.309,1,,,,,,,,,480,640,65.00000000001455
1787920244001,40.02528527,-83.00154992,17.595014,1787920242795,onnx-community/mobilenetv4_conv_small.e2400_r224_in1k,fp16,webgpu,"minibus",0.121,2,,,,,,,,,480,640,65.00000000001455
1787920244001,40.02528527,-83.00154992,17.595014,1787920242795,onnx-community/mobilenetv4_conv_small.e2400_r224_in1k,fp16,webgpu,"minivan",0.085,3,,,,,,,,,480,640,65.00000000001455
1787920244794,40.02528527,-83.00154992,17.595014,1787920242795,onnx-community/mobilenetv4_conv_small.e2400_r224_in1k,fp16,webgpu,"ambulance",0.294,1,,,,,,,,,480,640,74
1787920244794,40.02528527,-83.00154992,17.595014,1787920242795,onnx-community/mobilenetv4_conv_small.e2400_r224_in1k,fp16,webgpu,"recreational vehicle, RV, R.V.",0.090,2,,,,,,,,,480,640,74
1787920244794,40.02528527,-83.00154992,17.595014,1787920242795,onnx-community/mobilenetv4_conv_small.e2400_r224_in1k,fp16,webgpu,"garbage truck, dustcart",0.079,3,,,,,,,,,480,640,74
1787920245579,40.02528527,-83.00154992,17.595014,1787920242795,onnx-community/mobilenetv4_conv_small.e2400_r224_in1k,fp16,webgpu,"streetcar, tram, tramcar, trolley, trolley car",0.274,1,,,,,,,,,480,640,77.99999999998545
1787920245579,40.02528527,-83.00154992,17.595014,1787920242795,onnx-community/mobilenetv4_conv_small.e2400_r224_in1k,fp16,webgpu,"garbage truck, dustcart",0.191,2,,,,,,,,,480,640,77.99999999998545
1787920245579,40.02528527,-83.00154992,17.595014,1787920242795,onnx-community/mobilenetv4_conv_small.e2400_r224_in1k,fp16,webgpu,"minivan",0.059,3,,,,,,,,,480,640,77.99999999998545
1787920246359,40.02528527,-83.00154992,17.595014,1787920242795,onnx-community/mobilenetv4_conv_small.e2400_r224_in1k,fp16,webgpu,"streetcar, tram, tramcar, trolley, trolley car",0.238,1,,,,,,,,,480,640,74.99999999998545
1787920246359,40.02528527,-83.00154992,17.595014,1787920242795,onnx-community/mobilenetv4_conv_small.e2400_r224_in1k,fp16,webgpu,"garbage truck, dustcart",0.191,2,,,,,,,,,480,640,74.99999999998545
1787920246359,40.02528527,-83.00154992,17.595014,1787920242795,onnx-community/mobilenetv4_conv_small.e2400_r224_in1k,fp16,webgpu,"trailer truck, tractor trailer, trucking rig, rig, articulated lorry, semi",0.102,3,,,,,,,,,480,640,74.99999999998545
1787920247141,40.02528527,-83.00154992,17.595014,1787920244659,onnx-community/mobilenetv4_conv_small.e2400_r224_in1k,fp16,webgpu,"streetcar, tram, tramcar, trolley, trolley car",0.734,1,,,,,,,,,480,640,75.00000000001455
1787920247141,40.02528527,-83.00154992,17.595014,1787920244659,onnx-community/mobilenetv4_conv_small.e2400_r224_in1k,fp16,webgpu,"suspension bridge",0.041,2,,,,,,,,,480,640,75.00000000001455
1787920247141,40.02528527,-83.00154992,17.595014,1787920244659,onnx-community/mobilenetv4_conv_small.e2400_r224_in1k,fp16,webgpu,"trailer truck, tractor trailer, trucking rig, rig, articulated lorry, semi",0.027,3,,,,,,,,,480,640,75.00000000001455
1787920247919,40.02528527,-83.00154992,17.595014,1787920244659,onnx-community/mobilenetv4_conv_small.e2400_r224_in1k,fp16,webgpu,"streetcar, tram, tramcar, trolley, trolley car",0.289,1,,,,,,,,,480,640,70
1787920247919,40.02528527,-83.00154992,17.595014,1787920244659,onnx-community/mobilenetv4_conv_small.e2400_r224_in1k,fp16,webgpu,"traffic light, traffic signal, stoplight",0.184,2,,,,,,,,,480,640,70
1787920247919,40.02528527,-83.00154992,17.595014,1787920244659,onnx-community/mobilenetv4_conv_small.e2400_r224_in1k,fp16,webgpu,"unicycle, monocycle",0.036,3,,,,,,,,,480,640,70
1787920248708,40.02528527,-83.00154992,17.595014,1787920244659,onnx-community/mobilenetv4_conv_small.e2400_r224_in1k,fp16,webgpu,"streetcar, tram, tramcar, trolley, trolley car",0.323,1,,,,,,,,,480,640,77
1787920248708,40.02528527,-83.00154992,17.595014,1787920244659,onnx-community/mobilenetv4_conv_small.e2400_r224_in1k,fp16,webgpu,"traffic light, traffic signal, stoplight",0.111,2,,,,,,,,,480,640,77
1787920248708,40.02528527,-83.00154992,17.595014,1787920244659,onnx-community/mobilenetv4_conv_small.e2400_r224_in1k,fp16,webgpu,"trailer truck, tractor trailer, trucking rig, rig, articulated lorry, semi",0.046,3,,,,,,,,,480,640,77
1787920249486,40.02504425,-83.00164089,11.250554722056822,1787920247154,onnx-community/mobilenetv4_conv_small.e2400_r224_in1k,fp16,webgpu,"traffic light, traffic signal, stoplight",0.126,1,,,,,,,,,480,640,72.00000000001455
1787920249486,40.02504425,-83.00164089,11.250554722056822,1787920247154,onnx-community/mobilenetv4_conv_small.e2400_r224_in1k,fp16,webgpu,"streetcar, tram, tramcar, trolley, trolley car",0.108,2,,,,,,,,,480,640,72.00000000001455
1787920249486,40.02504425,-83.00164089,11.250554722056822,1787920247154,onnx-community/mobilenetv4_conv_small.e2400_r224_in1k,fp16,webgpu,"mobile home, manufactured home",0.058,3,,,,,,,,,480,640,72.00000000001455
1787920250267,40.02504425,-83.00164089,11.250554722056822,1787920247154,onnx-community/mobilenetv4_conv_small.e2400_r224_in1k,fp16,webgpu,"streetcar, tram, tramcar, trolley, trolley car",0.464,1,,,,,,,,,480,640,71
1787920250267,40.02504425,-83.00164089,11.250554722056822,1787920247154,onnx-community/mobilenetv4_conv_small.e2400_r224_in1k,fp16,webgpu,"trailer truck, tractor trailer, trucking rig, rig, articulated lorry, semi",0.073,2,,,,,,,,,480,640,71
1787920250267,40.02504425,-83.00164089,11.250554722056822,1787920247154,onnx-community/mobilenetv4_conv_small.e2400_r224_in1k,fp16,webgpu,"mobile home, manufactured home",0.053,3,,,,,,,,,480,640,71
1787920251050,40.02504425,-83.00164089,11.250554722056822,1787920247154,onnx-community/mobilenetv4_conv_small.e2400_r224_in1k,fp16,webgpu,"streetcar, tram, tramcar, trolley, trolley car",0.518,1,,,,,,,,,480,640,71
1787920251050,40.02504425,-83.00164089,11.250554722056822,1787920247154,onnx-community/mobilenetv4_conv_small.e2400_r224_in1k,fp16,webgpu,"trailer truck, tractor trailer, trucking rig, rig, articulated lorry, semi",0.031,2,,,,,,,,,480,640,71
1787920251050,40.02504425,-83.00164089,11.250554722056822,1787920247154,onnx-community/mobilenetv4_conv_small.e2400_r224_in1k,fp16,webgpu,"traffic light, traffic signal, stoplight",0.031,3,,,,,,,,,480,640,71
1787920251836,40.02504425,-83.00164089,11.250554722056822,1787920247154,onnx-community/mobilenetv4_conv_small.e2400_r224_in1k,fp16,webgpu,"streetcar, tram, tramcar, trolley, trolley car",0.196,1,,,,,,,,,480,640,74
1787920251836,40.02504425,-83.00164089,11.250554722056822,1787920247154,onnx-community/mobilenetv4_conv_small.e2400_r224_in1k,fp16,webgpu,"trailer truck, tractor trailer, trucking rig, rig, articulated lorry, semi",0.155,2,,,,,,,,,480,640,74
1787920251836,40.02504425,-83.00164089,11.250554722056822,1787920247154,onnx-community/mobilenetv4_conv_small.e2400_r224_in1k,fp16,webgpu,"freight car",0.072,3,,,,,,,,,480,640,74
1787920252615,40.02505906,-83.00160596,11.284003387333062,1787920250040,onnx-community/mobilenetv4_conv_small.e2400_r224_in1k,fp16,webgpu,"streetcar, tram, tramcar, trolley, trolley car",0.460,1,,,,,,,,,480,640,71.99999999998545
1787920252615,40.02505906,-83.00160596,11.284003387333062,1787920250040,onnx-community/mobilenetv4_conv_small.e2400_r224_in1k,fp16,webgpu,"trailer truck, tractor trailer, trucking rig, rig, articulated lorry, semi",0.070,2,,,,,,,,,480,640,71.99999999998545
1787920252615,40.02505906,-83.00160596,11.284003387333062,1787920250040,onnx-community/mobilenetv4_conv_small.e2400_r224_in1k,fp16,webgpu,"garbage truck, dustcart",0.027,3,,,,,,,,,480,640,71.99999999998545
1787920253400,40.02505906,-83.00160596,11.284003387333062,1787920250040,onnx-community/mobilenetv4_conv_small.e2400_r224_in1k,fp16,webgpu,"streetcar, tram, tramcar, trolley, trolley car",0.810,1,,,,,,,,,480,640,73
1787920253400,40.02505906,-83.00160596,11.284003387333062,1787920250040,onnx-community/mobilenetv4_conv_small.e2400_r224_in1k,fp16,webgpu,"trailer truck, tractor trailer, trucking rig, rig, articulated lorry, semi",0.040,2,,,,,,,,,480,640,73
1787920253400,40.02505906,-83.00160596,11.284003387333062,1787920250040,onnx-community/mobilenetv4_conv_small.e2400_r224_in1k,fp16,webgpu,"garbage truck, dustcart",0.023,3,,,,,,,,,480,640,73
1787920254183,40.02505906,-83.00160596,11.284003387333062,1787920250040,onnx-community/mobilenetv4_conv_small.e2400_r224_in1k,fp16,webgpu,"streetcar, tram, tramcar, trolley, trolley car",0.831,1,,,,,,,,,480,640,74
1787920254183,40.02505906,-83.00160596,11.284003387333062,1787920250040,onnx-community/mobilenetv4_conv_small.e2400_r224_in1k,fp16,webgpu,"mobile home, manufactured home",0.024,2,,,,,,,,,480,640,74
1787920254183,40.02505906,-83.00160596,11.284003387333062,1787920250040,onnx-community/mobilenetv4_conv_small.e2400_r224_in1k,fp16,webgpu,"trailer truck, tractor trailer, trucking rig, rig, articulated lorry, semi",0.016,3,,,,,,,,,480,640,74
1787920254964,40.02505906,-83.00160596,11.284003387333062,1787920250040,onnx-community/mobilenetv4_conv_small.e2400_r224_in1k,fp16,webgpu,"streetcar, tram, tramcar, trolley, trolley car",0.516,1,,,,,,,,,480,640,72.99999999998545
1787920254964,40.02505906,-83.00160596,11.284003387333062,1787920250040,onnx-community/mobilenetv4_conv_small.e2400_r224_in1k,fp16,webgpu,"trailer truck, tractor trailer, trucking rig, rig, articulated lorry, semi",0.061,2,,,,,,,,,480,640,72.99999999998545
1787920254964,40.02505906,-83.00160596,11.284003387333062,1787920250040,onnx-community/mobilenetv4_conv_small.e2400_r224_in1k,fp16,webgpu,"mobile home, manufactured home",0.057,3,,,,,,,,,480,640,72.99999999998545
1787920255747,40.02504791,-83.00161692,12.726439127156933,1787920252485,onnx-community/mobilenetv4_conv_small.e2400_r224_in1k,fp16,webgpu,"streetcar, tram, tramcar, trolley, trolley car",0.617,1,,,,,,,,,480,640,73
1787920255747,40.02504791,-83.00161692,12.726439127156933,1787920252485,onnx-community/mobilenetv4_conv_small.e2400_r224_in1k,fp16,webgpu,"mobile home, manufactured home",0.029,2,,,,,,,,,480,640,73
1787920255747,40.02504791,-83.00161692,12.726439127156933,1787920252485,onnx-community/mobilenetv4_conv_small.e2400_r224_in1k,fp16,webgpu,"trailer truck, tractor trailer, trucking rig, rig, articulated lorry, semi",0.028,3,,,,,,,,,480,640,73
1787920256528,40.02504791,-83.00161692,12.726439127156933,1787920252485,onnx-community/mobilenetv4_conv_small.e2400_r224_in1k,fp16,webgpu,"streetcar, tram, tramcar, trolley, trolley car",0.503,1,,,,,,,,,480,640,72.00000000001455
1787920256528,40.02504791,-83.00161692,12.726439127156933,1787920252485,onnx-community/mobilenetv4_conv_small.e2400_r224_in1k,fp16,webgpu,"trailer truck, tractor trailer, trucking rig, rig, articulated lorry, semi",0.080,2,,,,,,,,,480,640,72.00000000001455
1787920256528,40.02504791,-83.00161692,12.726439127156933,1787920252485,onnx-community/mobilenetv4_conv_small.e2400_r224_in1k,fp16,webgpu,"mobile home, manufactured home",0.049,3,,,,,,,,,480,640,72.00000000001455
1787920257313,40.02504791,-83.00161692,12.726439127156933,1787920252485,onnx-community/mobilenetv4_conv_small.e2400_r224_in1k,fp16,webgpu,"streetcar, tram, tramcar, trolley, trolley car",0.573,1,,,,,,,,,480,640,75.00000000001455
1787920257313,40.02504791,-83.00161692,12.726439127156933,1787920252485,onnx-community/mobilenetv4_conv_small.e2400_r224_in1k,fp16,webgpu,"trailer truck, tractor trailer, trucking rig, rig, articulated lorry, semi",0.095,2,,,,,,,,,480,640,75.00000000001455
1787920257313,40.02504791,-83.00161692,12.726439127156933,1787920252485,onnx-community/mobilenetv4_conv_small.e2400_r224_in1k,fp16,webgpu,"mobile home, manufactured home",0.033,3,,,,,,,,,480,640,75.00000000001455
1787920258096,40.02504791,-83.00161692,12.726439127156933,1787920252485,onnx-community/mobilenetv4_conv_small.e2400_r224_in1k,fp16,webgpu,"streetcar, tram, tramcar, trolley, trolley car",0.339,1,,,,,,,,,480,640,75
1787920258096,40.02504791,-83.00161692,12.726439127156933,1787920252485,onnx-community/mobilenetv4_conv_small.e2400_r224_in1k,fp16,webgpu,"trailer truck, tractor trailer, trucking rig, rig, articulated lorry, semi",0.070,2,,,,,,,,,480,640,75
1787920258096,40.02504791,-83.00161692,12.726439127156933,1787920252485,onnx-community/mobilenetv4_conv_small.e2400_r224_in1k,fp16,webgpu,"mobile home, manufactured home",0.042,3,,,,,,,,,480,640,75
1787920258868,40.02504791,-83.00161692,12.995014000000001,1787920255486,onnx-community/mobilenetv4_conv_small.e2400_r224_in1k,fp16,webgpu,"streetcar, tram, tramcar, trolley, trolley car",0.477,1,,,,,,,,,480,640,65
1787920258868,40.02504791,-83.00161692,12.995014000000001,1787920255486,onnx-community/mobilenetv4_conv_small.e2400_r224_in1k,fp16,webgpu,"trailer truck, tractor trailer, trucking rig, rig, articulated lorry, semi",0.108,2,,,,,,,,,480,640,65
1787920258868,40.02504791,-83.00161692,12.995014000000001,1787920255486,onnx-community/mobilenetv4_conv_small.e2400_r224_in1k,fp16,webgpu,"mobile home, manufactured home",0.061,3,,,,,,,,,480,640,65
1787920259655,40.02504791,-83.00161692,12.995014000000001,1787920255486,onnx-community/mobilenetv4_conv_small.e2400_r224_in1k,fp16,webgpu,"streetcar, tram, tramcar, trolley, trolley car",0.399,1,,,,,,,,,480,640,70
1787920259655,40.02504791,-83.00161692,12.995014000000001,1787920255486,onnx-community/mobilenetv4_conv_small.e2400_r224_in1k,fp16,webgpu,"mobile home, manufactured home",0.070,2,,,,,,,,,480,640,70
1787920259655,40.02504791,-83.00161692,12.995014000000001,1787920255486,onnx-community/mobilenetv4_conv_small.e2400_r224_in1k,fp16,webgpu,"trailer truck, tractor trailer, trucking rig, rig, articulated lorry, semi",0.062,3,,,,,,,,,480,640,70
1787920260442,40.02504791,-83.00161692,12.995014000000001,1787920255486,onnx-community/mobilenetv4_conv_small.e2400_r224_in1k,fp16,webgpu,"streetcar, tram, tramcar, trolley, trolley car",0.355,1,,,,,,,,,480,640,74
1787920260442,40.02504791,-83.00161692,12.995014000000001,1787920255486,onnx-community/mobilenetv4_conv_small.e2400_r224_in1k,fp16,webgpu,"trailer truck, tractor trailer, trucking rig, rig, articulated lorry, semi",0.125,2,,,,,,,,,480,640,74
1787920260442,40.02504791,-83.00161692,12.995014000000001,1787920255486,onnx-community/mobilenetv4_conv_small.e2400_r224_in1k,fp16,webgpu,"garbage truck, dustcart",0.044,3,,,,,,,,,480,640,74
1787920261228,40.02504791,-83.00161692,12.995014000000001,1787920255486,onnx-community/mobilenetv4_conv_small.e2400_r224_in1k,fp16,webgpu,"streetcar, tram, tramcar, trolley, trolley car",0.260,1,,,,,,,,,480,640,76
1787920261228,40.02504791,-83.00161692,12.995014000000001,1787920255486,onnx-community/mobilenetv4_conv_small.e2400_r224_in1k,fp16,webgpu,"trailer truck, tractor trailer, trucking rig, rig, articulated lorry, semi",0.090,2,,,,,,,,,480,640,76
1787920261228,40.02504791,-83.00161692,12.995014000000001,1787920255486,onnx-community/mobilenetv4_conv_small.e2400_r224_in1k,fp16,webgpu,"traffic light, traffic signal, stoplight",0.042,3,,,,,,,,,480,640,76
1787920262007,40.02504791,-83.00161692,14.795014,1787920259654,onnx-community/mobilenetv4_conv_small.e2400_r224_in1k,fp16,webgpu,"streetcar, tram, tramcar, trolley, trolley car",0.298,1,,,,,,,,,480,640,74
1787920262007,40.02504791,-83.00161692,14.795014,1787920259654,onnx-community/mobilenetv4_conv_small.e2400_r224_in1k,fp16,webgpu,"trailer truck, tractor trailer, trucking rig, rig, articulated lorry, semi",0.118,2,,,,,,,,,480,640,74
1787920262007,40.02504791,-83.00161692,14.795014,1787920259654,onnx-community/mobilenetv4_conv_small.e2400_r224_in1k,fp16,webgpu,"traffic light, traffic signal, stoplight",0.115,3,,,,,,,,,480,640,74
1787920262788,40.02504791,-83.00161692,14.795014,1787920259654,onnx-community/mobilenetv4_conv_small.e2400_r224_in1k,fp16,webgpu,"streetcar, tram, tramcar, trolley, trolley car",0.308,1,,,,,,,,,480,640,72
1787920262788,40.02504791,-83.00161692,14.795014,1787920259654,onnx-community/mobilenetv4_conv_small.e2400_r224_in1k,fp16,webgpu,"traffic light, traffic signal, stoplight",0.055,2,,,,,,,,,480,640,72
1787920262788,40.02504791,-83.00161692,14.795014,1787920259654,onnx-community/mobilenetv4_conv_small.e2400_r224_in1k,fp16,webgpu,"trailer truck, tractor trailer, trucking rig, rig, articulated lorry, semi",0.053,3,,,,,,,,,480,640,72
1787920263576,40.02504791,-83.00161692,14.795014,1787920259654,onnx-community/mobilenetv4_conv_small.e2400_r224_in1k,fp16,webgpu,"streetcar, tram, tramcar, trolley, trolley car",0.324,1,,,,,,,,,480,640,78
1787920263576,40.02504791,-83.00161692,14.795014,1787920259654,onnx-community/mobilenetv4_conv_small.e2400_r224_in1k,fp16,webgpu,"traffic light, traffic signal, stoplight",0.200,2,,,,,,,,,480,640,78
1787920263576,40.02504791,-83.00161692,14.795014,1787920259654,onnx-community/mobilenetv4_conv_small.e2400_r224_in1k,fp16,webgpu,"trailer truck, tractor trailer, trucking rig, rig, articulated lorry, semi",0.033,3,,,,,,,,,480,640,78
1787920264354,40.02504791,-83.00161692,14.795014,1787920259654,onnx-community/mobilenetv4_conv_small.e2400_r224_in1k,fp16,webgpu,"streetcar, tram, tramcar, trolley, trolley car",0.247,1,,,,,,,,,480,640,75
1787920264354,40.02504791,-83.00161692,14.795014,1787920259654,onnx-community/mobilenetv4_conv_small.e2400_r224_in1k,fp16,webgpu,"traffic light, traffic signal, stoplight",0.128,2,,,,,,,,,480,640,75
1787920264354,40.02504791,-83.00161692,14.795014,1787920259654,onnx-community/mobilenetv4_conv_small.e2400_r224_in1k,fp16,webgpu,"trailer truck, tractor trailer, trucking rig, rig, articulated lorry, semi",0.043,3,,,,,,,,,480,640,75
1787920265140,40.02495423,-83.00158900,18.395014,1787920261495,onnx-community/mobilenetv4_conv_small.e2400_r224_in1k,fp16,webgpu,"streetcar, tram, tramcar, trolley, trolley car",0.343,1,,,,,,,,,480,640,77
1787920265140,40.02495423,-83.00158900,18.395014,1787920261495,onnx-community/mobilenetv4_conv_small.e2400_r224_in1k,fp16,webgpu,"traffic light, traffic signal, stoplight",0.120,2,,,,,,,,,480,640,77
1787920265140,40.02495423,-83.00158900,18.395014,1787920261495,onnx-community/mobilenetv4_conv_small.e2400_r224_in1k,fp16,webgpu,"minivan",0.022,3,,,,,,,,,480,640,77
1787920265920,40.02495423,-83.00158900,18.395014,1787920261495,onnx-community/mobilenetv4_conv_small.e2400_r224_in1k,fp16,webgpu,"streetcar, tram, tramcar, trolley, trolley car",0.281,1,,,,,,,,,480,640,73
1787920265920,40.02495423,-83.00158900,18.395014,1787920261495,onnx-community/mobilenetv4_conv_small.e2400_r224_in1k,fp16,webgpu,"traffic light, traffic signal, stoplight",0.105,2,,,,,,,,,480,640,73
1787920265920,40.02495423,-83.00158900,18.395014,1787920261495,onnx-community/mobilenetv4_conv_small.e2400_r224_in1k,fp16,webgpu,"trailer truck, tractor trailer, trucking rig, rig, articulated lorry, semi",0.050,3,,,,,,,,,480,640,73
1787920266700,40.02495423,-83.00158900,18.395014,1787920261495,onnx-community/mobilenetv4_conv_small.e2400_r224_in1k,fp16,webgpu,"streetcar, tram, tramcar, trolley, trolley car",0.533,1,,,,,,,,,480,640,66
1787920266700,40.02495423,-83.00158900,18.395014,1787920261495,onnx-community/mobilenetv4_conv_small.e2400_r224_in1k,fp16,webgpu,"garbage truck, dustcart",0.047,2,,,,,,,,,480,640,66
1787920266700,40.02495423,-83.00158900,18.395014,1787920261495,onnx-community/mobilenetv4_conv_small.e2400_r224_in1k,fp16,webgpu,"trailer truck, tractor trailer, trucking rig, rig, articulated lorry, semi",0.032,3,,,,,,,,,480,640,66
1787920267485,40.02495423,-83.00158900,18.395014,1787920261495,onnx-community/mobilenetv4_conv_small.e2400_r224_in1k,fp16,webgpu,"streetcar, tram, tramcar, trolley, trolley car",0.825,1,,,,,,,,,480,640,74
1787920267485,40.02495423,-83.00158900,18.395014,1787920261495,onnx-community/mobilenetv4_conv_small.e2400_r224_in1k,fp16,webgpu,"traffic light, traffic signal, stoplight",0.031,2,,,,,,,,,480,640,74
1787920267485,40.02495423,-83.00158900,18.395014,1787920261495,onnx-community/mobilenetv4_conv_small.e2400_r224_in1k,fp16,webgpu,"garbage truck, dustcart",0.031,3,,,,,,,,,480,640,74
1787920268266,40.02491394,-83.00157979,21.495013999999998,1787920266625,onnx-community/mobilenetv4_conv_small.e2400_r224_in1k,fp16,webgpu,"cab, hack, taxi, taxicab",0.415,1,,,,,,,,,480,640,73
1787920268266,40.02491394,-83.00157979,21.495013999999998,1787920266625,onnx-community/mobilenetv4_conv_small.e2400_r224_in1k,fp16,webgpu,"minivan",0.135,2,,,,,,,,,480,640,73
1787920268266,40.02491394,-83.00157979,21.495013999999998,1787920266625,onnx-community/mobilenetv4_conv_small.e2400_r224_in1k,fp16,webgpu,"tow truck, tow car, wrecker",0.047,3,,,,,,,,,480,640,73
1787920269050,40.02491394,-83.00157979,21.495013999999998,1787920266625,onnx-community/mobilenetv4_conv_small.e2400_r224_in1k,fp16,webgpu,"streetcar, tram, tramcar, trolley, trolley car",0.350,1,,,,,,,,,480,640,75
1787920269050,40.02491394,-83.00157979,21.495013999999998,1787920266625,onnx-community/mobilenetv4_conv_small.e2400_r224_in1k,fp16,webgpu,"traffic light, traffic signal, stoplight",0.119,2,,,,,,,,,480,640,75
1787920269050,40.02491394,-83.00157979,21.495013999999998,1787920266625,onnx-community/mobilenetv4_conv_small.e2400_r224_in1k,fp16,webgpu,"minivan",0.069,3,,,,,,,,,480,640,75
1787920269830,40.02491394,-83.00157979,21.495013999999998,1787920266625,onnx-community/mobilenetv4_conv_small.e2400_r224_in1k,fp16,webgpu,"streetcar, tram, tramcar, trolley, trolley car",0.678,1,,,,,,,,,480,640,73
1787920269830,40.02491394,-83.00157979,21.495013999999998,1787920266625,onnx-community/mobilenetv4_conv_small.e2400_r224_in1k,fp16,webgpu,"traffic light, traffic signal, stoplight",0.085,2,,,,,,,,,480,640,73
1787920269830,40.02491394,-83.00157979,21.495013999999998,1787920266625,onnx-community/mobilenetv4_conv_small.e2400_r224_in1k,fp16,webgpu,"trailer truck, tractor trailer, trucking rig, rig, articulated lorry, semi",0.029,3,,,,,,,,,480,640,73
1787920270603,40.02490169,-83.00158077,21.795014,1787920270073,onnx-community/mobilenetv4_conv_small.e2400_r224_in1k,fp16,webgpu,"streetcar, tram, tramcar, trolley, trolley car",0.609,1,,,,,,,,,480,640,63
1787920270603,40.02490169,-83.00158077,21.795014,1787920270073,onnx-community/mobilenetv4_conv_small.e2400_r224_in1k,fp16,webgpu,"traffic light, traffic signal, stoplight",0.126,2,,,,,,,,,480,640,63
1787920270603,40.02490169,-83.00158077,21.795014,1787920270073,onnx-community/mobilenetv4_conv_small.e2400_r224_in1k,fp16,webgpu,"pole",0.019,3,,,,,,,,,480,640,63
1787920271395,40.02490169,-83.00158077,21.795014,1787920270073,onnx-community/mobilenetv4_conv_small.e2400_r224_in1k,fp16,webgpu,"streetcar, tram, tramcar, trolley, trolley car",0.346,1,,,,,,,,,480,640,73
1787920271395,40.02490169,-83.00158077,21.795014,1787920270073,onnx-community/mobilenetv4_conv_small.e2400_r224_in1k,fp16,webgpu,"traffic light, traffic signal, stoplight",0.213,2,,,,,,,,,480,640,73
1787920271395,40.02490169,-83.00158077,21.795014,1787920270073,onnx-community/mobilenetv4_conv_small.e2400_r224_in1k,fp16,webgpu,"shopping cart",0.031,3,,,,,,,,,480,640,73
1787920272172,40.02490169,-83.00158077,21.795014,1787920270073,onnx-community/mobilenetv4_conv_small.e2400_r224_in1k,fp16,webgpu,"traffic light, traffic signal, stoplight",0.388,1,,,,,,,,,480,640,68
1787920272172,40.02490169,-83.00158077,21.795014,1787920270073,onnx-community/mobilenetv4_conv_small.e2400_r224_in1k,fp16,webgpu,"streetcar, tram, tramcar, trolley, trolley car",0.293,2,,,,,,,,,480,640,68
1787920272172,40.02490169,-83.00158077,21.795014,1787920270073,onnx-community/mobilenetv4_conv_small.e2400_r224_in1k,fp16,webgpu,"trailer truck, tractor trailer, trucking rig, rig, articulated lorry, semi",0.021,3,,,,,,,,,480,640,68
1787920272962,40.02490169,-83.00158077,21.795014,1787920270073,onnx-community/mobilenetv4_conv_small.e2400_r224_in1k,fp16,webgpu,"streetcar, tram, tramcar, trolley, trolley car",0.312,1,,,,,,,,,480,640,75
1787920272962,40.02490169,-83.00158077,21.795014,1787920270073,onnx-community/mobilenetv4_conv_small.e2400_r224_in1k,fp16,webgpu,"traffic light, traffic signal, stoplight",0.263,2,,,,,,,,,480,640,75
1787920272962,40.02490169,-83.00158077,21.795014,1787920270073,onnx-community/mobilenetv4_conv_small.e2400_r224_in1k,fp16,webgpu,"trailer truck, tractor trailer, trucking rig, rig, articulated lorry, semi",0.030,3,,,,,,,,,480,640,75
1787920273743,40.02485718,-83.00157280,19.795014,1787920272152,onnx-community/mobilenetv4_conv_small.e2400_r224_in1k,fp16,webgpu,"streetcar, tram, tramcar, trolley, trolley car",0.225,1,,,,,,,,,480,640,74
1787920273743,40.02485718,-83.00157280,19.795014,1787920272152,onnx-community/mobilenetv4_conv_small.e2400_r224_in1k,fp16,webgpu,"traffic light, traffic signal, stoplight",0.132,2,,,,,,,,,480,640,74
1787920273743,40.02485718,-83.00157280,19.795014,1787920272152,onnx-community/mobilenetv4_conv_small.e2400_r224_in1k,fp16,webgpu,"unicycle, monocycle",0.039,3,,,,,,,,,480,640,74
1787920274519,40.02485718,-83.00157280,19.795014,1787920272152,onnx-community/mobilenetv4_conv_small.e2400_r224_in1k,fp16,webgpu,"streetcar, tram, tramcar, trolley, trolley car",0.344,1,,,,,,,,,480,640,67.9999999999709
1787920274519,40.02485718,-83.00157280,19.795014,1787920272152,onnx-community/mobilenetv4_conv_small.e2400_r224_in1k,fp16,webgpu,"traffic light, traffic signal, stoplight",0.212,2,,,,,,,,,480,640,67.9999999999709
1787920274519,40.02485718,-83.00157280,19.795014,1787920272152,onnx-community/mobilenetv4_conv_small.e2400_r224_in1k,fp16,webgpu,"minivan",0.029,3,,,,,,,,,480,640,67.9999999999709
1787920275309,40.02485718,-83.00157280,19.795014,1787920272152,onnx-community/mobilenetv4_conv_small.e2400_r224_in1k,fp16,webgpu,"traffic light, traffic signal, stoplight",0.171,1,,,,,,,,,480,640,75
1787920275309,40.02485718,-83.00157280,19.795014,1787920272152,onnx-community/mobilenetv4_conv_small.e2400_r224_in1k,fp16,webgpu,"streetcar, tram, tramcar, trolley, trolley car",0.163,2,,,,,,,,,480,640,75
1787920275309,40.02485718,-83.00157280,19.795014,1787920272152,onnx-community/mobilenetv4_conv_small.e2400_r224_in1k,fp16,webgpu,"unicycle, monocycle",0.035,3,,,,,,,,,480,640,75
1787920276090,40.02485718,-83.00157280,19.795014,1787920272152,onnx-community/mobilenetv4_conv_small.e2400_r224_in1k,fp16,webgpu,"traffic light, traffic signal, stoplight",0.368,1,,,,,,,,,480,640,73
1787920276090,40.02485718,-83.00157280,19.795014,1787920272152,onnx-community/mobilenetv4_conv_small.e2400_r224_in1k,fp16,webgpu,"streetcar, tram, tramcar, trolley, trolley car",0.144,2,,,,,,,,,480,640,73
1787920276090,40.02485718,-83.00157280,19.795014,1787920272152,onnx-community/mobilenetv4_conv_small.e2400_r224_in1k,fp16,webgpu,"pole",0.033,3,,,,,,,,,480,640,73
1787920276875,40.02485718,-83.00157280,19.795014,1787920273510,onnx-community/mobilenetv4_conv_small.e2400_r224_in1k,fp16,webgpu,"traffic light, traffic signal, stoplight",0.357,1,,,,,,,,,480,640,76
1787920276875,40.02485718,-83.00157280,19.795014,1787920273510,onnx-community/mobilenetv4_conv_small.e2400_r224_in1k,fp16,webgpu,"streetcar, tram, tramcar, trolley, trolley car",0.123,2,,,,,,,,,480,640,76
1787920276875,40.02485718,-83.00157280,19.795014,1787920273510,onnx-community/mobilenetv4_conv_small.e2400_r224_in1k,fp16,webgpu,"maze, labyrinth",0.118,3,,,,,,,,,480,640,76
1787920277655,40.02485718,-83.00157280,19.795014,1787920273510,onnx-community/mobilenetv4_conv_small.e2400_r224_in1k,fp16,webgpu,"traffic light, traffic signal, stoplight",0.361,1,,,,,,,,,480,640,73
1787920277655,40.02485718,-83.00157280,19.795014,1787920273510,onnx-community/mobilenetv4_conv_small.e2400_r224_in1k,fp16,webgpu,"streetcar, tram, tramcar, trolley, trolley car",0.158,2,,,,,,,,,480,640,73
1787920277655,40.02485718,-83.00157280,19.795014,1787920273510,onnx-community/mobilenetv4_conv_small.e2400_r224_in1k,fp16,webgpu,"street sign",0.041,3,,,,,,,,,480,640,73
1787920278441,40.02485718,-83.00157280,19.795014,1787920273510,onnx-community/mobilenetv4_conv_small.e2400_r224_in1k,fp16,webgpu,"traffic light, traffic signal, stoplight",0.281,1,,,,,,,,,480,640,78
1787920278441,40.02485718,-83.00157280,19.795014,1787920273510,onnx-community/mobilenetv4_conv_small.e2400_r224_in1k,fp16,webgpu,"streetcar, tram, tramcar, trolley, trolley car",0.090,2,,,,,,,,,480,640,78
1787920278441,40.02485718,-83.00157280,19.795014,1787920273510,onnx-community/mobilenetv4_conv_small.e2400_r224_in1k,fp16,webgpu,"unicycle, monocycle",0.035,3,,,,,,,,,480,640,78
1787920279221,40.02485718,-83.00157280,19.795014,1787920273510,onnx-community/mobilenetv4_conv_small.e2400_r224_in1k,fp16,webgpu,"traffic light, traffic signal, stoplight",0.272,1,,,,,,,,,480,640,75
1787920279221,40.02485718,-83.00157280,19.795014,1787920273510,onnx-community/mobilenetv4_conv_small.e2400_r224_in1k,fp16,webgpu,"street sign",0.045,2,,,,,,,,,480,640,75
1787920279221,40.02485718,-83.00157280,19.795014,1787920273510,onnx-community/mobilenetv4_conv_small.e2400_r224_in1k,fp16,webgpu,"streetcar, tram, tramcar, trolley, trolley car",0.037,3,,,,,,,,,480,640,75
1787920280008,40.02484606,-83.00157052,20.795014,1787920276514,onnx-community/mobilenetv4_conv_small.e2400_r224_in1k,fp16,webgpu,"maze, labyrinth",0.264,1,,,,,,,,,480,640,78
1787920280008,40.02484606,-83.00157052,20.795014,1787920276514,onnx-community/mobilenetv4_conv_small.e2400_r224_in1k,fp16,webgpu,"traffic light, traffic signal, stoplight",0.146,2,,,,,,,,,480,640,78
1787920280008,40.02484606,-83.00157052,20.795014,1787920276514,onnx-community/mobilenetv4_conv_small.e2400_r224_in1k,fp16,webgpu,"patio, terrace",0.065,3,,,,,,,,,480,640,78
1787920280803,40.02484606,-83.00157052,20.795014,1787920276514,onnx-community/mobilenetv4_conv_small.e2400_r224_in1k,fp16,webgpu,"traffic light, traffic signal, stoplight",0.243,1,,,,,,,,,480,640,76
1787920280803,40.02484606,-83.00157052,20.795014,1787920276514,onnx-community/mobilenetv4_conv_small.e2400_r224_in1k,fp16,webgpu,"maze, labyrinth",0.106,2,,,,,,,,,480,640,76
1787920280803,40.02484606,-83.00157052,20.795014,1787920276514,onnx-community/mobilenetv4_conv_small.e2400_r224_in1k,fp16,webgpu,"ping-pong ball",0.049,3,,,,,,,,,480,640,76
1787920281587,40.02484606,-83.00157052,20.795014,1787920276514,onnx-community/mobilenetv4_conv_small.e2400_r224_in1k,fp16,webgpu,"maze, labyrinth",0.213,1,,,,,,,,,480,640,76
1787920281587,40.02484606,-83.00157052,20.795014,1787920276514,onnx-community/mobilenetv4_conv_small.e2400_r224_in1k,fp16,webgpu,"traffic light, traffic signal, stoplight",0.168,2,,,,,,,,,480,640,76
1787920281587,40.02484606,-83.00157052,20.795014,1787920276514,onnx-community/mobilenetv4_conv_small.e2400_r224_in1k,fp16,webgpu,"ping-pong ball",0.087,3,,,,,,,,,480,640,76
1787920282366,40.02484606,-83.00157052,20.795014,1787920276514,onnx-community/mobilenetv4_conv_small.e2400_r224_in1k,fp16,webgpu,"traffic light, traffic signal, stoplight",0.195,1,,,,,,,,,480,640,73
1787920282366,40.02484606,-83.00157052,20.795014,1787920276514,onnx-community/mobilenetv4_conv_small.e2400_r224_in1k,fp16,webgpu,"maze, labyrinth",0.169,2,,,,,,,,,480,640,73
1787920282366,40.02484606,-83.00157052,20.795014,1787920276514,onnx-community/mobilenetv4_conv_small.e2400_r224_in1k,fp16,webgpu,"ping-pong ball",0.082,3,,,,,,,,,480,640,73
1787920283147,40.02460637,-83.00166596,12.190831713964913,1787920280270,onnx-community/mobilenetv4_conv_small.e2400_r224_in1k,fp16,webgpu,"traffic light, traffic signal, stoplight",0.378,1,,,,,,,,,480,640,73
1787920283147,40.02460637,-83.00166596,12.190831713964913,1787920280270,onnx-community/mobilenetv4_conv_small.e2400_r224_in1k,fp16,webgpu,"patio, terrace",0.060,2,,,,,,,,,480,640,73
1787920283147,40.02460637,-83.00166596,12.190831713964913,1787920280270,onnx-community/mobilenetv4_conv_small.e2400_r224_in1k,fp16,webgpu,"sundial",0.054,3,,,,,,,,,480,640,73
1787920283933,40.02460637,-83.00166596,12.190831713964913,1787920280270,onnx-community/mobilenetv4_conv_small.e2400_r224_in1k,fp16,webgpu,"traffic light, traffic signal, stoplight",0.166,1,,,,,,,,,480,640,75.9999999999709
1787920283933,40.02460637,-83.00166596,12.190831713964913,1787920280270,onnx-community/mobilenetv4_conv_small.e2400_r224_in1k,fp16,webgpu,"maze, labyrinth",0.056,2,,,,,,,,,480,640,75.9999999999709
1787920283933,40.02460637,-83.00166596,12.190831713964913,1787920280270,onnx-community/mobilenetv4_conv_small.e2400_r224_in1k,fp16,webgpu,"patio, terrace",0.053,3,,,,,,,,,480,640,75.9999999999709
1787920284711,40.02460637,-83.00166596,12.190831713964913,1787920280270,onnx-community/mobilenetv4_conv_small.e2400_r224_in1k,fp16,webgpu,"traffic light, traffic signal, stoplight",0.310,1,,,,,,,,,480,640,70
1787920284711,40.02460637,-83.00166596,12.190831713964913,1787920280270,onnx-community/mobilenetv4_conv_small.e2400_r224_in1k,fp16,webgpu,"streetcar, tram, tramcar, trolley, trolley car",0.099,2,,,,,,,,,480,640,70
1787920284711,40.02460637,-83.00166596,12.190831713964913,1787920280270,onnx-community/mobilenetv4_conv_small.e2400_r224_in1k,fp16,webgpu,"patio, terrace",0.046,3,,,,,,,,,480,640,70
1787920285497,40.02460637,-83.00166596,12.190831713964913,1787920280270,onnx-community/mobilenetv4_conv_small.e2400_r224_in1k,fp16,webgpu,"traffic light, traffic signal, stoplight",0.486,1,,,,,,,,,480,640,74
1787920285497,40.02460637,-83.00166596,12.190831713964913,1787920280270,onnx-community/mobilenetv4_conv_small.e2400_r224_in1k,fp16,webgpu,"streetcar, tram, tramcar, trolley, trolley car",0.182,2,,,,,,,,,480,640,74
1787920285497,40.02460637,-83.00166596,12.190831713964913,1787920280270,onnx-community/mobilenetv4_conv_small.e2400_r224_in1k,fp16,webgpu,"trolleybus, trolley coach, trackless trolley",0.055,3,,,,,,,,,480,640,74
1787920286278,40.02459320,-83.00167092,12.367272802559958,1787920282524,onnx-community/mobilenetv4_conv_small.e2400_r224_in1k,fp16,webgpu,"traffic light, traffic signal, stoplight",0.609,1,,,,,,,,,480,640,74
1787920286278,40.02459320,-83.00167092,12.367272802559958,1787920282524,onnx-community/mobilenetv4_conv_small.e2400_r224_in1k,fp16,webgpu,"streetcar, tram, tramcar, trolley, trolley car",0.161,2,,,,,,,,,480,640,74
1787920286278,40.02459320,-83.00167092,12.367272802559958,1787920282524,onnx-community/mobilenetv4_conv_small.e2400_r224_in1k,fp16,webgpu,"pole",0.029,3,,,,,,,,,480,640,74
1787920287062,40.02459320,-83.00167092,12.367272802559958,1787920282524,onnx-community/mobilenetv4_conv_small.e2400_r224_in1k,fp16,webgpu,"traffic light, traffic signal, stoplight",0.164,1,,,,,,,,,480,640,73.9999999999709
1787920287062,40.02459320,-83.00167092,12.367272802559958,1787920282524,onnx-community/mobilenetv4_conv_small.e2400_r224_in1k,fp16,webgpu,"streetcar, tram, tramcar, trolley, trolley car",0.157,2,,,,,,,,,480,640,73.9999999999709
1787920287062,40.02459320,-83.00167092,12.367272802559958,1787920282524,onnx-community/mobilenetv4_conv_small.e2400_r224_in1k,fp16,webgpu,"solar dish, solar collector, solar furnace",0.096,3,,,,,,,,,480,640,73.9999999999709
1787920287847,40.02459320,-83.00167092,12.367272802559958,1787920282524,onnx-community/mobilenetv4_conv_small.e2400_r224_in1k,fp16,webgpu,"traffic light, traffic signal, stoplight",0.224,1,,,,,,,,,480,640,77
1787920287847,40.02459320,-83.00167092,12.367272802559958,1787920282524,onnx-community/mobilenetv4_conv_small.e2400_r224_in1k,fp16,webgpu,"streetcar, tram, tramcar, trolley, trolley car",0.140,2,,,,,,,,,480,640,77
1787920287847,40.02459320,-83.00167092,12.367272802559958,1787920282524,onnx-community/mobilenetv4_conv_small.e2400_r224_in1k,fp16,webgpu,"solar dish, solar collector, solar furnace",0.095,3,,,,,,,,,480,640,77
1787920288602,40.02457116,-83.00169591,13.338219736953366,1787920285520,onnx-community/mobilenetv4_conv_small.e2400_r224_in1k,fp16,webgpu,"streetcar, tram, tramcar, trolley, trolley car",0.215,1,,,,,,,,,480,640,51
1787920288602,40.02457116,-83.00169591,13.338219736953366,1787920285520,onnx-community/mobilenetv4_conv_small.e2400_r224_in1k,fp16,webgpu,"traffic light, traffic signal, stoplight",0.209,2,,,,,,,,,480,640,51
1787920288602,40.02457116,-83.00169591,13.338219736953366,1787920285520,onnx-community/mobilenetv4_conv_small.e2400_r224_in1k,fp16,webgpu,"pole",0.105,3,,,,,,,,,480,640,51
1787920289391,40.02457116,-83.00169591,13.338219736953366,1787920285520,onnx-community/mobilenetv4_conv_small.e2400_r224_in1k,fp16,webgpu,"traffic light, traffic signal, stoplight",0.423,1,,,,,,,,,480,640,73
1787920289391,40.02457116,-83.00169591,13.338219736953366,1787920285520,onnx-community/mobilenetv4_conv_small.e2400_r224_in1k,fp16,webgpu,"streetcar, tram, tramcar, trolley, trolley car",0.213,2,,,,,,,,,480,640,73
1787920289391,40.02457116,-83.00169591,13.338219736953366,1787920285520,onnx-community/mobilenetv4_conv_small.e2400_r224_in1k,fp16,webgpu,"garbage truck, dustcart",0.042,3,,,,,,,,,480,640,73
1787920290173,40.02457116,-83.00169591,13.338219736953366,1787920285520,onnx-community/mobilenetv4_conv_small.e2400_r224_in1k,fp16,webgpu,"traffic light, traffic signal, stoplight",0.288,1,,,,,,,,,480,640,72.9999999999709
1787920290173,40.02457116,-83.00169591,13.338219736953366,1787920285520,onnx-community/mobilenetv4_conv_small.e2400_r224_in1k,fp16,webgpu,"streetcar, tram, tramcar, trolley, trolley car",0.270,2,,,,,,,,,480,640,72.9999999999709
1787920290173,40.02457116,-83.00169591,13.338219736953366,1787920285520,onnx-community/mobilenetv4_conv_small.e2400_r224_in1k,fp16,webgpu,"trolleybus, trolley coach, trackless trolley",0.079,3,,,,,,,,,480,640,72.9999999999709
1787920290949,40.02457116,-83.00169591,13.338219736953366,1787920285520,onnx-community/mobilenetv4_conv_small.e2400_r224_in1k,fp16,webgpu,"traffic light, traffic signal, stoplight",0.401,1,,,,,,,,,480,640,66
1787920290949,40.02457116,-83.00169591,13.338219736953366,1787920285520,onnx-community/mobilenetv4_conv_small.e2400_r224_in1k,fp16,webgpu,"trolleybus, trolley coach, trackless trolley",0.126,2,,,,,,,,,480,640,66
1787920290949,40.02457116,-83.00169591,13.338219736953366,1787920285520,onnx-community/mobilenetv4_conv_small.e2400_r224_in1k,fp16,webgpu,"streetcar, tram, tramcar, trolley, trolley car",0.117,3,,,,,,,,,480,640,66
1787920291741,40.02448574,-83.00169808,12.989022075257159,1787920289281,onnx-community/mobilenetv4_conv_small.e2400_r224_in1k,fp16,webgpu,"traffic light, traffic signal, stoplight",0.589,1,,,,,,,,,480,640,75
1787920291741,40.02448574,-83.00169808,12.989022075257159,1787920289281,onnx-community/mobilenetv4_conv_small.e2400_r224_in1k,fp16,webgpu,"trolleybus, trolley coach, trackless trolley",0.159,2,,,,,,,,,480,640,75
1787920291741,40.02448574,-83.00169808,12.989022075257159,1787920289281,onnx-community/mobilenetv4_conv_small.e2400_r224_in1k,fp16,webgpu,"streetcar, tram, tramcar, trolley, trolley car",0.073,3,,,,,,,,,480,640,75
1787920292523,40.02448574,-83.00169808,12.989022075257159,1787920289281,onnx-community/mobilenetv4_conv_small.e2400_r224_in1k,fp16,webgpu,"traffic light, traffic signal, stoplight",0.582,1,,,,,,,,,480,640,75
1787920292523,40.02448574,-83.00169808,12.989022075257159,1787920289281,onnx-community/mobilenetv4_conv_small.e2400_r224_in1k,fp16,webgpu,"streetcar, tram, tramcar, trolley, trolley car",0.159,2,,,,,,,,,480,640,75
1787920292523,40.02448574,-83.00169808,12.989022075257159,1787920289281,onnx-community/mobilenetv4_conv_small.e2400_r224_in1k,fp16,webgpu,"trolleybus, trolley coach, trackless trolley",0.106,3,,,,,,,,,480,640,75
1787920293308,40.02448574,-83.00169808,12.989022075257159,1787920289281,onnx-community/mobilenetv4_conv_small.e2400_r224_in1k,fp16,webgpu,"traffic light, traffic signal, stoplight",0.773,1,,,,,,,,,480,640,78.0000000000291
1787920293308,40.02448574,-83.00169808,12.989022075257159,1787920289281,onnx-community/mobilenetv4_conv_small.e2400_r224_in1k,fp16,webgpu,"trolleybus, trolley coach, trackless trolley",0.061,2,,,,,,,,,480,640,78.0000000000291
1787920293308,40.02448574,-83.00169808,12.989022075257159,1787920289281,onnx-community/mobilenetv4_conv_small.e2400_r224_in1k,fp16,webgpu,"streetcar, tram, tramcar, trolley, trolley car",0.048,3,,,,,,,,,480,640,78.0000000000291
1787920294103,40.02448574,-83.00169808,12.989022075257159,1787920289281,onnx-community/mobilenetv4_conv_small.e2400_r224_in1k,fp16,webgpu,"traffic light, traffic signal, stoplight",0.610,1,,,,,,,,,480,640,73
1787920294103,40.02448574,-83.00169808,12.989022075257159,1787920289281,onnx-community/mobilenetv4_conv_small.e2400_r224_in1k,fp16,webgpu,"trolleybus, trolley coach, trackless trolley",0.104,2,,,,,,,,,480,640,73
1787920294103,40.02448574,-83.00169808,12.989022075257159,1787920289281,onnx-community/mobilenetv4_conv_small.e2400_r224_in1k,fp16,webgpu,"streetcar, tram, tramcar, trolley, trolley car",0.092,3,,,,,,,,,480,640,73
1787920294887,40.02442075,-83.00178027,14.065969228672122,1787920292279,onnx-community/mobilenetv4_conv_small.e2400_r224_in1k,fp16,webgpu,"traffic light, traffic signal, stoplight",0.621,1,,,,,,,,,480,640,76
1787920294887,40.02442075,-83.00178027,14.065969228672122,1787920292279,onnx-community/mobilenetv4_conv_small.e2400_r224_in1k,fp16,webgpu,"streetcar, tram, tramcar, trolley, trolley car",0.130,2,,,,,,,,,480,640,76
1787920294887,40.02442075,-83.00178027,14.065969228672122,1787920292279,onnx-community/mobilenetv4_conv_small.e2400_r224_in1k,fp16,webgpu,"trolleybus, trolley coach, trackless trolley",0.083,3,,,,,,,,,480,640,76
1787920295669,40.02442075,-83.00178027,14.065969228672122,1787920292279,onnx-community/mobilenetv4_conv_small.e2400_r224_in1k,fp16,webgpu,"traffic light, traffic signal, stoplight",0.440,1,,,,,,,,,480,640,75
1787920295669,40.02442075,-83.00178027,14.065969228672122,1787920292279,onnx-community/mobilenetv4_conv_small.e2400_r224_in1k,fp16,webgpu,"trolleybus, trolley coach, trackless trolley",0.120,2,,,,,,,,,480,640,75
1787920295669,40.02442075,-83.00178027,14.065969228672122,1787920292279,onnx-community/mobilenetv4_conv_small.e2400_r224_in1k,fp16,webgpu,"cab, hack, taxi, taxicab",0.063,3,,,,,,,,,480,640,75
1787920296451,40.02442075,-83.00178027,14.065969228672122,1787920292279,onnx-community/mobilenetv4_conv_small.e2400_r224_in1k,fp16,webgpu,"trolleybus, trolley coach, trackless trolley",0.513,1,,,,,,,,,480,640,76.0000000000291
1787920296451,40.02442075,-83.00178027,14.065969228672122,1787920292279,onnx-community/mobilenetv4_conv_small.e2400_r224_in1k,fp16,webgpu,"traffic light, traffic signal, stoplight",0.204,2,,,,,,,,,480,640,76.0000000000291
1787920296451,40.02442075,-83.00178027,14.065969228672122,1787920292279,onnx-community/mobilenetv4_conv_small.e2400_r224_in1k,fp16,webgpu,"garbage truck, dustcart",0.056,3,,,,,,,,,480,640,76.0000000000291