timestamp,lat,lon,gps_accuracy,gps_timestamp,model,dtype,device,label,confidence,rank,bbox_xmin,bbox_ymin,bbox_xmax,bbox_ymax,bbox_norm_xmin,bbox_norm_ymin,bbox_norm_xmax,bbox_norm_ymax,frame_w,frame_h,inference_ms
1788566258056,40.02701606,-83.02370947,13.084811949951094,1788566254242,Xenova/yolos-tiny,fp16,webgpu,"person",0.999,,0,184,116,637,0,0.2875,0.24166666666666667,0.9953125,480,640,7790
1788566258847,40.02701606,-83.02370947,13.084811949951094,1788566254242,onnx-community/mobilenetv4_conv_small.e2400_r224_in1k,fp16,webgpu,"park bench",0.479,1,,,,,,,,,480,640,73
1788566258847,40.02701606,-83.02370947,13.084811949951094,1788566254242,onnx-community/mobilenetv4_conv_small.e2400_r224_in1k,fp16,webgpu,"worm fence, snake fence, snake-rail fence, Virginia fence",0.144,2,,,,,,,,,480,640,73
1788566258847,40.02701606,-83.02370947,13.084811949951094,1788566254242,onnx-community/mobilenetv4_conv_small.e2400_r224_in1k,fp16,webgpu,"stone wall",0.045,3,,,,,,,,,480,640,73
1788566259612,40.02701606,-83.02370947,13.084811949951094,1788566254242,onnx-community/mobilenetv4_conv_small.e2400_r224_in1k,fp16,webgpu,"park bench",0.516,1,,,,,,,,,480,640,56.00000000000364
1788566259612,40.02701606,-83.02370947,13.084811949951094,1788566254242,onnx-community/mobilenetv4_conv_small.e2400_r224_in1k,fp16,webgpu,"stone wall",0.069,2,,,,,,,,,480,640,56.00000000000364
1788566259612,40.02701606,-83.02370947,13.084811949951094,1788566254242,onnx-community/mobilenetv4_conv_small.e2400_r224_in1k,fp16,webgpu,"oxcart",0.029,3,,,,,,,,,480,640,56.00000000000364
1788566260376,40.02701609,-83.02370959,13.084845588519421,1788566257237,onnx-community/mobilenetv4_conv_small.e2400_r224_in1k,fp16,webgpu,"park bench",0.385,1,,,,,,,,,480,640,54
1788566260376,40.02701609,-83.02370959,13.084845588519421,1788566257237,onnx-community/mobilenetv4_conv_small.e2400_r224_in1k,fp16,webgpu,"stone wall",0.161,2,,,,,,,,,480,640,54
1788566260376,40.02701609,-83.02370959,13.084845588519421,1788566257237,onnx-community/mobilenetv4_conv_small.e2400_r224_in1k,fp16,webgpu,"worm fence, snake fence, snake-rail fence, Virginia fence",0.059,3,,,,,,,,,480,640,54
1788566261143,40.02701609,-83.02370959,13.084845588519421,1788566257237,onnx-community/mobilenetv4_conv_small.e2400_r224_in1k,fp16,webgpu,"park bench",0.608,1,,,,,,,,,480,640,56
1788566261143,40.02701609,-83.02370959,13.084845588519421,1788566257237,onnx-community/mobilenetv4_conv_small.e2400_r224_in1k,fp16,webgpu,"worm fence, snake fence, snake-rail fence, Virginia fence",0.058,2,,,,,,,,,480,640,56
1788566261143,40.02701609,-83.02370959,13.084845588519421,1788566257237,onnx-community/mobilenetv4_conv_small.e2400_r224_in1k,fp16,webgpu,"stone wall",0.028,3,,,,,,,,,480,640,56
1788566261907,40.02701609,-83.02370959,13.084845588519421,1788566257237,onnx-community/mobilenetv4_conv_small.e2400_r224_in1k,fp16,webgpu,"park bench",0.483,1,,,,,,,,,480,640,54.00000000000364
1788566261907,40.02701609,-83.02370959,13.084845588519421,1788566257237,onnx-community/mobilenetv4_conv_small.e2400_r224_in1k,fp16,webgpu,"worm fence, snake fence, snake-rail fence, Virginia fence",0.132,2,,,,,,,,,480,640,54.00000000000364
1788566261907,40.02701609,-83.02370959,13.084845588519421,1788566257237,onnx-community/mobilenetv4_conv_small.e2400_r224_in1k,fp16,webgpu,"greenhouse, nursery, glasshouse",0.023,3,,,,,,,,,480,640,54.00000000000364
1788566262672,40.02701609,-83.02370959,13.084845588519421,1788566257237,onnx-community/mobilenetv4_conv_small.e2400_r224_in1k,fp16,webgpu,"park bench",0.521,1,,,,,,,,,480,640,53
1788566262672,40.02701609,-83.02370959,13.084845588519421,1788566257237,onnx-community/mobilenetv4_conv_small.e2400_r224_in1k,fp16,webgpu,"worm fence, snake fence, snake-rail fence, Virginia fence",0.056,2,,,,,,,,,480,640,53
1788566262672,40.02701609,-83.02370959,13.084845588519421,1788566257237,onnx-community/mobilenetv4_conv_small.e2400_r224_in1k,fp16,webgpu,"stone wall",0.035,3,,,,,,,,,480,640,53
1788566263444,40.02701972,-83.02375252,12.98956298528594,1788566260818,onnx-community/mobilenetv4_conv_small.e2400_r224_in1k,fp16,webgpu,"park bench",0.413,1,,,,,,,,,480,640,59
1788566263444,40.02701972,-83.02375252,12.98956298528594,1788566260818,onnx-community/mobilenetv4_conv_small.e2400_r224_in1k,fp16,webgpu,"stone wall",0.307,2,,,,,,,,,480,640,59
1788566263444,40.02701972,-83.02375252,12.98956298528594,1788566260818,onnx-community/mobilenetv4_conv_small.e2400_r224_in1k,fp16,webgpu,"worm fence, snake fence, snake-rail fence, Virginia fence",0.040,3,,,,,,,,,480,640,59
1788566264204,40.02701972,-83.02375252,12.98956298528594,1788566260818,onnx-community/mobilenetv4_conv_small.e2400_r224_in1k,fp16,webgpu,"park bench",0.419,1,,,,,,,,,480,640,54.000000000007276
1788566264204,40.02701972,-83.02375252,12.98956298528594,1788566260818,onnx-community/mobilenetv4_conv_small.e2400_r224_in1k,fp16,webgpu,"stone wall",0.169,2,,,,,,,,,480,640,54.000000000007276
1788566264204,40.02701972,-83.02375252,12.98956298528594,1788566260818,onnx-community/mobilenetv4_conv_small.e2400_r224_in1k,fp16,webgpu,"worm fence, snake fence, snake-rail fence, Virginia fence",0.046,3,,,,,,,,,480,640,54.000000000007276
1788566264967,40.02701972,-83.02375252,12.98956298528594,1788566260818,onnx-community/mobilenetv4_conv_small.e2400_r224_in1k,fp16,webgpu,"park bench",0.505,1,,,,,,,,,480,640,51
1788566264967,40.02701972,-83.02375252,12.98956298528594,1788566260818,onnx-community/mobilenetv4_conv_small.e2400_r224_in1k,fp16,webgpu,"stone wall",0.142,2,,,,,,,,,480,640,51
1788566264967,40.02701972,-83.02375252,12.98956298528594,1788566260818,onnx-community/mobilenetv4_conv_small.e2400_r224_in1k,fp16,webgpu,"worm fence, snake fence, snake-rail fence, Virginia fence",0.039,3,,,,,,,,,480,640,51
1788566265738,40.02701972,-83.02375252,12.98956298528594,1788566260818,onnx-community/mobilenetv4_conv_small.e2400_r224_in1k,fp16,webgpu,"unicycle, monocycle",0.461,1,,,,,,,,,480,640,57
1788566265738,40.02701972,-83.02375252,12.98956298528594,1788566260818,onnx-community/mobilenetv4_conv_small.e2400_r224_in1k,fp16,webgpu,"mountain bike, all-terrain bike, off-roader",0.085,2,,,,,,,,,480,640,57
1788566265738,40.02701972,-83.02375252,12.98956298528594,1788566260818,onnx-community/mobilenetv4_conv_small.e2400_r224_in1k,fp16,webgpu,"park bench",0.056,3,,,,,,,,,480,640,57
1788566266494,40.02701975,-83.02375319,12.98957340849034,1788566263249,onnx-community/mobilenetv4_conv_small.e2400_r224_in1k,fp16,webgpu,"mountain bike, all-terrain bike, off-roader",0.414,1,,,,,,,,,480,640,45.999999999992724
1788566266494,40.02701975,-83.02375319,12.98957340849034,1788566263249,onnx-community/mobilenetv4_conv_small.e2400_r224_in1k,fp16,webgpu,"bicycle-built-for-two, tandem bicycle, tandem",0.137,2,,,,,,,,,480,640,45.999999999992724
1788566266494,40.02701975,-83.02375319,12.98957340849034,1788566263249,onnx-community/mobilenetv4_conv_small.e2400_r224_in1k,fp16,webgpu,"unicycle, monocycle",0.083,3,,,,,,,,,480,640,45.999999999992724
1788566267256,40.02701975,-83.02375319,12.98957340849034,1788566263249,onnx-community/mobilenetv4_conv_small.e2400_r224_in1k,fp16,webgpu,"mountain bike, all-terrain bike, off-roader",0.189,1,,,,,,,,,480,640,42.000000000007276
1788566267256,40.02701975,-83.02375319,12.98957340849034,1788566263249,onnx-community/mobilenetv4_conv_small.e2400_r224_in1k,fp16,webgpu,"peacock",0.048,2,,,,,,,,,480,640,42.000000000007276
1788566267256,40.02701975,-83.02375319,12.98957340849034,1788566263249,onnx-community/mobilenetv4_conv_small.e2400_r224_in1k,fp16,webgpu,"bicycle-built-for-two, tandem bicycle, tandem",0.035,3,,,,,,,,,480,640,42.000000000007276
1788566268027,40.02701975,-83.02375319,12.98957340849034,1788566263249,onnx-community/mobilenetv4_conv_small.e2400_r224_in1k,fp16,webgpu,"oxcart",0.095,1,,,,,,,,,480,640,65
1788566268027,40.02701975,-83.02375319,12.98957340849034,1788566263249,onnx-community/mobilenetv4_conv_small.e2400_r224_in1k,fp16,webgpu,"mountain bike, all-terrain bike, off-roader",0.070,2,,,,,,,,,480,640,65
1788566268027,40.02701975,-83.02375319,12.98957340849034,1788566263249,onnx-community/mobilenetv4_conv_small.e2400_r224_in1k,fp16,webgpu,"park bench",0.053,3,,,,,,,,,480,640,65
1788566268807,40.02701975,-83.02375319,12.98957340849034,1788566263249,onnx-community/mobilenetv4_conv_small.e2400_r224_in1k,fp16,webgpu,"oxcart",0.050,1,,,,,,,,,480,640,62
1788566268807,40.02701975,-83.02375319,12.98957340849034,1788566263249,onnx-community/mobilenetv4_conv_small.e2400_r224_in1k,fp16,webgpu,"park bench",0.032,2,,,,,,,,,480,640,62
1788566268807,40.02701975,-83.02375319,12.98957340849034,1788566263249,onnx-community/mobilenetv4_conv_small.e2400_r224_in1k,fp16,webgpu,"stone wall",0.027,3,,,,,,,,,480,640,62
1788566269569,40.02701543,-83.02372575,14.254164720670598,1788566267105,onnx-community/mobilenetv4_conv_small.e2400_r224_in1k,fp16,webgpu,"park bench",0.219,1,,,,,,,,,480,640,59.000000000007276
1788566269569,40.02701543,-83.02372575,14.254164720670598,1788566267105,onnx-community/mobilenetv4_conv_small.e2400_r224_in1k,fp16,webgpu,"mountain bike, all-terrain bike, off-roader",0.051,2,,,,,,,,,480,640,59.000000000007276
1788566269569,40.02701543,-83.02372575,14.254164720670598,1788566267105,onnx-community/mobilenetv4_conv_small.e2400_r224_in1k,fp16,webgpu,"oxcart",0.039,3,,,,,,,,,480,640,59.000000000007276
1788566270337,40.02701543,-83.02372575,14.254164720670598,1788566267105,onnx-community/mobilenetv4_conv_small.e2400_r224_in1k,fp16,webgpu,"oxcart",0.088,1,,,,,,,,,480,640,60
1788566270337,40.02701543,-83.02372575,14.254164720670598,1788566267105,onnx-community/mobilenetv4_conv_small.e2400_r224_in1k,fp16,webgpu,"park bench",0.075,2,,,,,,,,,480,640,60
1788566270337,40.02701543,-83.02372575,14.254164720670598,1788566267105,onnx-community/mobilenetv4_conv_small.e2400_r224_in1k,fp16,webgpu,"lakeside, lakeshore",0.049,3,,,,,,,,,480,640,60
1788566271097,40.02701543,-83.02372575,14.254164720670598,1788566267105,onnx-community/mobilenetv4_conv_small.e2400_r224_in1k,fp16,webgpu,"valley, vale",0.086,1,,,,,,,,,480,640,54
1788566271097,40.02701543,-83.02372575,14.254164720670598,1788566267105,onnx-community/mobilenetv4_conv_small.e2400_r224_in1k,fp16,webgpu,"park bench",0.071,2,,,,,,,,,480,640,54
1788566271097,40.02701543,-83.02372575,14.254164720670598,1788566267105,onnx-community/mobilenetv4_conv_small.e2400_r224_in1k,fp16,webgpu,"lakeside, lakeshore",0.031,3,,,,,,,,,480,640,54
1788566271879,40.02701543,-83.02372575,14.254164720670598,1788566267105,onnx-community/mobilenetv4_conv_small.e2400_r224_in1k,fp16,webgpu,"park bench",0.071,1,,,,,,,,,480,640,70
1788566271879,40.02701543,-83.02372575,14.254164720670598,1788566267105,onnx-community/mobilenetv4_conv_small.e2400_r224_in1k,fp16,webgpu,"oxcart",0.060,2,,,,,,,,,480,640,70
1788566271879,40.02701543,-83.02372575,14.254164720670598,1788566267105,onnx-community/mobilenetv4_conv_small.e2400_r224_in1k,fp16,webgpu,"jeep, landrover",0.040,3,,,,,,,,,480,640,70
1788566272659,40.02701495,-83.02371933,16.606776251273036,1788566269258,onnx-community/mobilenetv4_conv_small.e2400_r224_in1k,fp16,webgpu,"park bench",0.078,1,,,,,,,,,480,640,68
1788566272659,40.02701495,-83.02371933,16.606776251273036,1788566269258,onnx-community/mobilenetv4_conv_small.e2400_r224_in1k,fp16,webgpu,"oxcart",0.062,2,,,,,,,,,480,640,68
1788566272659,40.02701495,-83.02371933,16.606776251273036,1788566269258,onnx-community/mobilenetv4_conv_small.e2400_r224_in1k,fp16,webgpu,"jeep, landrover",0.041,3,,,,,,,,,480,640,68
1788566273401,40.02701495,-83.02371933,16.606776251273036,1788566269258,onnx-community/mobilenetv4_conv_small.e2400_r224_in1k,fp16,webgpu,"lakeside, lakeshore",0.047,1,,,,,,,,,480,640,32
1788566273401,40.02701495,-83.02371933,16.606776251273036,1788566269258,onnx-community/mobilenetv4_conv_small.e2400_r224_in1k,fp16,webgpu,"park bench",0.045,2,,,,,,,,,480,640,32
1788566273401,40.02701495,-83.02371933,16.606776251273036,1788566269258,onnx-community/mobilenetv4_conv_small.e2400_r224_in1k,fp16,webgpu,"jeep, landrover",0.030,3,,,,,,,,,480,640,32
1788566274134,40.02701495,-83.02371933,16.606776251273036,1788566269258,onnx-community/mobilenetv4_conv_small.e2400_r224_in1k,fp16,webgpu,"park bench",0.067,1,,,,,,,,,480,640,31.000000000007276
1788566274134,40.02701495,-83.02371933,16.606776251273036,1788566269258,onnx-community/mobilenetv4_conv_small.e2400_r224_in1k,fp16,webgpu,"lakeside, lakeshore",0.051,2,,,,,,,,,480,640,31.000000000007276
1788566274134,40.02701495,-83.02371933,16.606776251273036,1788566269258,onnx-community/mobilenetv4_conv_small.e2400_r224_in1k,fp16,webgpu,"jeep, landrover",0.046,3,,,,,,,,,480,640,31.000000000007276
1788566274875,40.02701495,-83.02371933,16.606776251273036,1788566269258,onnx-community/mobilenetv4_conv_small.e2400_r224_in1k,fp16,webgpu,"park bench",0.058,1,,,,,,,,,480,640,24
1788566274875,40.02701495,-83.02371933,16.606776251273036,1788566269258,onnx-community/mobilenetv4_conv_small.e2400_r224_in1k,fp16,webgpu,"lakeside, lakeshore",0.052,2,,,,,,,,,480,640,24
1788566274875,40.02701495,-83.02371933,16.606776251273036,1788566269258,onnx-community/mobilenetv4_conv_small.e2400_r224_in1k,fp16,webgpu,"jeep, landrover",0.042,3,,,,,,,,,480,640,24
1788566275613,40.02701938,-83.02376142,18.157678020069365,1788566272985,onnx-community/mobilenetv4_conv_small.e2400_r224_in1k,fp16,webgpu,"park bench",0.093,1,,,,,,,,,480,640,29
1788566275613,40.02701938,-83.02376142,18.157678020069365,1788566272985,onnx-community/mobilenetv4_conv_small.e2400_r224_in1k,fp16,webgpu,"lakeside, lakeshore",0.093,2,,,,,,,,,480,640,29
1788566275613,40.02701938,-83.02376142,18.157678020069365,1788566272985,onnx-community/mobilenetv4_conv_small.e2400_r224_in1k,fp16,webgpu,"oxcart",0.052,3,,,,,,,,,480,640,29
1788566276345,40.02701938,-83.02376142,18.157678020069365,1788566272985,onnx-community/mobilenetv4_conv_small.e2400_r224_in1k,fp16,webgpu,"park bench",0.073,1,,,,,,,,,480,640,27.999999999992724
1788566276345,40.02701938,-83.02376142,18.157678020069365,1788566272985,onnx-community/mobilenetv4_conv_small.e2400_r224_in1k,fp16,webgpu,"oxcart",0.061,2,,,,,,,,,480,640,27.999999999992724
1788566276345,40.02701938,-83.02376142,18.157678020069365,1788566272985,onnx-community/mobilenetv4_conv_small.e2400_r224_in1k,fp16,webgpu,"jeep, landrover",0.026,3,,,,,,,,,480,640,27.999999999992724
1788566277106,40.02701938,-83.02376142,18.157678020069365,1788566272985,onnx-community/mobilenetv4_conv_small.e2400_r224_in1k,fp16,webgpu,"park bench",0.197,1,,,,,,,,,480,640,55
1788566277106,40.02701938,-83.02376142,18.157678020069365,1788566272985,onnx-community/mobilenetv4_conv_small.e2400_r224_in1k,fp16,webgpu,"lakeside, lakeshore",0.087,2,,,,,,,,,480,640,55
1788566277106,40.02701938,-83.02376142,18.157678020069365,1788566272985,onnx-community/mobilenetv4_conv_small.e2400_r224_in1k,fp16,webgpu,"valley, vale",0.037,3,,,,,,,,,480,640,55
1788566277892,40.02701938,-83.02376142,18.157678020069365,1788566272985,onnx-community/mobilenetv4_conv_small.e2400_r224_in1k,fp16,webgpu,"park bench",0.084,1,,,,,,,,,480,640,74
1788566277892,40.02701938,-83.02376142,18.157678020069365,1788566272985,onnx-community/mobilenetv4_conv_small.e2400_r224_in1k,fp16,webgpu,"lakeside, lakeshore",0.054,2,,,,,,,,,480,640,74
1788566277892,40.02701938,-83.02376142,18.157678020069365,1788566272985,onnx-community/mobilenetv4_conv_small.e2400_r224_in1k,fp16,webgpu,"jeep, landrover",0.044,3,,,,,,,,,480,640,74
1788566278674,40.02702474,-83.02377167,20.311535448805195,1788566275256,onnx-community/mobilenetv4_conv_small.e2400_r224_in1k,fp16,webgpu,"park bench",0.075,1,,,,,,,,,480,640,73
1788566278674,40.02702474,-83.02377167,20.311535448805195,1788566275256,onnx-community/mobilenetv4_conv_small.e2400_r224_in1k,fp16,webgpu,"lakeside, lakeshore",0.046,2,,,,,,,,,480,640,73
1788566278674,40.02702474,-83.02377167,20.311535448805195,1788566275256,onnx-community/mobilenetv4_conv_small.e2400_r224_in1k,fp16,webgpu,"jeep, landrover",0.040,3,,,,,,,,,480,640,73
1788566279453,40.02702474,-83.02377167,20.311535448805195,1788566275256,onnx-community/mobilenetv4_conv_small.e2400_r224_in1k,fp16,webgpu,"oxcart",0.091,1,,,,,,,,,480,640,70
1788566279453,40.02702474,-83.02377167,20.311535448805195,1788566275256,onnx-community/mobilenetv4_conv_small.e2400_r224_in1k,fp16,webgpu,"lakeside, lakeshore",0.052,2,,,,,,,,,480,640,70
1788566279453,40.02702474,-83.02377167,20.311535448805195,1788566275256,onnx-community/mobilenetv4_conv_small.e2400_r224_in1k,fp16,webgpu,"park bench",0.049,3,,,,,,,,,480,640,70
1788566280199,40.02702474,-83.02377167,20.311535448805195,1788566275256,onnx-community/mobilenetv4_conv_small.e2400_r224_in1k,fp16,webgpu,"oxcart",0.080,1,,,,,,,,,480,640,37
1788566280199,40.02702474,-83.02377167,20.311535448805195,1788566275256,onnx-community/mobilenetv4_conv_small.e2400_r224_in1k,fp16,webgpu,"lakeside, lakeshore",0.060,2,,,,,,,,,480,640,37
1788566280199,40.02702474,-83.02377167,20.311535448805195,1788566275256,onnx-community/mobilenetv4_conv_small.e2400_r224_in1k,fp16,webgpu,"park bench",0.055,3,,,,,,,,,480,640,37
1788566280987,40.02702474,-83.02377167,20.311535448805195,1788566275256,onnx-community/mobilenetv4_conv_small.e2400_r224_in1k,fp16,webgpu,"park bench",0.135,1,,,,,,,,,480,640,72
1788566280987,40.02702474,-83.02377167,20.311535448805195,1788566275256,onnx-community/mobilenetv4_conv_small.e2400_r224_in1k,fp16,webgpu,"lakeside, lakeshore",0.076,2,,,,,,,,,480,640,72
1788566280987,40.02702474,-83.02377167,20.311535448805195,1788566275256,onnx-community/mobilenetv4_conv_small.e2400_r224_in1k,fp16,webgpu,"mountain bike, all-terrain bike, off-roader",0.027,3,,,,,,,,,480,640,72
1788566281766,40.02700084,-83.02370060,20.740030976410317,1788566278823,onnx-community/mobilenetv4_conv_small.e2400_r224_in1k,fp16,webgpu,"park bench",0.106,1,,,,,,,,,480,640,69
1788566281766,40.02700084,-83.02370060,20.740030976410317,1788566278823,onnx-community/mobilenetv4_conv_small.e2400_r224_in1k,fp16,webgpu,"mountain bike, all-terrain bike, off-roader",0.058,2,,,,,,,,,480,640,69
1788566281766,40.02700084,-83.02370060,20.740030976410317,1788566278823,onnx-community/mobilenetv4_conv_small.e2400_r224_in1k,fp16,webgpu,"lakeside, lakeshore",0.054,3,,,,,,,,,480,640,69
1788566282532,40.02700084,-83.02370060,20.740030976410317,1788566278823,onnx-community/mobilenetv4_conv_small.e2400_r224_in1k,fp16,webgpu,"park bench",0.078,1,,,,,,,,,480,640,52
1788566282532,40.02700084,-83.02370060,20.740030976410317,1788566278823,onnx-community/mobilenetv4_conv_small.e2400_r224_in1k,fp16,webgpu,"oxcart",0.066,2,,,,,,,,,480,640,52
1788566282532,40.02700084,-83.02370060,20.740030976410317,1788566278823,onnx-community/mobilenetv4_conv_small.e2400_r224_in1k,fp16,webgpu,"mountain bike, all-terrain bike, off-roader",0.062,3,,,,,,,,,480,640,52
1788566283300,40.02700084,-83.02370060,20.740030976410317,1788566278823,onnx-community/mobilenetv4_conv_small.e2400_r224_in1k,fp16,webgpu,"oxcart",0.113,1,,,,,,,,,480,640,55
1788566283300,40.02700084,-83.02370060,20.740030976410317,1788566278823,onnx-community/mobilenetv4_conv_small.e2400_r224_in1k,fp16,webgpu,"park bench",0.065,2,,,,,,,,,480,640,55
1788566283300,40.02700084,-83.02370060,20.740030976410317,1788566278823,onnx-community/mobilenetv4_conv_small.e2400_r224_in1k,fp16,webgpu,"mountain bike, all-terrain bike, off-roader",0.058,3,,,,,,,,,480,640,55
1788566284064,40.02700084,-83.02370060,20.740030976410317,1788566278823,onnx-community/mobilenetv4_conv_small.e2400_r224_in1k,fp16,webgpu,"oxcart",0.076,1,,,,,,,,,480,640,53
1788566284064,40.02700084,-83.02370060,20.740030976410317,1788566278823,onnx-community/mobilenetv4_conv_small.e2400_r224_in1k,fp16,webgpu,"park bench",0.066,2,,,,,,,,,480,640,53
1788566284064,40.02700084,-83.02370060,20.740030976410317,1788566278823,onnx-community/mobilenetv4_conv_small.e2400_r224_in1k,fp16,webgpu,"mountain bike, all-terrain bike, off-roader",0.035,3,,,,,,,,,480,640,53
1788566284834,40.02699775,-83.02368743,22.54661338328333,1788566281273,onnx-community/mobilenetv4_conv_small.e2400_r224_in1k,fp16,webgpu,"oxcart",0.087,1,,,,,,,,,480,640,58
1788566284834,40.02699775,-83.02368743,22.54661338328333,1788566281273,onnx-community/mobilenetv4_conv_small.e2400_r224_in1k,fp16,webgpu,"lakeside, lakeshore",0.050,2,,,,,,,,,480,640,58
1788566284834,40.02699775,-83.02368743,22.54661338328333,1788566281273,onnx-community/mobilenetv4_conv_small.e2400_r224_in1k,fp16,webgpu,"jeep, landrover",0.043,3,,,,,,,,,480,640,58
1788566285594,40.02699775,-83.02368743,22.54661338328333,1788566281273,onnx-community/mobilenetv4_conv_small.e2400_r224_in1k,fp16,webgpu,"park bench",0.096,1,,,,,,,,,480,640,52
1788566285594,40.02699775,-83.02368743,22.54661338328333,1788566281273,onnx-community/mobilenetv4_conv_small.e2400_r224_in1k,fp16,webgpu,"lakeside, lakeshore",0.068,2,,,,,,,,,480,640,52
1788566285594,40.02699775,-83.02368743,22.54661338328333,1788566281273,onnx-community/mobilenetv4_conv_small.e2400_r224_in1k,fp16,webgpu,"sandbar, sand bar",0.041,3,,,,,,,,,480,640,52
1788566286364,40.02699775,-83.02368743,22.54661338328333,1788566281273,onnx-community/mobilenetv4_conv_small.e2400_r224_in1k,fp16,webgpu,"oxcart",0.109,1,,,,,,,,,480,640,56
1788566286364,40.02699775,-83.02368743,22.54661338328333,1788566281273,onnx-community/mobilenetv4_conv_small.e2400_r224_in1k,fp16,webgpu,"park bench",0.080,2,,,,,,,,,480,640,56
1788566286364,40.02699775,-83.02368743,22.54661338328333,1788566281273,onnx-community/mobilenetv4_conv_small.e2400_r224_in1k,fp16,webgpu,"sandbar, sand bar",0.074,3,,,,,,,,,480,640,56
1788566287133,40.02699775,-83.02368743,22.54661338328333,1788566281273,onnx-community/mobilenetv4_conv_small.e2400_r224_in1k,fp16,webgpu,"sandbar, sand bar",0.126,1,,,,,,,,,480,640,59
1788566287133,40.02699775,-83.02368743,22.54661338328333,1788566281273,onnx-community/mobilenetv4_conv_small.e2400_r224_in1k,fp16,webgpu,"lakeside, lakeshore",0.089,2,,,,,,,,,480,640,59
1788566287133,40.02699775,-83.02368743,22.54661338328333,1788566281273,onnx-community/mobilenetv4_conv_small.e2400_r224_in1k,fp16,webgpu,"park bench",0.067,3,,,,,,,,,480,640,59
1788566287893,40.02697423,-83.02376130,22.92784839601101,1788566287174,onnx-community/mobilenetv4_conv_small.e2400_r224_in1k,fp16,webgpu,"sandbar, sand bar",0.092,1,,,,,,,,,480,640,53.000000000007276
1788566287893,40.02697423,-83.02376130,22.92784839601101,1788566287174,onnx-community/mobilenetv4_conv_small.e2400_r224_in1k,fp16,webgpu,"lakeside, lakeshore",0.081,2,,,,,,,,,480,640,53.000000000007276
1788566287893,40.02697423,-83.02376130,22.92784839601101,1788566287174,onnx-community/mobilenetv4_conv_small.e2400_r224_in1k,fp16,webgpu,"mountain bike, all-terrain bike, off-roader",0.054,3,,,,,,,,,480,640,53.000000000007276
1788566288658,40.02697423,-83.02376130,22.92784839601101,1788566287174,onnx-community/mobilenetv4_conv_small.e2400_r224_in1k,fp16,webgpu,"lakeside, lakeshore",0.112,1,,,,,,,,,480,640,52
1788566288658,40.02697423,-83.02376130,22.92784839601101,1788566287174,onnx-community/mobilenetv4_conv_small.e2400_r224_in1k,fp16,webgpu,"mountain bike, all-terrain bike, off-roader",0.045,2,,,,,,,,,480,640,52
1788566288658,40.02697423,-83.02376130,22.92784839601101,1788566287174,onnx-community/mobilenetv4_conv_small.e2400_r224_in1k,fp16,webgpu,"park bench",0.045,3,,,,,,,,,480,640,52
1788566289430,40.02697423,-83.02376130,22.92784839601101,1788566287174,onnx-community/mobilenetv4_conv_small.e2400_r224_in1k,fp16,webgpu,"lakeside, lakeshore",0.131,1,,,,,,,,,480,640,58
1788566289430,40.02697423,-83.02376130,22.92784839601101,1788566287174,onnx-community/mobilenetv4_conv_small.e2400_r224_in1k,fp16,webgpu,"park bench",0.114,2,,,,,,,,,480,640,58
1788566289430,40.02697423,-83.02376130,22.92784839601101,1788566287174,onnx-community/mobilenetv4_conv_small.e2400_r224_in1k,fp16,webgpu,"valley, vale",0.114,3,,,,,,,,,480,640,58
1788566290193,40.02697423,-83.02376130,22.92784839601101,1788566287174,onnx-community/mobilenetv4_conv_small.e2400_r224_in1k,fp16,webgpu,"park bench",0.051,1,,,,,,,,,480,640,55.999999999992724
1788566290193,40.02697423,-83.02376130,22.92784839601101,1788566287174,onnx-community/mobilenetv4_conv_small.e2400_r224_in1k,fp16,webgpu,"lakeside, lakeshore",0.047,2,,,,,,,,,480,640,55.999999999992724
1788566290193,40.02697423,-83.02376130,22.92784839601101,1788566287174,onnx-community/mobilenetv4_conv_small.e2400_r224_in1k,fp16,webgpu,"valley, vale",0.043,3,,,,,,,,,480,640,55.999999999992724
1788566290973,40.02699743,-83.02368854,27.32066033489215,1788566287309,onnx-community/mobilenetv4_conv_small.e2400_r224_in1k,fp16,webgpu,"park bench",0.087,1,,,,,,,,,480,640,70
1788566290973,40.02699743,-83.02368854,27.32066033489215,1788566287309,onnx-community/mobilenetv4_conv_small.e2400_r224_in1k,fp16,webgpu,"lakeside, lakeshore",0.052,2,,,,,,,,,480,640,70
1788566290973,40.02699743,-83.02368854,27.32066033489215,1788566287309,onnx-community/mobilenetv4_conv_small.e2400_r224_in1k,fp16,webgpu,"oxcart",0.044,3,,,,,,,,,480,640,70
1788566291754,40.02699743,-83.02368854,27.32066033489215,1788566287309,onnx-community/mobilenetv4_conv_small.e2400_r224_in1k,fp16,webgpu,"park bench",0.068,1,,,,,,,,,480,640,70
1788566291754,40.02699743,-83.02368854,27.32066033489215,1788566287309,onnx-community/mobilenetv4_conv_small.e2400_r224_in1k,fp16,webgpu,"oxcart",0.059,2,,,,,,,,,480,640,70
1788566291754,40.02699743,-83.02368854,27.32066033489215,1788566287309,onnx-community/mobilenetv4_conv_small.e2400_r224_in1k,fp16,webgpu,"lakeside, lakeshore",0.052,3,,,,,,,,,480,640,70
1788566292541,40.02699743,-83.02368854,27.32066033489215,1788566287309,onnx-community/mobilenetv4_conv_small.e2400_r224_in1k,fp16,webgpu,"oxcart",0.073,1,,,,,,,,,480,640,73
1788566292541,40.02699743,-83.02368854,27.32066033489215,1788566287309,onnx-community/mobilenetv4_conv_small.e2400_r224_in1k,fp16,webgpu,"horse cart, horse-cart",0.030,2,,,,,,,,,480,640,73
1788566292541,40.02699743,-83.02368854,27.32066033489215,1788566287309,onnx-community/mobilenetv4_conv_small.e2400_r224_in1k,fp16,webgpu,"jeep, landrover",0.030,3,,,,,,,,,480,640,73
1788566293311,40.02698982,-83.02368214,27.383052321890183,1788566290284,onnx-community/mobilenetv4_conv_small.e2400_r224_in1k,fp16,webgpu,"park bench",0.061,1,,,,,,,,,480,640,60
1788566293311,40.02698982,-83.02368214,27.383052321890183,1788566290284,onnx-community/mobilenetv4_conv_small.e2400_r224_in1k,fp16,webgpu,"oxcart",0.036,2,,,,,,,,,480,640,60
1788566293311,40.02698982,-83.02368214,27.383052321890183,1788566290284,onnx-community/mobilenetv4_conv_small.e2400_r224_in1k,fp16,webgpu,"lakeside, lakeshore",0.031,3,,,,,,,,,480,640,60
1788566294075,40.02698982,-83.02368214,27.383052321890183,1788566290284,onnx-community/mobilenetv4_conv_small.e2400_r224_in1k,fp16,webgpu,"park bench",0.059,1,,,,,,,,,480,640,60
1788566294075,40.02698982,-83.02368214,27.383052321890183,1788566290284,onnx-community/mobilenetv4_conv_small.e2400_r224_in1k,fp16,webgpu,"lakeside, lakeshore",0.038,2,,,,,,,,,480,640,60
1788566294075,40.02698982,-83.02368214,27.383052321890183,1788566290284,onnx-community/mobilenetv4_conv_small.e2400_r224_in1k,fp16,webgpu,"oxcart",0.034,3,,,,,,,,,480,640,60
1788566294852,40.02698982,-83.02368214,27.383052321890183,1788566290284,onnx-community/mobilenetv4_conv_small.e2400_r224_in1k,fp16,webgpu,"oxcart",0.162,1,,,,,,,,,480,640,69.99999999999272
1788566294852,40.02698982,-83.02368214,27.383052321890183,1788566290284,onnx-community/mobilenetv4_conv_small.e2400_r224_in1k,fp16,webgpu,"park bench",0.042,2,,,,,,,,,480,640,69.99999999999272
1788566294852,40.02698982,-83.02368214,27.383052321890183,1788566290284,onnx-community/mobilenetv4_conv_small.e2400_r224_in1k,fp16,webgpu,"horse cart, horse-cart",0.038,3,,,,,,,,,480,640,69.99999999999272
1788566295635,40.02698982,-83.02368214,27.383052321890183,1788566290284,onnx-community/mobilenetv4_conv_small.e2400_r224_in1k,fp16,webgpu,"oxcart",0.087,1,,,,,,,,,480,640,71
1788566295635,40.02698982,-83.02368214,27.383052321890183,1788566290284,onnx-community/mobilenetv4_conv_small.e2400_r224_in1k,fp16,webgpu,"park bench",0.081,2,,,,,,,,,480,640,71
1788566295635,40.02698982,-83.02368214,27.383052321890183,1788566290284,onnx-community/mobilenetv4_conv_small.e2400_r224_in1k,fp16,webgpu,"horse cart, horse-cart",0.030,3,,,,,,,,,480,640,71
1788566296405,40.02693359,-83.02357523,27.62510647176074,1788566293987,onnx-community/mobilenetv4_conv_small.e2400_r224_in1k,fp16,webgpu,"park bench",0.142,1,,,,,,,,,480,640,60
1788566296405,40.02693359,-83.02357523,27.62510647176074,1788566293987,onnx-community/mobilenetv4_conv_small.e2400_r224_in1k,fp16,webgpu,"oxcart",0.119,2,,,,,,,,,480,640,60
1788566296405,40.02693359,-83.02357523,27.62510647176074,1788566293987,onnx-community/mobilenetv4_conv_small.e2400_r224_in1k,fp16,webgpu,"horse cart, horse-cart",0.022,3,,,,,,,,,480,640,60
1788566297183,40.02693359,-83.02357523,27.62510647176074,1788566293987,onnx-community/mobilenetv4_conv_small.e2400_r224_in1k,fp16,webgpu,"oxcart",0.154,1,,,,,,,,,480,640,70
1788566297183,40.02693359,-83.02357523,27.62510647176074,1788566293987,onnx-community/mobilenetv4_conv_small.e2400_r224_in1k,fp16,webgpu,"park bench",0.060,2,,,,,,,,,480,640,70
1788566297183,40.02693359,-83.02357523,27.62510647176074,1788566293987,onnx-community/mobilenetv4_conv_small.e2400_r224_in1k,fp16,webgpu,"ox",0.030,3,,,,,,,,,480,640,70
1788566297965,40.02693359,-83.02357523,27.62510647176074,1788566293987,onnx-community/mobilenetv4_conv_small.e2400_r224_in1k,fp16,webgpu,"oxcart",0.142,1,,,,,,,,,480,640,71
1788566297965,40.02693359,-83.02357523,27.62510647176074,1788566293987,onnx-community/mobilenetv4_conv_small.e2400_r224_in1k,fp16,webgpu,"horse cart, horse-cart",0.047,2,,,,,,,,,480,640,71
1788566297965,40.02693359,-83.02357523,27.62510647176074,1788566293987,onnx-community/mobilenetv4_conv_small.e2400_r224_in1k,fp16,webgpu,"park bench",0.032,3,,,,,,,,,480,640,71
1788566298749,40.02693359,-83.02357523,27.62510647176074,1788566293987,onnx-community/mobilenetv4_conv_small.e2400_r224_in1k,fp16,webgpu,"oxcart",0.090,1,,,,,,,,,480,640,72
1788566298749,40.02693359,-83.02357523,27.62510647176074,1788566293987,onnx-community/mobilenetv4_conv_small.e2400_r224_in1k,fp16,webgpu,"horse cart, horse-cart",0.042,2,,,,,,,,,480,640,72
1788566298749,40.02693359,-83.02357523,27.62510647176074,1788566293987,onnx-community/mobilenetv4_conv_small.e2400_r224_in1k,fp16,webgpu,"ox",0.038,3,,,,,,,,,480,640,72
1788566299523,40.02692698,-83.02356952,29.00922303927768,1788566296312,onnx-community/mobilenetv4_conv_small.e2400_r224_in1k,fp16,webgpu,"park bench",0.105,1,,,,,,,,,480,640,64
1788566299523,40.02692698,-83.02356952,29.00922303927768,1788566296312,onnx-community/mobilenetv4_conv_small.e2400_r224_in1k,fp16,webgpu,"oxcart",0.070,2,,,,,,,,,480,640,64
1788566299523,40.02692698,-83.02356952,29.00922303927768,1788566296312,onnx-community/mobilenetv4_conv_small.e2400_r224_in1k,fp16,webgpu,"suspension bridge",0.029,3,,,,,,,,,480,640,64
1788566300304,40.02692698,-83.02356952,29.00922303927768,1788566296312,onnx-community/mobilenetv4_conv_small.e2400_r224_in1k,fp16,webgpu,"suspension bridge",0.072,1,,,,,,,,,480,640,62
1788566300304,40.02692698,-83.02356952,29.00922303927768,1788566296312,onnx-community/mobilenetv4_conv_small.e2400_r224_in1k,fp16,webgpu,"oxcart",0.067,2,,,,,,,,,480,640,62
1788566300304,40.02692698,-83.02356952,29.00922303927768,1788566296312,onnx-community/mobilenetv4_conv_small.e2400_r224_in1k,fp16,webgpu,"park bench",0.062,3,,,,,,,,,480,640,62
1788566301069,40.02692698,-83.02356952,29.00922303927768,1788566296312,onnx-community/mobilenetv4_conv_small.e2400_r224_in1k,fp16,webgpu,"oxcart",0.113,1,,,,,,,,,480,640,62
1788566301069,40.02692698,-83.02356952,29.00922303927768,1788566296312,onnx-community/mobilenetv4_conv_small.e2400_r224_in1k,fp16,webgpu,"park bench",0.098,2,,,,,,,,,480,640,62
1788566301069,40.02692698,-83.02356952,29.00922303927768,1788566296312,onnx-community/mobilenetv4_conv_small.e2400_r224_in1k,fp16,webgpu,"water buffalo, water ox, Asiatic buffalo, Bubalus bubalis",0.036,3,,,,,,,,,480,640,62
1788566301835,40.02692698,-83.02356952,29.00922303927768,1788566296312,onnx-community/mobilenetv4_conv_small.e2400_r224_in1k,fp16,webgpu,"park bench",0.125,1,,,,,,,,,480,640,61
1788566301835,40.02692698,-83.02356952,29.00922303927768,1788566296312,onnx-community/mobilenetv4_conv_small.e2400_r224_in1k,fp16,webgpu,"oxcart",0.079,2,,,,,,,,,480,640,61
1788566301835,40.02692698,-83.02356952,29.00922303927768,1788566296312,onnx-community/mobilenetv4_conv_small.e2400_r224_in1k,fp16,webgpu,"freight car",0.036,3,,,,,,,,,480,640,61
1788566302601,40.02693698,-83.02369913,28.554982756386245,1788566299824,onnx-community/mobilenetv4_conv_small.e2400_r224_in1k,fp16,webgpu,"park bench",0.092,1,,,,,,,,,480,640,61
1788566302601,40.02693698,-83.02369913,28.554982756386245,1788566299824,onnx-community/mobilenetv4_conv_small.e2400_r224_in1k,fp16,webgpu,"oxcart",0.083,2,,,,,,,,,480,640,61
1788566302601,40.02693698,-83.02369913,28.554982756386245,1788566299824,onnx-community/mobilenetv4_conv_small.e2400_r224_in1k,fp16,webgpu,"patio, terrace",0.064,3,,,,,,,,,480,640,61
1788566303378,40.02693698,-83.02369913,28.554982756386245,1788566299824,onnx-community/mobilenetv4_conv_small.e2400_r224_in1k,fp16,webgpu,"patio, terrace",0.097,1,,,,,,,,,480,640,73
1788566303378,40.02693698,-83.02369913,28.554982756386245,1788566299824,onnx-community/mobilenetv4_conv_small.e2400_r224_in1k,fp16,webgpu,"park bench",0.089,2,,,,,,,,,480,640,73
1788566303378,40.02693698,-83.02369913,28.554982756386245,1788566299824,onnx-community/mobilenetv4_conv_small.e2400_r224_in1k,fp16,webgpu,"oxcart",0.087,3,,,,,,,,,480,640,73
1788566304163,40.02693698,-83.02369913,28.554982756386245,1788566299824,onnx-community/mobilenetv4_conv_small.e2400_r224_in1k,fp16,webgpu,"sandbar, sand bar",0.087,1,,,,,,,,,480,640,75.00000000001455
1788566304163,40.02693698,-83.02369913,28.554982756386245,1788566299824,onnx-community/mobilenetv4_conv_small.e2400_r224_in1k,fp16,webgpu,"oxcart",0.073,2,,,,,,,,,480,640,75.00000000001455
1788566304163,40.02693698,-83.02369913,28.554982756386245,1788566299824,onnx-community/mobilenetv4_conv_small.e2400_r224_in1k,fp16,webgpu,"park bench",0.038,3,,,,,,,,,480,640,75.00000000001455
1788566304940,40.02693698,-83.02369913,28.554982756386245,1788566299824,onnx-community/mobilenetv4_conv_small.e2400_r224_in1k,fp16,webgpu,"oxcart",0.195,1,,,,,,,,,480,640,70.00000000001455
1788566304940,40.02693698,-83.02369913,28.554982756386245,1788566299824,onnx-community/mobilenetv4_conv_small.e2400_r224_in1k,fp16,webgpu,"sandbar, sand bar",0.046,2,,,,,,,,,480,640,70.00000000001455
1788566304940,40.02693698,-83.02369913,28.554982756386245,1788566299824,onnx-community/mobilenetv4_conv_small.e2400_r224_in1k,fp16,webgpu,"ox",0.037,3,,,,,,,,,480,640,70.00000000001455
1788566305726,40.02693723,-83.02370208,29.454158181698457,1788566302317,onnx-community/mobilenetv4_conv_small.e2400_r224_in1k,fp16,webgpu,"oxcart",0.067,1,,,,,,,,,480,640,73
1788566305726,40.02693723,-83.02370208,29.454158181698457,1788566302317,onnx-community/mobilenetv4_conv_small.e2400_r224_in1k,fp16,webgpu,"sandbar, sand bar",0.055,2,,,,,,,,,480,640,73
1788566305726,40.02693723,-83.02370208,29.454158181698457,1788566302317,onnx-community/mobilenetv4_conv_small.e2400_r224_in1k,fp16,webgpu,"valley, vale",0.054,3,,,,,,,,,480,640,73
1788566306505,40.02693723,-83.02370208,29.454158181698457,1788566302317,onnx-community/mobilenetv4_conv_small.e2400_r224_in1k,fp16,webgpu,"oxcart",0.234,1,,,,,,,,,480,640,70
1788566306505,40.02693723,-83.02370208,29.454158181698457,1788566302317,onnx-community/mobilenetv4_conv_small.e2400_r224_in1k,fp16,webgpu,"sandbar, sand bar",0.036,2,,,,,,,,,480,640,70
1788566306505,40.02693723,-83.02370208,29.454158181698457,1788566302317,onnx-community/mobilenetv4_conv_small.e2400_r224_in1k,fp16,webgpu,"valley, vale",0.033,3,,,,,,,,,480,640,70
1788566307291,40.02693723,-83.02370208,29.454158181698457,1788566302317,onnx-community/mobilenetv4_conv_small.e2400_r224_in1k,fp16,webgpu,"oxcart",0.132,1,,,,,,,,,480,640,73.00000000001455
1788566307291,40.02693723,-83.02370208,29.454158181698457,1788566302317,onnx-community/mobilenetv4_conv_small.e2400_r224_in1k,fp16,webgpu,"sandbar, sand bar",0.069,2,,,,,,,,,480,640,73.00000000001455
1788566307291,40.02693723,-83.02370208,29.454158181698457,1788566302317,onnx-community/mobilenetv4_conv_small.e2400_r224_in1k,fp16,webgpu,"valley, vale",0.033,3,,,,,,,,,480,640,73.00000000001455
1788566308073,40.02693723,-83.02370208,29.454158181698457,1788566302317,onnx-community/mobilenetv4_conv_small.e2400_r224_in1k,fp16,webgpu,"oxcart",0.090,1,,,,,,,,,480,640,74
1788566308073,40.02693723,-83.02370208,29.454158181698457,1788566302317,onnx-community/mobilenetv4_conv_small.e2400_r224_in1k,fp16,webgpu,"park bench",0.081,2,,,,,,,,,480,640,74
1788566308073,40.02693723,-83.02370208,29.454158181698457,1788566302317,onnx-community/mobilenetv4_conv_small.e2400_r224_in1k,fp16,webgpu,"valley, vale",0.040,3,,,,,,,,,480,640,74
1788566308852,40.02696016,-83.02365017,25.884160278448206,1788566305822,onnx-community/mobilenetv4_conv_small.e2400_r224_in1k,fp16,webgpu,"oxcart",0.127,1,,,,,,,,,480,640,70
1788566308852,40.02696016,-83.02365017,25.884160278448206,1788566305822,onnx-community/mobilenetv4_conv_small.e2400_r224_in1k,fp16,webgpu,"park bench",0.024,2,,,,,,,,,480,640,70
1788566308852,40.02696016,-83.02365017,25.884160278448206,1788566305822,onnx-community/mobilenetv4_conv_small.e2400_r224_in1k,fp16,webgpu,"schipperke",0.020,3,,,,,,,,,480,640,70
1788566309625,40.02696016,-83.02365017,25.884160278448206,1788566305822,onnx-community/mobilenetv4_conv_small.e2400_r224_in1k,fp16,webgpu,"oxcart",0.089,1,,,,,,,,,480,640,60.99999999998545
1788566309625,40.02696016,-83.02365017,25.884160278448206,1788566305822,onnx-community/mobilenetv4_conv_small.e2400_r224_in1k,fp16,webgpu,"park bench",0.063,2,,,,,,,,,480,640,60.99999999998545
1788566309625,40.02696016,-83.02365017,25.884160278448206,1788566305822,onnx-community/mobilenetv4_conv_small.e2400_r224_in1k,fp16,webgpu,"ox",0.020,3,,,,,,,,,480,640,60.99999999998545
1788566310384,40.02696016,-83.02365017,25.884160278448206,1788566305822,onnx-community/mobilenetv4_conv_small.e2400_r224_in1k,fp16,webgpu,"park bench",0.070,1,,,,,,,,,480,640,53
1788566310384,40.02696016,-83.02365017,25.884160278448206,1788566305822,onnx-community/mobilenetv4_conv_small.e2400_r224_in1k,fp16,webgpu,"oxcart",0.033,2,,,,,,,,,480,640,53
1788566310384,40.02696016,-83.02365017,25.884160278448206,1788566305822,onnx-community/mobilenetv4_conv_small.e2400_r224_in1k,fp16,webgpu,"patio, terrace",0.026,3,,,,,,,,,480,640,53
1788566311153,40.02696016,-83.02365017,25.884160278448206,1788566305822,onnx-community/mobilenetv4_conv_small.e2400_r224_in1k,fp16,webgpu,"leatherback turtle, leatherback, leathery turtle, Dermochelys coriacea",0.054,1,,,,,,,,,480,640,56
1788566311153,40.02696016,-83.02365017,25.884160278448206,1788566305822,onnx-community/mobilenetv4_conv_small.e2400_r224_in1k,fp16,webgpu,"oxcart",0.039,2,,,,,,,,,480,640,56
1788566311153,40.02696016,-83.02365017,25.884160278448206,1788566305822,onnx-community/mobilenetv4_conv_small.e2400_r224_in1k,fp16,webgpu,"seashore, coast, seacoast, sea-coast",0.030,3,,,,,,,,,480,640,56
1788566311919,40.02695891,-83.02364708,26.7082313142282,1788566308326,onnx-community/mobilenetv4_conv_small.e2400_r224_in1k,fp16,webgpu,"sandbar, sand bar",0.080,1,,,,,,,,,480,640,58.00000000001455
1788566311919,40.02695891,-83.02364708,26.7082313142282,1788566308326,onnx-community/mobilenetv4_conv_small.e2400_r224_in1k,fp16,webgpu,"lakeside, lakeshore",0.064,2,,,,,,,,,480,640,58.00000000001455
1788566311919,40.02695891,-83.02364708,26.7082313142282,1788566308326,onnx-community/mobilenetv4_conv_small.e2400_r224_in1k,fp16,webgpu,"seashore, coast, seacoast, sea-coast",0.033,3,,,,,,,,,480,640,58.00000000001455
1788566312684,40.02695891,-83.02364708,26.7082313142282,1788566308326,onnx-community/mobilenetv4_conv_small.e2400_r224_in1k,fp16,webgpu,"park bench",0.095,1,,,,,,,,,480,640,57
1788566312684,40.02695891,-83.02364708,26.7082313142282,1788566308326,onnx-community/mobilenetv4_conv_small.e2400_r224_in1k,fp16,webgpu,"oxcart",0.042,2,,,,,,,,,480,640,57
1788566312684,40.02695891,-83.02364708,26.7082313142282,1788566308326,onnx-community/mobilenetv4_conv_small.e2400_r224_in1k,fp16,webgpu,"lakeside, lakeshore",0.032,3,,,,,,,,,480,640,57
1788566313448,40.02695891,-83.02364708,26.7082313142282,1788566308326,onnx-community/mobilenetv4_conv_small.e2400_r224_in1k,fp16,webgpu,"park bench",0.081,1,,,,,,,,,480,640,54
1788566313448,40.02695891,-83.02364708,26.7082313142282,1788566308326,onnx-community/mobilenetv4_conv_small.e2400_r224_in1k,fp16,webgpu,"lakeside, lakeshore",0.028,2,,,,,,,,,480,640,54
1788566313448,40.02695891,-83.02364708,26.7082313142282,1788566308326,onnx-community/mobilenetv4_conv_small.e2400_r224_in1k,fp16,webgpu,"oxcart",0.025,3,,,,,,,,,480,640,54
1788566314214,40.02695891,-83.02364708,26.7082313142282,1788566308326,onnx-community/mobilenetv4_conv_small.e2400_r224_in1k,fp16,webgpu,"park bench",0.087,1,,,,,,,,,480,640,55
1788566314214,40.02695891,-83.02364708,26.7082313142282,1788566308326,onnx-community/mobilenetv4_conv_small.e2400_r224_in1k,fp16,webgpu,"oxcart",0.070,2,,,,,,,,,480,640,55
1788566314214,40.02695891,-83.02364708,26.7082313142282,1788566308326,onnx-community/mobilenetv4_conv_small.e2400_r224_in1k,fp16,webgpu,"patio, terrace",0.028,3,,,,,,,,,480,640,55
1788566314976,40.02691552,-83.02367303,26.928066828958546,1788566311926,onnx-community/mobilenetv4_conv_small.e2400_r224_in1k,fp16,webgpu,"oxcart",0.058,1,,,,,,,,,480,640,50
1788566314976,40.02691552,-83.02367303,26.928066828958546,1788566311926,onnx-community/mobilenetv4_conv_small.e2400_r224_in1k,fp16,webgpu,"park bench",0.051,2,,,,,,,,,480,640,50
1788566314976,40.02691552,-83.02367303,26.928066828958546,1788566311926,onnx-community/mobilenetv4_conv_small.e2400_r224_in1k,fp16,webgpu,"Labrador retriever",0.023,3,,,,,,,,,480,640,50
1788566315745,40.02691552,-83.02367303,26.928066828958546,1788566311926,onnx-community/mobilenetv4_conv_small.e2400_r224_in1k,fp16,webgpu,"park bench",0.090,1,,,,,,,,,480,640,54
1788566315745,40.02691552,-83.02367303,26.928066828958546,1788566311926,onnx-community/mobilenetv4_conv_small.e2400_r224_in1k,fp16,webgpu,"oxcart",0.058,2,,,,,,,,,480,640,54
1788566315745,40.02691552,-83.02367303,26.928066828958546,1788566311926,onnx-community/mobilenetv4_conv_small.e2400_r224_in1k,fp16,webgpu,"unicycle, monocycle",0.037,3,,,,,,,,,480,640,54
1788566316510,40.02691552,-83.02367303,26.928066828958546,1788566311926,onnx-community/mobilenetv4_conv_small.e2400_r224_in1k,fp16,webgpu,"lakeside, lakeshore",0.051,1,,,,,,,,,480,640,54
1788566316510,40.02691552,-83.02367303,26.928066828958546,1788566311926,onnx-community/mobilenetv4_conv_small.e2400_r224_in1k,fp16,webgpu,"park bench",0.047,2,,,,,,,,,480,640,54
1788566316510,40.02691552,-83.02367303,26.928066828958546,1788566311926,onnx-community/mobilenetv4_conv_small.e2400_r224_in1k,fp16,webgpu,"oxcart",0.040,3,,,,,,,,,480,640,54
1788566317281,40.02691552,-83.02367303,26.928066828958546,1788566311926,onnx-community/mobilenetv4_conv_small.e2400_r224_in1k,fp16,webgpu,"lakeside, lakeshore",0.093,1,,,,,,,,,480,640,58
1788566317281,40.02691552,-83.02367303,26.928066828958546,1788566311926,onnx-community/mobilenetv4_conv_small.e2400_r224_in1k,fp16,webgpu,"park bench",0.049,2,,,,,,,,,480,640,58
1788566317281,40.02691552,-83.02367303,26.928066828958546,1788566311926,onnx-community/mobilenetv4_conv_small.e2400_r224_in1k,fp16,webgpu,"oxcart",0.033,3,,,,,,,,,480,640,58
1788566318048,40.02691001,-83.02367716,28.374030462574844,1788566314334,onnx-community/mobilenetv4_conv_small.e2400_r224_in1k,fp16,webgpu,"mountain bike, all-terrain bike, off-roader",0.137,1,,,,,,,,,480,640,59
1788566318048,40.02691001,-83.02367716,28.374030462574844,1788566314334,onnx-community/mobilenetv4_conv_small.e2400_r224_in1k,fp16,webgpu,"lakeside, lakeshore",0.071,2,,,,,,,,,480,640,59
1788566318048,40.02691001,-83.02367716,28.374030462574844,1788566314334,onnx-community/mobilenetv4_conv_small.e2400_r224_in1k,fp16,webgpu,"unicycle, monocycle",0.043,3,,,,,,,,,480,640,59
1788566318811,40.02691001,-83.02367716,28.374030462574844,1788566314334,onnx-community/mobilenetv4_conv_small.e2400_r224_in1k,fp16,webgpu,"park bench",0.134,1,,,,,,,,,480,640,59
1788566318811,40.02691001,-83.02367716,28.374030462574844,1788566314334,onnx-community/mobilenetv4_conv_small.e2400_r224_in1k,fp16,webgpu,"lakeside, lakeshore",0.065,2,,,,,,,,,480,640,59
1788566318811,40.02691001,-83.02367716,28.374030462574844,1788566314334,onnx-community/mobilenetv4_conv_small.e2400_r224_in1k,fp16,webgpu,"mobile home, manufactured home",0.037,3,,,,,,,,,480,640,59
1788566319578,40.02691001,-83.02367716,28.374030462574844,1788566314334,onnx-community/mobilenetv4_conv_small.e2400_r224_in1k,fp16,webgpu,"park bench",0.158,1,,,,,,,,,480,640,58
1788566319578,40.02691001,-83.02367716,28.374030462574844,1788566314334,onnx-community/mobilenetv4_conv_small.e2400_r224_in1k,fp16,webgpu,"mobile home, manufactured home",0.056,2,,,,,,,,,480,640,58
1788566319578,40.02691001,-83.02367716,28.374030462574844,1788566314334,onnx-community/mobilenetv4_conv_small.e2400_r224_in1k,fp16,webgpu,"unicycle, monocycle",0.035,3,,,,,,,,,480,640,58
1788566320342,40.02685044,-83.02368307,26.332563511598263,1788566318092,onnx-community/mobilenetv4_conv_small.e2400_r224_in1k,fp16,webgpu,"park bench",0.217,1,,,,,,,,,480,640,56
1788566320342,40.02685044,-83.02368307,26.332563511598263,1788566318092,onnx-community/mobilenetv4_conv_small.e2400_r224_in1k,fp16,webgpu,"lakeside, lakeshore",0.109,2,,,,,,,,,480,640,56
1788566320342,40.02685044,-83.02368307,26.332563511598263,1788566318092,onnx-community/mobilenetv4_conv_small.e2400_r224_in1k,fp16,webgpu,"mobile home, manufactured home",0.028,3,,,,,,,,,480,640,56
1788566321109,40.02685044,-83.02368307,26.332563511598263,1788566318092,onnx-community/mobilenetv4_conv_small.e2400_r224_in1k,fp16,webgpu,"lakeside, lakeshore",0.080,1,,,,,,,,,480,640,57
1788566321109,40.02685044,-83.02368307,26.332563511598263,1788566318092,onnx-community/mobilenetv4_conv_small.e2400_r224_in1k,fp16,webgpu,"park bench",0.070,2,,,,,,,,,480,640,57
1788566321109,40.02685044,-83.02368307,26.332563511598263,1788566318092,onnx-community/mobilenetv4_conv_small.e2400_r224_in1k,fp16,webgpu,"sandbar, sand bar",0.054,3,,,,,,,,,480,640,57
1788566321880,40.02685044,-83.02368307,26.332563511598263,1788566318092,onnx-community/mobilenetv4_conv_small.e2400_r224_in1k,fp16,webgpu,"park bench",0.112,1,,,,,,,,,480,640,61.99999999998545
1788566321880,40.02685044,-83.02368307,26.332563511598263,1788566318092,onnx-community/mobilenetv4_conv_small.e2400_r224_in1k,fp16,webgpu,"lakeside, lakeshore",0.078,2,,,,,,,,,480,640,61.99999999998545
1788566321880,40.02685044,-83.02368307,26.332563511598263,1788566318092,onnx-community/mobilenetv4_conv_small.e2400_r224_in1k,fp16,webgpu,"mobile home, manufactured home",0.032,3,,,,,,,,,480,640,61.99999999998545
1788566322636,40.02685044,-83.02368307,26.332563511598263,1788566318092,onnx-community/mobilenetv4_conv_small.e2400_r224_in1k,fp16,webgpu,"lakeside, lakeshore",0.133,1,,,,,,,,,480,640,53
1788566322636,40.02685044,-83.02368307,26.332563511598263,1788566318092,onnx-community/mobilenetv4_conv_small.e2400_r224_in1k,fp16,webgpu,"park bench",0.127,2,,,,,,,,,480,640,53
1788566322636,40.02685044,-83.02368307,26.332563511598263,1788566318092,onnx-community/mobilenetv4_conv_small.e2400_r224_in1k,fp16,webgpu,"mobile home, manufactured home",0.036,3,,,,,,,,,480,640,53
1788566323407,40.02684835,-83.02368694,27.191156238995706,1788566320335,onnx-community/mobilenetv4_conv_small.e2400_r224_in1k,fp16,webgpu,"park bench",0.154,1,,,,,,,,,480,640,55
1788566323407,40.02684835,-83.02368694,27.191156238995706,1788566320335,onnx-community/mobilenetv4_conv_small.e2400_r224_in1k,fp16,webgpu,"lakeside, lakeshore",0.052,2,,,,,,,,,480,640,55
1788566323407,40.02684835,-83.02368694,27.191156238995706,1788566320335,onnx-community/mobilenetv4_conv_small.e2400_r224_in1k,fp16,webgpu,"oxcart",0.045,3,,,,,,,,,480,640,55
1788566324169,40.02684835,-83.02368694,27.191156238995706,1788566320335,onnx-community/mobilenetv4_conv_small.e2400_r224_in1k,fp16,webgpu,"park bench",0.157,1,,,,,,,,,480,640,54.00000000001455
1788566324169,40.02684835,-83.02368694,27.191156238995706,1788566320335,onnx-community/mobilenetv4_conv_small.e2400_r224_in1k,fp16,webgpu,"lakeside, lakeshore",0.089,2,,,,,,,,,480,640,54.00000000001455
1788566324169,40.02684835,-83.02368694,27.191156238995706,1788566320335,onnx-community/mobilenetv4_conv_small.e2400_r224_in1k,fp16,webgpu,"mountain bike, all-terrain bike, off-roader",0.051,3,,,,,,,,,480,640,54.00000000001455
1788566324934,40.02684835,-83.02368694,27.191156238995706,1788566320335,onnx-community/mobilenetv4_conv_small.e2400_r224_in1k,fp16,webgpu,"mountain bike, all-terrain bike, off-roader",0.155,1,,,,,,,,,480,640,53.00000000001455
1788566324934,40.02684835,-83.02368694,27.191156238995706,1788566320335,onnx-community/mobilenetv4_conv_small.e2400_r224_in1k,fp16,webgpu,"lakeside, lakeshore",0.075,2,,,,,,,,,480,640,53.00000000001455
1788566324934,40.02684835,-83.02368694,27.191156238995706,1788566320335,onnx-community/mobilenetv4_conv_small.e2400_r224_in1k,fp16,webgpu,"park bench",0.066,3,,,,,,,,,480,640,53.00000000001455
1788566325701,40.02684835,-83.02368694,27.191156238995706,1788566320335,onnx-community/mobilenetv4_conv_small.e2400_r224_in1k,fp16,webgpu,"park bench",0.207,1,,,,,,,,,480,640,55
1788566325701,40.02684835,-83.02368694,27.191156238995706,1788566320335,onnx-community/mobilenetv4_conv_small.e2400_r224_in1k,fp16,webgpu,"lakeside, lakeshore",0.154,2,,,,,,,,,480,640,55
1788566325701,40.02684835,-83.02368694,27.191156238995706,1788566320335,onnx-community/mobilenetv4_conv_small.e2400_r224_in1k,fp16,webgpu,"mountain bike, all-terrain bike, off-roader",0.036,3,,,,,,,,,480,640,55
1788566326479,40.02679481,-83.02368389,26.33400579723354,1788566323933,onnx-community/mobilenetv4_conv_small.e2400_r224_in1k,fp16,webgpu,"park bench",0.206,1,,,,,,,,,480,640,68
1788566326479,40.02679481,-83.02368389,26.33400579723354,1788566323933,onnx-community/mobilenetv4_conv_small.e2400_r224_in1k,fp16,webgpu,"lakeside, lakeshore",0.110,2,,,,,,,,,480,640,68
1788566326479,40.02679481,-83.02368389,26.33400579723354,1788566323933,onnx-community/mobilenetv4_conv_small.e2400_r224_in1k,fp16,webgpu,"sandbar, sand bar",0.039,3,,,,,,,,,480,640,68
1788566327266,40.02679481,-83.02368389,26.33400579723354,1788566323933,onnx-community/mobilenetv4_conv_small.e2400_r224_in1k,fp16,webgpu,"park bench",0.121,1,,,,,,,,,480,640,72
1788566327266,40.02679481,-83.02368389,26.33400579723354,1788566323933,onnx-community/mobilenetv4_conv_small.e2400_r224_in1k,fp16,webgpu,"sandbar, sand bar",0.050,2,,,,,,,,,480,640,72
1788566327266,40.02679481,-83.02368389,26.33400579723354,1788566323933,onnx-community/mobilenetv4_conv_small.e2400_r224_in1k,fp16,webgpu,"lakeside, lakeshore",0.048,3,,,,,,,,,480,640,72
1788566328045,40.02679481,-83.02368389,26.33400579723354,1788566323933,onnx-community/mobilenetv4_conv_small.e2400_r224_in1k,fp16,webgpu,"park bench",0.094,1,,,,,,,,,480,640,69
1788566328045,40.02679481,-83.02368389,26.33400579723354,1788566323933,onnx-community/mobilenetv4_conv_small.e2400_r224_in1k,fp16,webgpu,"lakeside, lakeshore",0.068,2,,,,,,,,,480,640,69
1788566328045,40.02679481,-83.02368389,26.33400579723354,1788566323933,onnx-community/mobilenetv4_conv_small.e2400_r224_in1k,fp16,webgpu,"mountain bike, all-terrain bike, off-roader",0.044,3,,,,,,,,,480,640,69
1788566328829,40.02679481,-83.02368389,26.33400579723354,1788566323933,onnx-community/mobilenetv4_conv_small.e2400_r224_in1k,fp16,webgpu,"sandbar, sand bar",0.102,1,,,,,,,,,480,640,69
1788566328829,40.02679481,-83.02368389,26.33400579723354,1788566323933,onnx-community/mobilenetv4_conv_small.e2400_r224_in1k,fp16,webgpu,"seashore, coast, seacoast, sea-coast",0.068,2,,,,,,,,,480,640,69
1788566328829,40.02679481,-83.02368389,26.33400579723354,1788566323933,onnx-community/mobilenetv4_conv_small.e2400_r224_in1k,fp16,webgpu,"jeep, landrover",0.045,3,,,,,,,,,480,640,69
1788566329618,40.02678734,-83.02368483,27.76210362149706,1788566326350,onnx-community/mobilenetv4_conv_small.e2400_r224_in1k,fp16,webgpu,"sandbar, sand bar",0.107,1,,,,,,,,,480,640,75
1788566329618,40.02678734,-83.02368483,27.76210362149706,1788566326350,onnx-community/mobilenetv4_conv_small.e2400_r224_in1k,fp16,webgpu,"seashore, coast, seacoast, sea-coast",0.077,2,,,,,,,,,480,640,75
1788566329618,40.02678734,-83.02368483,27.76210362149706,1788566326350,onnx-community/mobilenetv4_conv_small.e2400_r224_in1k,fp16,webgpu,"oxcart",0.047,3,,,,,,,,,480,640,75
1788566330397,40.02678734,-83.02368483,27.76210362149706,1788566326350,onnx-community/mobilenetv4_conv_small.e2400_r224_in1k,fp16,webgpu,"park bench",0.102,1,,,,,,,,,480,640,73
1788566330397,40.02678734,-83.02368483,27.76210362149706,1788566326350,onnx-community/mobilenetv4_conv_small.e2400_r224_in1k,fp16,webgpu,"lakeside, lakeshore",0.077,2,,,,,,,,,480,640,73
1788566330397,40.02678734,-83.02368483,27.76210362149706,1788566326350,onnx-community/mobilenetv4_conv_small.e2400_r224_in1k,fp16,webgpu,"oxcart",0.076,3,,,,,,,,,480,640,73
1788566331181,40.02678734,-83.02368483,27.76210362149706,1788566326350,onnx-community/mobilenetv4_conv_small.e2400_r224_in1k,fp16,webgpu,"park bench",0.102,1,,,,,,,,,480,640,74.00000000001455
1788566331181,40.02678734,-83.02368483,27.76210362149706,1788566326350,onnx-community/mobilenetv4_conv_small.e2400_r224_in1k,fp16,webgpu,"lakeside, lakeshore",0.090,2,,,,,,,,,480,640,74.00000000001455
1788566331181,40.02678734,-83.02368483,27.76210362149706,1788566326350,onnx-community/mobilenetv4_conv_small.e2400_r224_in1k,fp16,webgpu,"valley, vale",0.043,3,,,,,,,,,480,640,74.00000000001455
1788566331965,40.02678734,-83.02368483,27.76210362149706,1788566326350,onnx-community/mobilenetv4_conv_small.e2400_r224_in1k,fp16,webgpu,"sandbar, sand bar",0.168,1,,,,,,,,,480,640,77
1788566331965,40.02678734,-83.02368483,27.76210362149706,1788566326350,onnx-community/mobilenetv4_conv_small.e2400_r224_in1k,fp16,webgpu,"seashore, coast, seacoast, sea-coast",0.060,2,,,,,,,,,480,640,77
1788566331965,40.02678734,-83.02368483,27.76210362149706,1788566326350,onnx-community/mobilenetv4_conv_small.e2400_r224_in1k,fp16,webgpu,"lakeside, lakeshore",0.056,3,,,,,,,,,480,640,77
1788566332739,40.02690430,-83.02353469,25.769656618189046,1788566329932,onnx-community/mobilenetv4_conv_small.e2400_r224_in1k,fp16,webgpu,"park bench",0.098,1,,,,,,,,,480,640,67.99999999998545
1788566332739,40.02690430,-83.02353469,25.769656618189046,1788566329932,onnx-community/mobilenetv4_conv_small.e2400_r224_in1k,fp16,webgpu,"lakeside, lakeshore",0.065,2,,,,,,,,,480,640,67.99999999998545
1788566332739,40.02690430,-83.02353469,25.769656618189046,1788566329932,onnx-community/mobilenetv4_conv_small.e2400_r224_in1k,fp16,webgpu,"oxcart",0.042,3,,,,,,,,,480,640,67.99999999998545
1788566333524,40.02690430,-83.02353469,25.769656618189046,1788566329932,onnx-community/mobilenetv4_conv_small.e2400_r224_in1k,fp16,webgpu,"park bench",0.111,1,,,,,,,,,480,640,70
1788566333524,40.02690430,-83.02353469,25.769656618189046,1788566329932,onnx-community/mobilenetv4_conv_small.e2400_r224_in1k,fp16,webgpu,"oxcart",0.097,2,,,,,,,,,480,640,70
1788566333524,40.02690430,-83.02353469,25.769656618189046,1788566329932,onnx-community/mobilenetv4_conv_small.e2400_r224_in1k,fp16,webgpu,"lakeside, lakeshore",0.046,3,,,,,,,,,480,640,70
1788566334310,40.02690430,-83.02353469,25.769656618189046,1788566329932,onnx-community/mobilenetv4_conv_small.e2400_r224_in1k,fp16,webgpu,"park bench",0.068,1,,,,,,,,,480,640,74
1788566334310,40.02690430,-83.02353469,25.769656618189046,1788566329932,onnx-community/mobilenetv4_conv_small.e2400_r224_in1k,fp16,webgpu,"mobile home, manufactured home",0.033,2,,,,,,,,,480,640,74
1788566334310,40.02690430,-83.02353469,25.769656618189046,1788566329932,onnx-community/mobilenetv4_conv_small.e2400_r224_in1k,fp16,webgpu,"sandbar, sand bar",0.031,3,,,,,,,,,480,640,74
1788566335088,40.02690430,-83.02353469,25.769656618189046,1788566329932,onnx-community/mobilenetv4_conv_small.e2400_r224_in1k,fp16,webgpu,"park bench",0.057,1,,,,,,,,,480,640,69
1788566335088,40.02690430,-83.02353469,25.769656618189046,1788566329932,onnx-community/mobilenetv4_conv_small.e2400_r224_in1k,fp16,webgpu,"lakeside, lakeshore",0.051,2,,,,,,,,,480,640,69
1788566335088,40.02690430,-83.02353469,25.769656618189046,1788566329932,onnx-community/mobilenetv4_conv_small.e2400_r224_in1k,fp16,webgpu,"sandbar, sand bar",0.050,3,,,,,,,,,480,640,69
1788566335877,40.02691224,-83.02352224,26.89778994218178,1788566332356,onnx-community/mobilenetv4_conv_small.e2400_r224_in1k,fp16,webgpu,"park bench",0.133,1,,,,,,,,,480,640,76
1788566335877,40.02691224,-83.02352224,26.89778994218178,1788566332356,onnx-community/mobilenetv4_conv_small.e2400_r224_in1k,fp16,webgpu,"oxcart",0.075,2,,,,,,,,,480,640,76
1788566335877,40.02691224,-83.02352224,26.89778994218178,1788566332356,onnx-community/mobilenetv4_conv_small.e2400_r224_in1k,fp16,webgpu,"sandbar, sand bar",0.046,3,,,,,,,,,480,640,76
1788566336653,40.02691224,-83.02352224,26.89778994218178,1788566332356,onnx-community/mobilenetv4_conv_small.e2400_r224_in1k,fp16,webgpu,"sandbar, sand bar",0.101,1,,,,,,,,,480,640,69
1788566336653,40.02691224,-83.02352224,26.89778994218178,1788566332356,onnx-community/mobilenetv4_conv_small.e2400_r224_in1k,fp16,webgpu,"lakeside, lakeshore",0.049,2,,,,,,,,,480,640,69
1788566336653,40.02691224,-83.02352224,26.89778994218178,1788566332356,onnx-community/mobilenetv4_conv_small.e2400_r224_in1k,fp16,webgpu,"park bench",0.031,3,,,,,,,,,480,640,69
1788566337440,40.02691224,-83.02352224,26.89778994218178,1788566332356,onnx-community/mobilenetv4_conv_small.e2400_r224_in1k,fp16,webgpu,"sandbar, sand bar",0.167,1,,,,,,,,,480,640,74.00000000001455
1788566337440,40.02691224,-83.02352224,26.89778994218178,1788566332356,onnx-community/mobilenetv4_conv_small.e2400_r224_in1k,fp16,webgpu,"lakeside, lakeshore",0.061,2,,,,,,,,,480,640,74.00000000001455
1788566337440,40.02691224,-83.02352224,26.89778994218178,1788566332356,onnx-community/mobilenetv4_conv_small.e2400_r224_in1k,fp16,webgpu,"jeep, landrover",0.034,3,,,,,,,,,480,640,74.00000000001455
1788566338211,40.02691224,-83.02352224,26.89778994218178,1788566332356,onnx-community/mobilenetv4_conv_small.e2400_r224_in1k,fp16,webgpu,"sandbar, sand bar",0.218,1,,,,,,,,,480,640,63.00000000001455
1788566338211,40.02691224,-83.02352224,26.89778994218178,1788566332356,onnx-community/mobilenetv4_conv_small.e2400_r224_in1k,fp16,webgpu,"lakeside, lakeshore",0.065,2,,,,,,,,,480,640,63.00000000001455
1788566338211,40.02691224,-83.02352224,26.89778994218178,1788566332356,onnx-community/mobilenetv4_conv_small.e2400_r224_in1k,fp16,webgpu,"seashore, coast, seacoast, sea-coast",0.061,3,,,,,,,,,480,640,63.00000000001455
1788566339002,40.02679124,-83.02356272,25.20522969094352,1788566335927,onnx-community/mobilenetv4_conv_small.e2400_r224_in1k,fp16,webgpu,"lakeside, lakeshore",0.070,1,,,,,,,,,480,640,70.99999999998545
1788566339002,40.02679124,-83.02356272,25.20522969094352,1788566335927,onnx-community/mobilenetv4_conv_small.e2400_r224_in1k,fp16,webgpu,"park bench",0.065,2,,,,,,,,,480,640,70.99999999998545
1788566339002,40.02679124,-83.02356272,25.20522969094352,1788566335927,onnx-community/mobilenetv4_conv_small.e2400_r224_in1k,fp16,webgpu,"mobile home, manufactured home",0.046,3,,,,,,,,,480,640,70.99999999998545
1788566339782,40.02679124,-83.02356272,25.20522969094352,1788566335927,onnx-community/mobilenetv4_conv_small.e2400_r224_in1k,fp16,webgpu,"park bench",0.084,1,,,,,,,,,480,640,70
1788566339782,40.02679124,-83.02356272,25.20522969094352,1788566335927,onnx-community/mobilenetv4_conv_small.e2400_r224_in1k,fp16,webgpu,"lakeside, lakeshore",0.054,2,,,,,,,,,480,640,70
1788566339782,40.02679124,-83.02356272,25.20522969094352,1788566335927,onnx-community/mobilenetv4_conv_small.e2400_r224_in1k,fp16,webgpu,"jeep, landrover",0.033,3,,,,,,,,,480,640,70
1788566340566,40.02679124,-83.02356272,25.20522969094352,1788566335927,onnx-community/mobilenetv4_conv_small.e2400_r224_in1k,fp16,webgpu,"lakeside, lakeshore",0.078,1,,,,,,,,,480,640,70
1788566340566,40.02679124,-83.02356272,25.20522969094352,1788566335927,onnx-community/mobilenetv4_conv_small.e2400_r224_in1k,fp16,webgpu,"park bench",0.069,2,,,,,,,,,480,640,70
1788566340566,40.02679124,-83.02356272,25.20522969094352,1788566335927,onnx-community/mobilenetv4_conv_small.e2400_r224_in1k,fp16,webgpu,"jeep, landrover",0.037,3,,,,,,,,,480,640,70
1788566341341,40.02679124,-83.02356272,25.20522969094352,1788566335927,onnx-community/mobilenetv4_conv_small.e2400_r224_in1k,fp16,webgpu,"park bench",0.117,1,,,,,,,,,480,640,63
1788566341341,40.02679124,-83.02356272,25.20522969094352,1788566335927,onnx-community/mobilenetv4_conv_small.e2400_r224_in1k,fp16,webgpu,"lakeside, lakeshore",0.027,2,,,,,,,,,480,640,63
1788566341341,40.02679124,-83.02356272,25.20522969094352,1788566335927,onnx-community/mobilenetv4_conv_small.e2400_r224_in1k,fp16,webgpu,"jeep, landrover",0.022,3,,,,,,,,,480,640,63
1788566342116,40.02678400,-83.02355306,25.340886646558474,1788566338367,onnx-community/mobilenetv4_conv_small.e2400_r224_in1k,fp16,webgpu,"mountain bike, all-terrain bike, off-roader",0.274,1,,,,,,,,,480,640,71.99999999998545
1788566342116,40.02678400,-83.02355306,25.340886646558474,1788566338367,onnx-community/mobilenetv4_conv_small.e2400_r224_in1k,fp16,webgpu,"lakeside, lakeshore",0.080,2,,,,,,,,,480,640,71.99999999998545
1788566342116,40.02678400,-83.02355306,25.340886646558474,1788566338367,onnx-community/mobilenetv4_conv_small.e2400_r224_in1k,fp16,webgpu,"unicycle, monocycle",0.035,3,,,,,,,,,480,640,71.99999999998545
1788566342897,40.02678400,-83.02355306,25.340886646558474,1788566338367,onnx-community/mobilenetv4_conv_small.e2400_r224_in1k,fp16,webgpu,"park bench",0.072,1,,,,,,,,,480,640,72
1788566342897,40.02678400,-83.02355306,25.340886646558474,1788566338367,onnx-community/mobilenetv4_conv_small.e2400_r224_in1k,fp16,webgpu,"mountain bike, all-terrain bike, off-roader",0.066,2,,,,,,,,,480,640,72
1788566342897,40.02678400,-83.02355306,25.340886646558474,1788566338367,onnx-community/mobilenetv4_conv_small.e2400_r224_in1k,fp16,webgpu,"lakeside, lakeshore",0.051,3,,,,,,,,,480,640,72
1788566343683,40.02678400,-83.02355306,25.340886646558474,1788566338367,onnx-community/mobilenetv4_conv_small.e2400_r224_in1k,fp16,webgpu,"lakeside, lakeshore",0.070,1,,,,,,,,,480,640,74
1788566343683,40.02678400,-83.02355306,25.340886646558474,1788566338367,onnx-community/mobilenetv4_conv_small.e2400_r224_in1k,fp16,webgpu,"park bench",0.059,2,,,,,,,,,480,640,74
1788566343683,40.02678400,-83.02355306,25.340886646558474,1788566338367,onnx-community/mobilenetv4_conv_small.e2400_r224_in1k,fp16,webgpu,"jeep, landrover",0.042,3,,,,,,,,,480,640,74
1788566344444,40.02669790,-83.02358255,25.181052692246173,1788566342199,onnx-community/mobilenetv4_conv_small.e2400_r224_in1k,fp16,webgpu,"lakeside, lakeshore",0.139,1,,,,,,,,,480,640,54
1788566344444,40.02669790,-83.02358255,25.181052692246173,1788566342199,onnx-community/mobilenetv4_conv_small.e2400_r224_in1k,fp16,webgpu,"mountain bike, all-terrain bike, off-roader",0.134,2,,,,,,,,,480,640,54
1788566344444,40.02669790,-83.02358255,25.181052692246173,1788566342199,onnx-community/mobilenetv4_conv_small.e2400_r224_in1k,fp16,webgpu,"unicycle, monocycle",0.044,3,,,,,,,,,480,640,54
1788566345218,40.02669790,-83.02358255,25.181052692246173,1788566342199,onnx-community/mobilenetv4_conv_small.e2400_r224_in1k,fp16,webgpu,"park bench",0.093,1,,,,,,,,,480,640,61
1788566345218,40.02669790,-83.02358255,25.181052692246173,1788566342199,onnx-community/mobilenetv4_conv_small.e2400_r224_in1k,fp16,webgpu,"lakeside, lakeshore",0.042,2,,,,,,,,,480,640,61
1788566345218,40.02669790,-83.02358255,25.181052692246173,1788566342199,onnx-community/mobilenetv4_conv_small.e2400_r224_in1k,fp16,webgpu,"mountain bike, all-terrain bike, off-roader",0.042,3,,,,,,,,,480,640,61
1788566345987,40.02669790,-83.02358255,25.181052692246173,1788566342199,onnx-community/mobilenetv4_conv_small.e2400_r224_in1k,fp16,webgpu,"park bench",0.133,1,,,,,,,,,480,640,65
1788566345987,40.02669790,-83.02358255,25.181052692246173,1788566342199,onnx-community/mobilenetv4_conv_small.e2400_r224_in1k,fp16,webgpu,"lakeside, lakeshore",0.053,2,,,,,,,,,480,640,65
1788566345987,40.02669790,-83.02358255,25.181052692246173,1788566342199,onnx-community/mobilenetv4_conv_small.e2400_r224_in1k,fp16,webgpu,"sandbar, sand bar",0.035,3,,,,,,,,,480,640,65
1788566346767,40.02669790,-83.02358255,25.181052692246173,1788566342199,onnx-community/mobilenetv4_conv_small.e2400_r224_in1k,fp16,webgpu,"park bench",0.329,1,,,,,,,,,480,640,62.99999999998545
1788566346767,40.02669790,-83.02358255,25.181052692246173,1788566342199,onnx-community/mobilenetv4_conv_small.e2400_r224_in1k,fp16,webgpu,"lakeside, lakeshore",0.072,2,,,,,,,,,480,640,62.99999999998545
1788566346767,40.02669790,-83.02358255,25.181052692246173,1788566342199,onnx-community/mobilenetv4_conv_small.e2400_r224_in1k,fp16,webgpu,"viaduct",0.034,3,,,,,,,,,480,640,62.99999999998545
1788566347543,40.02655834,-83.02365475,24.421957007678976,1788566344375,onnx-community/mobilenetv4_conv_small.e2400_r224_in1k,fp16,webgpu,"park bench",0.133,1,,,,,,,,,480,640,72
1788566347543,40.02655834,-83.02365475,24.421957007678976,1788566344375,onnx-community/mobilenetv4_conv_small.e2400_r224_in1k,fp16,webgpu,"lakeside, lakeshore",0.097,2,,,,,,,,,480,640,72
1788566347543,40.02655834,-83.02365475,24.421957007678976,1788566344375,onnx-community/mobilenetv4_conv_small.e2400_r224_in1k,fp16,webgpu,"sandbar, sand bar",0.069,3,,,,,,,,,480,640,72
1788566348326,40.02655834,-83.02365475,24.421957007678976,1788566344375,onnx-community/mobilenetv4_conv_small.e2400_r224_in1k,fp16,webgpu,"lakeside, lakeshore",0.123,1,,,,,,,,,480,640,73.00000000001455
1788566348326,40.02655834,-83.02365475,24.421957007678976,1788566344375,onnx-community/mobilenetv4_conv_small.e2400_r224_in1k,fp16,webgpu,"park bench",0.089,2,,,,,,,,,480,640,73.00000000001455
1788566348326,40.02655834,-83.02365475,24.421957007678976,1788566344375,onnx-community/mobilenetv4_conv_small.e2400_r224_in1k,fp16,webgpu,"mountain bike, all-terrain bike, off-roader",0.046,3,,,,,,,,,480,640,73.00000000001455
1788566349102,40.02655834,-83.02365475,24.421957007678976,1788566344375,onnx-community/mobilenetv4_conv_small.e2400_r224_in1k,fp16,webgpu,"park bench",0.188,1,,,,,,,,,480,640,66
1788566349102,40.02655834,-83.02365475,24.421957007678976,1788566344375,onnx-community/mobilenetv4_conv_small.e2400_r224_in1k,fp16,webgpu,"lakeside, lakeshore",0.127,2,,,,,,,,,480,640,66
1788566349102,40.02655834,-83.02365475,24.421957007678976,1788566344375,onnx-community/mobilenetv4_conv_small.e2400_r224_in1k,fp16,webgpu,"mobile home, manufactured home",0.037,3,,,,,,,,,480,640,66
1788566349887,40.02655834,-83.02365475,24.421957007678976,1788566344375,onnx-community/mobilenetv4_conv_small.e2400_r224_in1k,fp16,webgpu,"park bench",0.415,1,,,,,,,,,480,640,70
1788566349887,40.02655834,-83.02365475,24.421957007678976,1788566344375,onnx-community/mobilenetv4_conv_small.e2400_r224_in1k,fp16,webgpu,"lakeside, lakeshore",0.094,2,,,,,,,,,480,640,70
1788566349887,40.02655834,-83.02365475,24.421957007678976,1788566344375,onnx-community/mobilenetv4_conv_small.e2400_r224_in1k,fp16,webgpu,"sandbar, sand bar",0.015,3,,,,,,,,,480,640,70
1788566350675,40.02647374,-83.02362805,23.622431427643345,1788566348087,onnx-community/mobilenetv4_conv_small.e2400_r224_in1k,fp16,webgpu,"park bench",0.328,1,,,,,,,,,480,640,74.00000000001455
1788566350675,40.02647374,-83.02362805,23.622431427643345,1788566348087,onnx-community/mobilenetv4_conv_small.e2400_r224_in1k,fp16,webgpu,"lakeside, lakeshore",0.119,2,,,,,,,,,480,640,74.00000000001455
1788566350675,40.02647374,-83.02362805,23.622431427643345,1788566348087,onnx-community/mobilenetv4_conv_small.e2400_r224_in1k,fp16,webgpu,"sandbar, sand bar",0.023,3,,,,,,,,,480,640,74.00000000001455
1788566351454,40.02647374,-83.02362805,23.622431427643345,1788566348087,onnx-community/mobilenetv4_conv_small.e2400_r224_in1k,fp16,webgpu,"park bench",0.436,1,,,,,,,,,480,640,70
1788566351454,40.02647374,-83.02362805,23.622431427643345,1788566348087,onnx-community/mobilenetv4_conv_small.e2400_r224_in1k,fp16,webgpu,"lakeside, lakeshore",0.047,2,,,,,,,,,480,640,70
1788566351454,40.02647374,-83.02362805,23.622431427643345,1788566348087,onnx-community/mobilenetv4_conv_small.e2400_r224_in1k,fp16,webgpu,"unicycle, monocycle",0.033,3,,,,,,,,,480,640,70
1788566352233,40.02647374,-83.02362805,23.622431427643345,1788566348087,onnx-community/mobilenetv4_conv_small.e2400_r224_in1k,fp16,webgpu,"park bench",0.462,1,,,,,,,,,480,640,67
1788566352233,40.02647374,-83.02362805,23.622431427643345,1788566348087,onnx-community/mobilenetv4_conv_small.e2400_r224_in1k,fp16,webgpu,"lakeside, lakeshore",0.089,2,,,,,,,,,480,640,67
1788566352233,40.02647374,-83.02362805,23.622431427643345,1788566348087,onnx-community/mobilenetv4_conv_small.e2400_r224_in1k,fp16,webgpu,"mailbox, letter box",0.015,3,,,,,,,,,480,640,67
1788566353017,40.02647374,-83.02362805,23.622431427643345,1788566348087,onnx-community/mobilenetv4_conv_small.e2400_r224_in1k,fp16,webgpu,"park bench",0.643,1,,,,,,,,,480,640,68.99999999998545
1788566353017,40.02647374,-83.02362805,23.622431427643345,1788566348087,onnx-community/mobilenetv4_conv_small.e2400_r224_in1k,fp16,webgpu,"lakeside, lakeshore",0.029,2,,,,,,,,,480,640,68.99999999998545
1788566353017,40.02647374,-83.02362805,23.622431427643345,1788566348087,onnx-community/mobilenetv4_conv_small.e2400_r224_in1k,fp16,webgpu,"patio, terrace",0.010,3,,,,,,,,,480,640,68.99999999998545
1788566353795,40.02640647,-83.02360980,23.895014,1788566353080,onnx-community/mobilenetv4_conv_small.e2400_r224_in1k,fp16,webgpu,"park bench",0.337,1,,,,,,,,,480,640,64
1788566353795,40.02640647,-83.02360980,23.895014,1788566353080,onnx-community/mobilenetv4_conv_small.e2400_r224_in1k,fp16,webgpu,"lakeside, lakeshore",0.087,2,,,,,,,,,480,640,64
1788566353795,40.02640647,-83.02360980,23.895014,1788566353080,onnx-community/mobilenetv4_conv_small.e2400_r224_in1k,fp16,webgpu,"mobile home, manufactured home",0.022,3,,,,,,,,,480,640,64
1788566354576,40.02640647,-83.02360980,23.895014,1788566353080,onnx-community/mobilenetv4_conv_small.e2400_r224_in1k,fp16,webgpu,"park bench",0.285,1,,,,,,,,,480,640,63.00000000001455
1788566354576,40.02640647,-83.02360980,23.895014,1788566353080,onnx-community/mobilenetv4_conv_small.e2400_r224_in1k,fp16,webgpu,"lakeside, lakeshore",0.112,2,,,,,,,,,480,640,63.00000000001455
1788566354576,40.02640647,-83.02360980,23.895014,1788566353080,onnx-community/mobilenetv4_conv_small.e2400_r224_in1k,fp16,webgpu,"sandbar, sand bar",0.030,3,,,,,,,,,480,640,63.00000000001455
1788566355372,40.02640647,-83.02360980,23.895014,1788566353080,onnx-community/mobilenetv4_conv_small.e2400_r224_in1k,fp16,webgpu,"park bench",0.254,1,,,,,,,,,480,640,77
1788566355372,40.02640647,-83.02360980,23.895014,1788566353080,onnx-community/mobilenetv4_conv_small.e2400_r224_in1k,fp16,webgpu,"unicycle, monocycle",0.046,2,,,,,,,,,480,640,77
1788566355372,40.02640647,-83.02360980,23.895014,1788566353080,onnx-community/mobilenetv4_conv_small.e2400_r224_in1k,fp16,webgpu,"streetcar, tram, tramcar, trolley, trolley car",0.035,3,,,,,,,,,480,640,77
1788566356146,40.02640647,-83.02360980,23.895014,1788566353080,onnx-community/mobilenetv4_conv_small.e2400_r224_in1k,fp16,webgpu,"park bench",0.166,1,,,,,,,,,480,640,68
1788566356146,40.02640647,-83.02360980,23.895014,1788566353080,onnx-community/mobilenetv4_conv_small.e2400_r224_in1k,fp16,webgpu,"lakeside, lakeshore",0.058,2,,,,,,,,,480,640,68
1788566356146,40.02640647,-83.02360980,23.895014,1788566353080,onnx-community/mobilenetv4_conv_small.e2400_r224_in1k,fp16,webgpu,"streetcar, tram, tramcar, trolley, trolley car",0.026,3,,,,,,,,,480,640,68
1788566356933,40.02639928,-83.02361279,23.94775827856459,1788566353930,onnx-community/mobilenetv4_conv_small.e2400_r224_in1k,fp16,webgpu,"park bench",0.662,1,,,,,,,,,480,640,72.00000000001455
1788566356933,40.02639928,-83.02361279,23.94775827856459,1788566353930,onnx-community/mobilenetv4_conv_small.e2400_r224_in1k,fp16,webgpu,"lakeside, lakeshore",0.016,2,,,,,,,,,480,640,72.00000000001455
1788566356933,40.02639928,-83.02361279,23.94775827856459,1788566353930,onnx-community/mobilenetv4_conv_small.e2400_r224_in1k,fp16,webgpu,"mailbox, letter box",0.012,3,,,,,,,,,480,640,72.00000000001455
1788566357711,40.02639928,-83.02361279,23.94775827856459,1788566353930,onnx-community/mobilenetv4_conv_small.e2400_r224_in1k,fp16,webgpu,"unicycle, monocycle",0.477,1,,,,,,,,,480,640,68
1788566357711,40.02639928,-83.02361279,23.94775827856459,1788566353930,onnx-community/mobilenetv4_conv_small.e2400_r224_in1k,fp16,webgpu,"bicycle-built-for-two, tandem bicycle, tandem",0.042,2,,,,,,,,,480,640,68
1788566357711,40.02639928,-83.02361279,23.94775827856459,1788566353930,onnx-community/mobilenetv4_conv_small.e2400_r224_in1k,fp16,webgpu,"jinrikisha, ricksha, rickshaw",0.037,3,,,,,,,,,480,640,68
1788566358496,40.02639928,-83.02361279,23.94775827856459,1788566353930,onnx-community/mobilenetv4_conv_small.e2400_r224_in1k,fp16,webgpu,"mountain bike, all-terrain bike, off-roader",0.230,1,,,,,,,,,480,640,70
1788566358496,40.02639928,-83.02361279,23.94775827856459,1788566353930,onnx-community/mobilenetv4_conv_small.e2400_r224_in1k,fp16,webgpu,"bicycle-built-for-two, tandem bicycle, tandem",0.216,2,,,,,,,,,480,640,70
1788566358496,40.02639928,-83.02361279,23.94775827856459,1788566353930,onnx-community/mobilenetv4_conv_small.e2400_r224_in1k,fp16,webgpu,"unicycle, monocycle",0.114,3,,,,,,,,,480,640,70
1788566359277,40.02639928,-83.02361279,23.94775827856459,1788566353930,onnx-community/mobilenetv4_conv_small.e2400_r224_in1k,fp16,webgpu,"unicycle, monocycle",0.184,1,,,,,,,,,480,640,67.99999999998545
1788566359277,40.02639928,-83.02361279,23.94775827856459,1788566353930,onnx-community/mobilenetv4_conv_small.e2400_r224_in1k,fp16,webgpu,"park bench",0.077,2,,,,,,,,,480,640,67.99999999998545
1788566359277,40.02639928,-83.02361279,23.94775827856459,1788566353930,onnx-community/mobilenetv4_conv_small.e2400_r224_in1k,fp16,webgpu,"mountain bike, all-terrain bike, off-roader",0.067,3,,,,,,,,,480,640,67.99999999998545
1788566360065,40.02635335,-83.02361076,23.914851082290237,1788566356385,onnx-community/mobilenetv4_conv_small.e2400_r224_in1k,fp16,webgpu,"unicycle, monocycle",0.247,1,,,,,,,,,480,640,75.00000000001455
1788566360065,40.02635335,-83.02361076,23.914851082290237,1788566356385,onnx-community/mobilenetv4_conv_small.e2400_r224_in1k,fp16,webgpu,"park bench",0.100,2,,,,,,,,,480,640,75.00000000001455
1788566360065,40.02635335,-83.02361076,23.914851082290237,1788566356385,onnx-community/mobilenetv4_conv_small.e2400_r224_in1k,fp16,webgpu,"mountain bike, all-terrain bike, off-roader",0.088,3,,,,,,,,,480,640,75.00000000001455
1788566360837,40.02635335,-83.02361076,23.914851082290237,1788566356385,onnx-community/mobilenetv4_conv_small.e2400_r224_in1k,fp16,webgpu,"park bench",0.203,1,,,,,,,,,480,640,63.99999999998545
1788566360837,40.02635335,-83.02361076,23.914851082290237,1788566356385,onnx-community/mobilenetv4_conv_small.e2400_r224_in1k,fp16,webgpu,"unicycle, monocycle",0.123,2,,,,,,,,,480,640,63.99999999998545
1788566360837,40.02635335,-83.02361076,23.914851082290237,1788566356385,onnx-community/mobilenetv4_conv_small.e2400_r224_in1k,fp16,webgpu,"mountain bike, all-terrain bike, off-roader",0.062,3,,,,,,,,,480,640,63.99999999998545
1788566361620,40.02635335,-83.02361076,23.914851082290237,1788566356385,onnx-community/mobilenetv4_conv_small.e2400_r224_in1k,fp16,webgpu,"sandbar, sand bar",0.253,1,,,,,,,,,480,640,64
1788566361620,40.02635335,-83.02361076,23.914851082290237,1788566356385,onnx-community/mobilenetv4_conv_small.e2400_r224_in1k,fp16,webgpu,"park bench",0.086,2,,,,,,,,,480,640,64
1788566361620,40.02635335,-83.02361076,23.914851082290237,1788566356385,onnx-community/mobilenetv4_conv_small.e2400_r224_in1k,fp16,webgpu,"lakeside, lakeshore",0.045,3,,,,,,,,,480,640,64
1788566362404,40.02633410,-83.02361198,27.44962681472028,1788566359930,onnx-community/mobilenetv4_conv_small.e2400_r224_in1k,fp16,webgpu,"sandbar, sand bar",0.095,1,,,,,,,,,480,640,65
1788566362404,40.02633410,-83.02361198,27.44962681472028,1788566359930,onnx-community/mobilenetv4_conv_small.e2400_r224_in1k,fp16,webgpu,"park bench",0.071,2,,,,,,,,,480,640,65
1788566362404,40.02633410,-83.02361198,27.44962681472028,1788566359930,onnx-community/mobilenetv4_conv_small.e2400_r224_in1k,fp16,webgpu,"lakeside, lakeshore",0.063,3,,,,,,,,,480,640,65
1788566363185,40.02633410,-83.02361198,27.44962681472028,1788566359930,onnx-community/mobilenetv4_conv_small.e2400_r224_in1k,fp16,webgpu,"park bench",0.079,1,,,,,,,,,480,640,63
1788566363185,40.02633410,-83.02361198,27.44962681472028,1788566359930,onnx-community/mobilenetv4_conv_small.e2400_r224_in1k,fp16,webgpu,"lakeside, lakeshore",0.070,2,,,,,,,,,480,640,63
1788566363185,40.02633410,-83.02361198,27.44962681472028,1788566359930,onnx-community/mobilenetv4_conv_small.e2400_r224_in1k,fp16,webgpu,"sandbar, sand bar",0.054,3,,,,,,,,,480,640,63
1788566363977,40.02633410,-83.02361198,27.44962681472028,1788566359930,onnx-community/mobilenetv4_conv_small.e2400_r224_in1k,fp16,webgpu,"park bench",0.080,1,,,,,,,,,480,640,73
1788566363977,40.02633410,-83.02361198,27.44962681472028,1788566359930,onnx-community/mobilenetv4_conv_small.e2400_r224_in1k,fp16,webgpu,"sandbar, sand bar",0.061,2,,,,,,,,,480,640,73
1788566363977,40.02633410,-83.02361198,27.44962681472028,1788566359930,onnx-community/mobilenetv4_conv_small.e2400_r224_in1k,fp16,webgpu,"lakeside, lakeshore",0.060,3,,,,,,,,,480,640,73
1788566364761,40.02633410,-83.02361198,27.44962681472028,1788566359930,onnx-community/mobilenetv4_conv_small.e2400_r224_in1k,fp16,webgpu,"sandbar, sand bar",0.111,1,,,,,,,,,480,640,74
1788566364761,40.02633410,-83.02361198,27.44962681472028,1788566359930,onnx-community/mobilenetv4_conv_small.e2400_r224_in1k,fp16,webgpu,"lakeside, lakeshore",0.071,2,,,,,,,,,480,640,74
1788566364761,40.02633410,-83.02361198,27.44962681472028,1788566359930,onnx-community/mobilenetv4_conv_small.e2400_r224_in1k,fp16,webgpu,"park bench",0.031,3,,,,,,,,,480,640,74
1788566365538,40.02633585,-83.02359567,24.473722657093948,1788566362391,onnx-community/mobilenetv4_conv_small.e2400_r224_in1k,fp16,webgpu,"oxcart",0.089,1,,,,,,,,,480,640,70
1788566365538,40.02633585,-83.02359567,24.473722657093948,1788566362391,onnx-community/mobilenetv4_conv_small.e2400_r224_in1k,fp16,webgpu,"lakeside, lakeshore",0.041,2,,,,,,,,,480,640,70
1788566365538,40.02633585,-83.02359567,24.473722657093948,1788566362391,onnx-community/mobilenetv4_conv_small.e2400_r224_in1k,fp16,webgpu,"water buffalo, water ox, Asiatic buffalo, Bubalus bubalis",0.034,3,,,,,,,,,480,640,70
1788566366329,40.02633585,-83.02359567,24.473722657093948,1788566362391,onnx-community/mobilenetv4_conv_small.e2400_r224_in1k,fp16,webgpu,"lakeside, lakeshore",0.076,1,,,,,,,,,480,640,77
1788566366329,40.02633585,-83.02359567,24.473722657093948,1788566362391,onnx-community/mobilenetv4_conv_small.e2400_r224_in1k,fp16,webgpu,"park bench",0.069,2,,,,,,,,,480,640,77
1788566366329,40.02633585,-83.02359567,24.473722657093948,1788566362391,onnx-community/mobilenetv4_conv_small.e2400_r224_in1k,fp16,webgpu,"valley, vale",0.056,3,,,,,,,,,480,640,77
1788566367103,40.02633585,-83.02359567,24.473722657093948,1788566362391,onnx-community/mobilenetv4_conv_small.e2400_r224_in1k,fp16,webgpu,"lakeside, lakeshore",0.065,1,,,,,,,,,480,640,69
1788566367103,40.02633585,-83.02359567,24.473722657093948,1788566362391,onnx-community/mobilenetv4_conv_small.e2400_r224_in1k,fp16,webgpu,"park bench",0.062,2,,,,,,,,,480,640,69
1788566367103,40.02633585,-83.02359567,24.473722657093948,1788566362391,onnx-community/mobilenetv4_conv_small.e2400_r224_in1k,fp16,webgpu,"sandbar, sand bar",0.056,3,,,,,,,,,480,640,69
1788566367887,40.02633585,-83.02359567,24.473722657093948,1788566362391,onnx-community/mobilenetv4_conv_small.e2400_r224_in1k,fp16,webgpu,"sandbar, sand bar",0.082,1,,,,,,,,,480,640,70.0000000000291
1788566367887,40.02633585,-83.02359567,24.473722657093948,1788566362391,onnx-community/mobilenetv4_conv_small.e2400_r224_in1k,fp16,webgpu,"maze, labyrinth",0.061,2,,,,,,,,,480,640,70.0000000000291
1788566367887,40.02633585,-83.02359567,24.473722657093948,1788566362391,onnx-community/mobilenetv4_conv_small.e2400_r224_in1k,fp16,webgpu,"park bench",0.041,3,,,,,,,,,480,640,70.0000000000291
1788566368674,40.02602519,-83.02382518,56.95556709842462,1788566366082,onnx-community/mobilenetv4_conv_small.e2400_r224_in1k,fp16,webgpu,"maze, labyrinth",0.054,1,,,,,,,,,480,640,74
1788566368674,40.02602519,-83.02382518,56.95556709842462,1788566366082,onnx-community/mobilenetv4_conv_small.e2400_r224_in1k,fp16,webgpu,"streetcar, tram, tramcar, trolley, trolley car",0.054,2,,,,,,,,,480,640,74
1788566368674,40.02602519,-83.02382518,56.95556709842462,1788566366082,onnx-community/mobilenetv4_conv_small.e2400_r224_in1k,fp16,webgpu,"mountain bike, all-terrain bike, off-roader",0.043,3,,,,,,,,,480,640,74
1788566369451,40.02602519,-83.02382518,56.95556709842462,1788566366082,onnx-community/mobilenetv4_conv_small.e2400_r224_in1k,fp16,webgpu,"leatherback turtle, leatherback, leathery turtle, Dermochelys coriacea",0.183,1,,,,,,,,,480,640,68.9999999999709
1788566369451,40.02602519,-83.02382518,56.95556709842462,1788566366082,onnx-community/mobilenetv4_conv_small.e2400_r224_in1k,fp16,webgpu,"sandbar, sand bar",0.106,2,,,,,,,,,480,640,68.9999999999709
1788566369451,40.02602519,-83.02382518,56.95556709842462,1788566366082,onnx-community/mobilenetv4_conv_small.e2400_r224_in1k,fp16,webgpu,"seashore, coast, seacoast, sea-coast",0.023,3,,,,,,,,,480,640,68.9999999999709
1788566370234,40.02602519,-83.02382518,56.95556709842462,1788566366082,onnx-community/mobilenetv4_conv_small.e2400_r224_in1k,fp16,webgpu,"sandbar, sand bar",0.273,1,,,,,,,,,480,640,70
1788566370234,40.02602519,-83.02382518,56.95556709842462,1788566366082,onnx-community/mobilenetv4_conv_small.e2400_r224_in1k,fp16,webgpu,"valley, vale",0.076,2,,,,,,,,,480,640,70
1788566370234,40.02602519,-83.02382518,56.95556709842462,1788566366082,onnx-community/mobilenetv4_conv_small.e2400_r224_in1k,fp16,webgpu,"lakeside, lakeshore",0.046,3,,,,,,,,,480,640,70
1788566371020,40.02602519,-83.02382518,56.95556709842462,1788566366082,onnx-community/mobilenetv4_conv_small.e2400_r224_in1k,fp16,webgpu,"valley, vale",0.099,1,,,,,,,,,480,640,73
1788566371020,40.02602519,-83.02382518,56.95556709842462,1788566366082,onnx-community/mobilenetv4_conv_small.e2400_r224_in1k,fp16,webgpu,"park bench",0.046,2,,,,,,,,,480,640,73
1788566371020,40.02602519,-83.02382518,56.95556709842462,1788566366082,onnx-community/mobilenetv4_conv_small.e2400_r224_in1k,fp16,webgpu,"lakeside, lakeshore",0.040,3,,,,,,,,,480,640,73
1788566371804,40.02552207,-83.02417196,40.01407735807093,1788566368407,onnx-community/mobilenetv4_conv_small.e2400_r224_in1k,fp16,webgpu,"mountain bike, all-terrain bike, off-roader",0.090,1,,,,,,,,,480,640,75
1788566371804,40.02552207,-83.02417196,40.01407735807093,1788566368407,onnx-community/mobilenetv4_conv_small.e2400_r224_in1k,fp16,webgpu,"sandbar, sand bar",0.070,2,,,,,,,,,480,640,75
1788566371804,40.02552207,-83.02417196,40.01407735807093,1788566368407,onnx-community/mobilenetv4_conv_small.e2400_r224_in1k,fp16,webgpu,"leatherback turtle, leatherback, leathery turtle, Dermochelys coriacea",0.031,3,,,,,,,,,480,640,75
1788566372575,40.02552207,-83.02417196,40.01407735807093,1788566368407,onnx-community/mobilenetv4_conv_small.e2400_r224_in1k,fp16,webgpu,"sandbar, sand bar",0.176,1,,,,,,,,,480,640,63
1788566372575,40.02552207,-83.02417196,40.01407735807093,1788566368407,onnx-community/mobilenetv4_conv_small.e2400_r224_in1k,fp16,webgpu,"seashore, coast, seacoast, sea-coast",0.074,2,,,,,,,,,480,640,63
1788566372575,40.02552207,-83.02417196,40.01407735807093,1788566368407,onnx-community/mobilenetv4_conv_small.e2400_r224_in1k,fp16,webgpu,"oxcart",0.054,3,,,,,,,,,480,640,63
1788566373347,40.02552207,-83.02417196,40.01407735807093,1788566368407,onnx-community/mobilenetv4_conv_small.e2400_r224_in1k,fp16,webgpu,"sandbar, sand bar",0.205,1,,,,,,,,,480,640,69
1788566373347,40.02552207,-83.02417196,40.01407735807093,1788566368407,onnx-community/mobilenetv4_conv_small.e2400_r224_in1k,fp16,webgpu,"seashore, coast, seacoast, sea-coast",0.053,2,,,,,,,,,480,640,69
1788566373347,40.02552207,-83.02417196,40.01407735807093,1788566368407,onnx-community/mobilenetv4_conv_small.e2400_r224_in1k,fp16,webgpu,"lakeside, lakeshore",0.042,3,,,,,,,,,480,640,69
1788566374130,40.02552207,-83.02417196,40.01407735807093,1788566368407,onnx-community/mobilenetv4_conv_small.e2400_r224_in1k,fp16,webgpu,"sandbar, sand bar",0.056,1,,,,,,,,,480,640,70
1788566374130,40.02552207,-83.02417196,40.01407735807093,1788566368407,onnx-community/mobilenetv4_conv_small.e2400_r224_in1k,fp16,webgpu,"oxcart",0.051,2,,,,,,,,,480,640,70
1788566374130,40.02552207,-83.02417196,40.01407735807093,1788566368407,onnx-community/mobilenetv4_conv_small.e2400_r224_in1k,fp16,webgpu,"horse cart, horse-cart",0.048,3,,,,,,,,,480,640,70
1788566374919,40.02553648,-83.02411071,19.12387005018323,1788566372983,onnx-community/mobilenetv4_conv_small.e2400_r224_in1k,fp16,webgpu,"unicycle, monocycle",0.073,1,,,,,,,,,480,640,76
1788566374919,40.02553648,-83.02411071,19.12387005018323,1788566372983,onnx-community/mobilenetv4_conv_small.e2400_r224_in1k,fp16,webgpu,"horse cart, horse-cart",0.046,2,,,,,,,,,480,640,76
1788566374919,40.02553648,-83.02411071,19.12387005018323,1788566372983,onnx-community/mobilenetv4_conv_small.e2400_r224_in1k,fp16,webgpu,"mountain bike, all-terrain bike, off-roader",0.039,3,,,,,,,,,480,640,76
1788566375695,40.02553648,-83.02411071,19.12387005018323,1788566372983,onnx-community/mobilenetv4_conv_small.e2400_r224_in1k,fp16,webgpu,"horse cart, horse-cart",0.077,1,,,,,,,,,480,640,69.9999999999709
1788566375695,40.02553648,-83.02411071,19.12387005018323,1788566372983,onnx-community/mobilenetv4_conv_small.e2400_r224_in1k,fp16,webgpu,"park bench",0.047,2,,,,,,,,,480,640,69.9999999999709
1788566375695,40.02553648,-83.02411071,19.12387005018323,1788566372983,onnx-community/mobilenetv4_conv_small.e2400_r224_in1k,fp16,webgpu,"oxcart",0.041,3,,,,,,,,,480,640,69.9999999999709
1788566376477,40.02553648,-83.02411071,19.12387005018323,1788566372983,onnx-community/mobilenetv4_conv_small.e2400_r224_in1k,fp16,webgpu,"sandbar, sand bar",0.085,1,,,,,,,,,480,640,69
1788566376477,40.02553648,-83.02411071,19.12387005018323,1788566372983,onnx-community/mobilenetv4_conv_small.e2400_r224_in1k,fp16,webgpu,"oxcart",0.052,2,,,,,,,,,480,640,69
1788566376477,40.02553648,-83.02411071,19.12387005018323,1788566372983,onnx-community/mobilenetv4_conv_small.e2400_r224_in1k,fp16,webgpu,"lakeside, lakeshore",0.052,3,,,,,,,,,480,640,69
1788566377261,40.02553648,-83.02411071,19.12387005018323,1788566372983,onnx-community/mobilenetv4_conv_small.e2400_r224_in1k,fp16,webgpu,"park bench",0.077,1,,,,,,,,,480,640,70
1788566377261,40.02553648,-83.02411071,19.12387005018323,1788566372983,onnx-community/mobilenetv4_conv_small.e2400_r224_in1k,fp16,webgpu,"mountain bike, all-terrain bike, off-roader",0.064,2,,,,,,,,,480,640,70
1788566377261,40.02553648,-83.02411071,19.12387005018323,1788566372983,onnx-community/mobilenetv4_conv_small.e2400_r224_in1k,fp16,webgpu,"lakeside, lakeshore",0.052,3,,,,,,,,,480,640,70
1788566378045,40.02553184,-83.02410607,19.26867545119638,1788566374414,onnx-community/mobilenetv4_conv_small.e2400_r224_in1k,fp16,webgpu,"horse cart, horse-cart",0.038,1,,,,,,,,,480,640,72
1788566378045,40.02553184,-83.02410607,19.26867545119638,1788566374414,onnx-community/mobilenetv4_conv_small.e2400_r224_in1k,fp16,webgpu,"park bench",0.034,2,,,,,,,,,480,640,72
1788566378045,40.02553184,-83.02410607,19.26867545119638,1788566374414,onnx-community/mobilenetv4_conv_small.e2400_r224_in1k,fp16,webgpu,"streetcar, tram, tramcar, trolley, trolley car",0.027,3,,,,,,,,,480,640,72
1788566378819,40.02553184,-83.02410607,19.26867545119638,1788566374414,onnx-community/mobilenetv4_conv_small.e2400_r224_in1k,fp16,webgpu,"park bench",0.058,1,,,,,,,,,480,640,64
1788566378819,40.02553184,-83.02410607,19.26867545119638,1788566374414,onnx-community/mobilenetv4_conv_small.e2400_r224_in1k,fp16,webgpu,"oxcart",0.038,2,,,,,,,,,480,640,64
1788566378819,40.02553184,-83.02410607,19.26867545119638,1788566374414,onnx-community/mobilenetv4_conv_small.e2400_r224_in1k,fp16,webgpu,"mobile home, manufactured home",0.035,3,,,,,,,,,480,640,64
1788566379601,40.02553184,-83.02410607,19.26867545119638,1788566374414,onnx-community/mobilenetv4_conv_small.e2400_r224_in1k,fp16,webgpu,"mobile home, manufactured home",0.064,1,,,,,,,,,480,640,63
1788566379601,40.02553184,-83.02410607,19.26867545119638,1788566374414,onnx-community/mobilenetv4_conv_small.e2400_r224_in1k,fp16,webgpu,"park bench",0.052,2,,,,,,,,,480,640,63
1788566379601,40.02553184,-83.02410607,19.26867545119638,1788566374414,onnx-community/mobilenetv4_conv_small.e2400_r224_in1k,fp16,webgpu,"unicycle, monocycle",0.031,3,,,,,,,,,480,640,63
1788566380377,40.02553184,-83.02410607,19.26867545119638,1788566374414,onnx-community/mobilenetv4_conv_small.e2400_r224_in1k,fp16,webgpu,"mountain bike, all-terrain bike, off-roader",0.050,1,,,,,,,,,480,640,74
1788566380377,40.02553184,-83.02410607,19.26867545119638,1788566374414,onnx-community/mobilenetv4_conv_small.e2400_r224_in1k,fp16,webgpu,"unicycle, monocycle",0.038,2,,,,,,,,,480,640,74
1788566380377,40.02553184,-83.02410607,19.26867545119638,1788566374414,onnx-community/mobilenetv4_conv_small.e2400_r224_in1k,fp16,webgpu,"lakeside, lakeshore",0.036,3,,,,,,,,,480,640,74
1788566381161,40.02552509,-83.02408301,19.671679525630847,1788566378075,onnx-community/mobilenetv4_conv_small.e2400_r224_in1k,fp16,webgpu,"oxcart",0.044,1,,,,,,,,,480,640,74
1788566381161,40.02552509,-83.02408301,19.671679525630847,1788566378075,onnx-community/mobilenetv4_conv_small.e2400_r224_in1k,fp16,webgpu,"mobile home, manufactured home",0.039,2,,,,,,,,,480,640,74
1788566381161,40.02552509,-83.02408301,19.671679525630847,1788566378075,onnx-community/mobilenetv4_conv_small.e2400_r224_in1k,fp16,webgpu,"unicycle, monocycle",0.039,3,,,,,,,,,480,640,74
1788566381938,40.02552509,-83.02408301,19.671679525630847,1788566378075,onnx-community/mobilenetv4_conv_small.e2400_r224_in1k,fp16,webgpu,"leatherback turtle, leatherback, leathery turtle, Dermochelys coriacea",0.034,1,,,,,,,,,480,640,70
1788566381938,40.02552509,-83.02408301,19.671679525630847,1788566378075,onnx-community/mobilenetv4_conv_small.e2400_r224_in1k,fp16,webgpu,"water buffalo, water ox, Asiatic buffalo, Bubalus bubalis",0.028,2,,,,,,,,,480,640,70
1788566381938,40.02552509,-83.02408301,19.671679525630847,1788566378075,onnx-community/mobilenetv4_conv_small.e2400_r224_in1k,fp16,webgpu,"lakeside, lakeshore",0.027,3,,,,,,,,,480,640,70
1788566382722,40.02552509,-83.02408301,19.671679525630847,1788566378075,onnx-community/mobilenetv4_conv_small.e2400_r224_in1k,fp16,webgpu,"lakeside, lakeshore",0.059,1,,,,,,,,,480,640,71
1788566382722,40.02552509,-83.02408301,19.671679525630847,1788566378075,onnx-community/mobilenetv4_conv_small.e2400_r224_in1k,fp16,webgpu,"oxcart",0.037,2,,,,,,,,,480,640,71
1788566382722,40.02552509,-83.02408301,19.671679525630847,1788566378075,onnx-community/mobilenetv4_conv_small.e2400_r224_in1k,fp16,webgpu,"park bench",0.033,3,,,,,,,,,480,640,71
1788566383488,40.02553235,-83.02410011,20.96806513787843,1788566380415,onnx-community/mobilenetv4_conv_small.e2400_r224_in1k,fp16,webgpu,"oxcart",0.059,1,,,,,,,,,480,640,54.000000000029104
1788566383488,40.02553235,-83.02410011,20.96806513787843,1788566380415,onnx-community/mobilenetv4_conv_small.e2400_r224_in1k,fp16,webgpu,"unicycle, monocycle",0.038,2,,,,,,,,,480,640,54.000000000029104
1788566383488,40.02553235,-83.02410011,20.96806513787843,1788566380415,onnx-community/mobilenetv4_conv_small.e2400_r224_in1k,fp16,webgpu,"horse cart, horse-cart",0.037,3,,,,,,,,,480,640,54.000000000029104
1788566384254,40.02553235,-83.02410011,20.96806513787843,1788566380415,onnx-community/mobilenetv4_conv_small.e2400_r224_in1k,fp16,webgpu,"oxcart",0.047,1,,,,,,,,,480,640,54
1788566384254,40.02553235,-83.02410011,20.96806513787843,1788566380415,onnx-community/mobilenetv4_conv_small.e2400_r224_in1k,fp16,webgpu,"sandbar, sand bar",0.034,2,,,,,,,,,480,640,54
1788566384254,40.02553235,-83.02410011,20.96806513787843,1788566380415,onnx-community/mobilenetv4_conv_small.e2400_r224_in1k,fp16,webgpu,"horse cart, horse-cart",0.032,3,,,,,,,,,480,640,54
1788566385022,40.02553235,-83.02410011,20.96806513787843,1788566380415,onnx-community/mobilenetv4_conv_small.e2400_r224_in1k,fp16,webgpu,"park bench",0.049,1,,,,,,,,,480,640,56
1788566385022,40.02553235,-83.02410011,20.96806513787843,1788566380415,onnx-community/mobilenetv4_conv_small.e2400_r224_in1k,fp16,webgpu,"mailbox, letter box",0.028,2,,,,,,,,,480,640,56
1788566385022,40.02553235,-83.02410011,20.96806513787843,1788566380415,onnx-community/mobilenetv4_conv_small.e2400_r224_in1k,fp16,webgpu,"oxcart",0.023,3,,,,,,,,,480,640,56
1788566385784,40.02553235,-83.02410011,20.96806513787843,1788566380415,onnx-community/mobilenetv4_conv_small.e2400_r224_in1k,fp16,webgpu,"park bench",0.040,1,,,,,,,,,480,640,53
1788566385784,40.02553235,-83.02410011,20.96806513787843,1788566380415,onnx-community/mobilenetv4_conv_small.e2400_r224_in1k,fp16,webgpu,"streetcar, tram, tramcar, trolley, trolley car",0.040,2,,,,,,,,,480,640,53
1788566385784,40.02553235,-83.02410011,20.96806513787843,1788566380415,onnx-community/mobilenetv4_conv_small.e2400_r224_in1k,fp16,webgpu,"oxcart",0.022,3,,,,,,,,,480,640,53
1788566386554,40.02554625,-83.02401962,22.28131568019079,1788566385563,onnx-community/mobilenetv4_conv_small.e2400_r224_in1k,fp16,webgpu,"park bench",0.047,1,,,,,,,,,480,640,58
1788566386554,40.02554625,-83.02401962,22.28131568019079,1788566385563,onnx-community/mobilenetv4_conv_small.e2400_r224_in1k,fp16,webgpu,"mobile home, manufactured home",0.035,2,,,,,,,,,480,640,58
1788566386554,40.02554625,-83.02401962,22.28131568019079,1788566385563,onnx-community/mobilenetv4_conv_small.e2400_r224_in1k,fp16,webgpu,"oxcart",0.035,3,,,,,,,,,480,640,58
1788566387322,40.02554625,-83.02401962,22.28131568019079,1788566385563,onnx-community/mobilenetv4_conv_small.e2400_r224_in1k,fp16,webgpu,"horse cart, horse-cart",0.037,1,,,,,,,,,480,640,59.999999999970896
1788566387322,40.02554625,-83.02401962,22.28131568019079,1788566385563,onnx-community/mobilenetv4_conv_small.e2400_r224_in1k,fp16,webgpu,"diamondback, diamondback rattlesnake, Crotalus adamanteus",0.035,2,,,,,,,,,480,640,59.999999999970896
1788566387322,40.02554625,-83.02401962,22.28131568019079,1788566385563,onnx-community/mobilenetv4_conv_small.e2400_r224_in1k,fp16,webgpu,"mountain bike, all-terrain bike, off-roader",0.033,3,,,,,,,,,480,640,59.999999999970896
1788566388082,40.02554625,-83.02401962,22.28131568019079,1788566385563,onnx-community/mobilenetv4_conv_small.e2400_r224_in1k,fp16,webgpu,"park bench",0.071,1,,,,,,,,,480,640,53
1788566388082,40.02554625,-83.02401962,22.28131568019079,1788566385563,onnx-community/mobilenetv4_conv_small.e2400_r224_in1k,fp16,webgpu,"horse cart, horse-cart",0.028,2,,,,,,,,,480,640,53
1788566388082,40.02554625,-83.02401962,22.28131568019079,1788566385563,onnx-community/mobilenetv4_conv_small.e2400_r224_in1k,fp16,webgpu,"lakeside, lakeshore",0.026,3,,,,,,,,,480,640,53
1788566388849,40.02554625,-83.02401962,22.28131568019079,1788566385563,onnx-community/mobilenetv4_conv_small.e2400_r224_in1k,fp16,webgpu,"park bench",0.041,1,,,,,,,,,480,640,55
1788566388849,40.02554625,-83.02401962,22.28131568019079,1788566385563,onnx-community/mobilenetv4_conv_small.e2400_r224_in1k,fp16,webgpu,"horse cart, horse-cart",0.029,2,,,,,,,,,480,640,55
1788566388849,40.02554625,-83.02401962,22.28131568019079,1788566385563,onnx-community/mobilenetv4_conv_small.e2400_r224_in1k,fp16,webgpu,"unicycle, monocycle",0.027,3,,,,,,,,,480,640,55
1788566389614,40.02555791,-83.02403076,24.2942832094624,1788566386430,onnx-community/mobilenetv4_conv_small.e2400_r224_in1k,fp16,webgpu,"park bench",0.046,1,,,,,,,,,480,640,54
1788566389614,40.02555791,-83.02403076,24.2942832094624,1788566386430,onnx-community/mobilenetv4_conv_small.e2400_r224_in1k,fp16,webgpu,"horse cart, horse-cart",0.041,2,,,,,,,,,480,640,54
1788566389614,40.02555791,-83.02403076,24.2942832094624,1788566386430,onnx-community/mobilenetv4_conv_small.e2400_r224_in1k,fp16,webgpu,"mobile home, manufactured home",0.036,3,,,,,,,,,480,640,54
1788566390381,40.02555791,-83.02403076,24.2942832094624,1788566386430,onnx-community/mobilenetv4_conv_small.e2400_r224_in1k,fp16,webgpu,"park bench",0.130,1,,,,,,,,,480,640,55
1788566390381,40.02555791,-83.02403076,24.2942832094624,1788566386430,onnx-community/mobilenetv4_conv_small.e2400_r224_in1k,fp16,webgpu,"horse cart, horse-cart",0.045,2,,,,,,,,,480,640,55
1788566390381,40.02555791,-83.02403076,24.2942832094624,1788566386430,onnx-community/mobilenetv4_conv_small.e2400_r224_in1k,fp16,webgpu,"mobile home, manufactured home",0.045,3,,,,,,,,,480,640,55
1788566391145,40.02555791,-83.02403076,24.2942832094624,1788566386430,onnx-community/mobilenetv4_conv_small.e2400_r224_in1k,fp16,webgpu,"park bench",0.076,1,,,,,,,,,480,640,53
1788566391145,40.02555791,-83.02403076,24.2942832094624,1788566386430,onnx-community/mobilenetv4_conv_small.e2400_r224_in1k,fp16,webgpu,"mobile home, manufactured home",0.047,2,,,,,,,,,480,640,53
1788566391145,40.02555791,-83.02403076,24.2942832094624,1788566386430,onnx-community/mobilenetv4_conv_small.e2400_r224_in1k,fp16,webgpu,"unicycle, monocycle",0.038,3,,,,,,,,,480,640,53
1788566391911,40.02555791,-83.02403076,24.2942832094624,1788566386430,onnx-community/mobilenetv4_conv_small.e2400_r224_in1k,fp16,webgpu,"horse cart, horse-cart",0.053,1,,,,,,,,,480,640,54
1788566391911,40.02555791,-83.02403076,24.2942832094624,1788566386430,onnx-community/mobilenetv4_conv_small.e2400_r224_in1k,fp16,webgpu,"park bench",0.048,2,,,,,,,,,480,640,54
1788566391911,40.02555791,-83.02403076,24.2942832094624,1788566386430,onnx-community/mobilenetv4_conv_small.e2400_r224_in1k,fp16,webgpu,"unicycle, monocycle",0.040,3,,,,,,,,,480,640,54
1788566392686,40.02547869,-83.02408275,24.193633285362594,1788566389926,onnx-community/mobilenetv4_conv_small.e2400_r224_in1k,fp16,webgpu,"park bench",0.252,1,,,,,,,,,480,640,63
1788566392686,40.02547869,-83.02408275,24.193633285362594,1788566389926,onnx-community/mobilenetv4_conv_small.e2400_r224_in1k,fp16,webgpu,"horse cart, horse-cart",0.030,2,,,,,,,,,480,640,63
1788566392686,40.02547869,-83.02408275,24.193633285362594,1788566389926,onnx-community/mobilenetv4_conv_small.e2400_r224_in1k,fp16,webgpu,"mailbox, letter box",0.029,3,,,,,,,,,480,640,63
1788566393463,40.02547869,-83.02408275,24.193633285362594,1788566389926,onnx-community/mobilenetv4_conv_small.e2400_r224_in1k,fp16,webgpu,"park bench",0.145,1,,,,,,,,,480,640,56.999999999970896
1788566393463,40.02547869,-83.02408275,24.193633285362594,1788566389926,onnx-community/mobilenetv4_conv_small.e2400_r224_in1k,fp16,webgpu,"unicycle, monocycle",0.030,2,,,,,,,,,480,640,56.999999999970896
1788566393463,40.02547869,-83.02408275,24.193633285362594,1788566389926,onnx-community/mobilenetv4_conv_small.e2400_r224_in1k,fp16,webgpu,"mailbox, letter box",0.029,3,,,,,,,,,480,640,56.999999999970896
1788566394225,40.02547869,-83.02408275,24.193633285362594,1788566389926,onnx-community/mobilenetv4_conv_small.e2400_r224_in1k,fp16,webgpu,"park bench",0.155,1,,,,,,,,,480,640,54
1788566394225,40.02547869,-83.02408275,24.193633285362594,1788566389926,onnx-community/mobilenetv4_conv_small.e2400_r224_in1k,fp16,webgpu,"lakeside, lakeshore",0.026,2,,,,,,,,,480,640,54
1788566394225,40.02547869,-83.02408275,24.193633285362594,1788566389926,onnx-community/mobilenetv4_conv_small.e2400_r224_in1k,fp16,webgpu,"mobile home, manufactured home",0.026,3,,,,,,,,,480,640,54
1788566394995,40.02547869,-83.02408275,24.193633285362594,1788566389926,onnx-community/mobilenetv4_conv_small.e2400_r224_in1k,fp16,webgpu,"park bench",0.155,1,,,,,,,,,480,640,58
1788566394995,40.02547869,-83.02408275,24.193633285362594,1788566389926,onnx-community/mobilenetv4_conv_small.e2400_r224_in1k,fp16,webgpu,"mobile home, manufactured home",0.043,2,,,,,,,,,480,640,58
1788566394995,40.02547869,-83.02408275,24.193633285362594,1788566389926,onnx-community/mobilenetv4_conv_small.e2400_r224_in1k,fp16,webgpu,"lakeside, lakeshore",0.033,3,,,,,,,,,480,640,58
1788566395729,40.02547252,-83.02408036,25.28701483523758,1788566392437,onnx-community/mobilenetv4_conv_small.e2400_r224_in1k,fp16,webgpu,"park bench",0.140,1,,,,,,,,,480,640,29
1788566395729,40.02547252,-83.02408036,25.28701483523758,1788566392437,onnx-community/mobilenetv4_conv_small.e2400_r224_in1k,fp16,webgpu,"mobile home, manufactured home",0.035,2,,,,,,,,,480,640,29
1788566395729,40.02547252,-83.02408036,25.28701483523758,1788566392437,onnx-community/mobilenetv4_conv_small.e2400_r224_in1k,fp16,webgpu,"lakeside, lakeshore",0.033,3,,,,,,,,,480,640,29
1788566403488,40.02547252,-83.02408036,25.28701483523758,1788566392437,onnx-community/mobilenetv4_conv_small.e2400_r224_in1k,fp16,webgpu,"park bench",0.067,1,,,,,,,,,480,640,144
1788566403488,40.02547252,-83.02408036,25.28701483523758,1788566392437,onnx-community/mobilenetv4_conv_small.e2400_r224_in1k,fp16,webgpu,"lakeside, lakeshore",0.057,2,,,,,,,,,480,640,144
1788566403488,40.02547252,-83.02408036,25.28701483523758,1788566392437,onnx-community/mobilenetv4_conv_small.e2400_r224_in1k,fp16,webgpu,"mobile home, manufactured home",0.042,3,,,,,,,,,480,640,144
1788566404264,40.02544160,-83.02411976,24.985356822812165,1788566403411,onnx-community/mobilenetv4_conv_small.e2400_r224_in1k,fp16,webgpu,"park bench",0.128,1,,,,,,,,,480,640,73
1788566404264,40.02544160,-83.02411976,24.985356822812165,1788566403411,onnx-community/mobilenetv4_conv_small.e2400_r224_in1k,fp16,webgpu,"lakeside, lakeshore",0.057,2,,,,,,,,,480,640,73
1788566404264,40.02544160,-83.02411976,24.985356822812165,1788566403411,onnx-community/mobilenetv4_conv_small.e2400_r224_in1k,fp16,webgpu,"unicycle, monocycle",0.024,3,,,,,,,,,480,640,73
1788566405032,40.02544160,-83.02411976,24.985356822812165,1788566403411,onnx-community/mobilenetv4_conv_small.e2400_r224_in1k,fp16,webgpu,"park bench",0.093,1,,,,,,,,,480,640,57
1788566405032,40.02544160,-83.02411976,24.985356822812165,1788566403411,onnx-community/mobilenetv4_conv_small.e2400_r224_in1k,fp16,webgpu,"lakeside, lakeshore",0.058,2,,,,,,,,,480,640,57
1788566405032,40.02544160,-83.02411976,24.985356822812165,1788566403411,onnx-community/mobilenetv4_conv_small.e2400_r224_in1k,fp16,webgpu,"unicycle, monocycle",0.044,3,,,,,,,,,480,640,57
1788566405781,40.02544160,-83.02411976,24.985356822812165,1788566403411,onnx-community/mobilenetv4_conv_small.e2400_r224_in1k,fp16,webgpu,"park bench",0.072,1,,,,,,,,,480,640,42
1788566405781,40.02544160,-83.02411976,24.985356822812165,1788566403411,onnx-community/mobilenetv4_conv_small.e2400_r224_in1k,fp16,webgpu,"lakeside, lakeshore",0.040,2,,,,,,,,,480,640,42
1788566405781,40.02544160,-83.02411976,24.985356822812165,1788566403411,onnx-community/mobilenetv4_conv_small.e2400_r224_in1k,fp16,webgpu,"mailbox, letter box",0.021,3,,,,,,,,,480,640,42
1788566406527,40.02552346,-83.02399422,27.77388274479545,1788566405034,onnx-community/mobilenetv4_conv_small.e2400_r224_in1k,fp16,webgpu,"park bench",0.086,1,,,,,,,,,480,640,40
1788566406527,40.02552346,-83.02399422,27.77388274479545,1788566405034,onnx-community/mobilenetv4_conv_small.e2400_r224_in1k,fp16,webgpu,"lakeside, lakeshore",0.047,2,,,,,,,,,480,640,40
1788566406527,40.02552346,-83.02399422,27.77388274479545,1788566405034,onnx-community/mobilenetv4_conv_small.e2400_r224_in1k,fp16,webgpu,"mobile home, manufactured home",0.036,3,,,,,,,,,480,640,40
1788566407294,40.02552346,-83.02399422,27.77388274479545,1788566405034,onnx-community/mobilenetv4_conv_small.e2400_r224_in1k,fp16,webgpu,"park bench",0.107,1,,,,,,,,,480,640,53
1788566407294,40.02552346,-83.02399422,27.77388274479545,1788566405034,onnx-community/mobilenetv4_conv_small.e2400_r224_in1k,fp16,webgpu,"lakeside, lakeshore",0.057,2,,,,,,,,,480,640,53
1788566407294,40.02552346,-83.02399422,27.77388274479545,1788566405034,onnx-community/mobilenetv4_conv_small.e2400_r224_in1k,fp16,webgpu,"sandbar, sand bar",0.052,3,,,,,,,,,480,640,53
1788566408073,40.02552346,-83.02399422,27.77388274479545,1788566405034,onnx-community/mobilenetv4_conv_small.e2400_r224_in1k,fp16,webgpu,"park bench",0.068,1,,,,,,,,,480,640,70
1788566408073,40.02552346,-83.02399422,27.77388274479545,1788566405034,onnx-community/mobilenetv4_conv_small.e2400_r224_in1k,fp16,webgpu,"lakeside, lakeshore",0.063,2,,,,,,,,,480,640,70
1788566408073,40.02552346,-83.02399422,27.77388274479545,1788566405034,onnx-community/mobilenetv4_conv_small.e2400_r224_in1k,fp16,webgpu,"sandbar, sand bar",0.051,3,,,,,,,,,480,640,70
1788566408833,40.02552346,-83.02399422,27.77388274479545,1788566405034,onnx-community/mobilenetv4_conv_small.e2400_r224_in1k,fp16,webgpu,"sandbar, sand bar",0.172,1,,,,,,,,,480,640,46.999999999970896
1788566408833,40.02552346,-83.02399422,27.77388274479545,1788566405034,onnx-community/mobilenetv4_conv_small.e2400_r224_in1k,fp16,webgpu,"park bench",0.067,2,,,,,,,,,480,640,46.999999999970896
1788566408833,40.02552346,-83.02399422,27.77388274479545,1788566405034,onnx-community/mobilenetv4_conv_small.e2400_r224_in1k,fp16,webgpu,"lakeside, lakeshore",0.060,3,,,,,,,,,480,640,46.999999999970896
1788566409600,40.02554901,-83.02396003,27.22925447777019,1788566406454,onnx-community/mobilenetv4_conv_small.e2400_r224_in1k,fp16,webgpu,"sandbar, sand bar",0.073,1,,,,,,,,,480,640,62.999999999970896
1788566409600,40.02554901,-83.02396003,27.22925447777019,1788566406454,onnx-community/mobilenetv4_conv_small.e2400_r224_in1k,fp16,webgpu,"park bench",0.070,2,,,,,,,,,480,640,62.999999999970896
1788566409600,40.02554901,-83.02396003,27.22925447777019,1788566406454,onnx-community/mobilenetv4_conv_small.e2400_r224_in1k,fp16,webgpu,"lakeside, lakeshore",0.039,3,,,,,,,,,480,640,62.999999999970896
1788566410366,40.02554901,-83.02396003,27.22925447777019,1788566406454,onnx-community/mobilenetv4_conv_small.e2400_r224_in1k,fp16,webgpu,"lakeside, lakeshore",0.091,1,,,,,,,,,480,640,49
1788566410366,40.02554901,-83.02396003,27.22925447777019,1788566406454,onnx-community/mobilenetv4_conv_small.e2400_r224_in1k,fp16,webgpu,"park bench",0.068,2,,,,,,,,,480,640,49
1788566410366,40.02554901,-83.02396003,27.22925447777019,1788566406454,onnx-community/mobilenetv4_conv_small.e2400_r224_in1k,fp16,webgpu,"sandbar, sand bar",0.050,3,,,,,,,,,480,640,49
1788566411143,40.02554901,-83.02396003,27.22925447777019,1788566406454,onnx-community/mobilenetv4_conv_small.e2400_r224_in1k,fp16,webgpu,"sandbar, sand bar",0.099,1,,,,,,,,,480,640,61.000000000029104
1788566411143,40.02554901,-83.02396003,27.22925447777019,1788566406454,onnx-community/mobilenetv4_conv_small.e2400_r224_in1k,fp16,webgpu,"lakeside, lakeshore",0.079,2,,,,,,,,,480,640,61.000000000029104
1788566411143,40.02554901,-83.02396003,27.22925447777019,1788566406454,onnx-community/mobilenetv4_conv_small.e2400_r224_in1k,fp16,webgpu,"park bench",0.067,3,,,,,,,,,480,640,61.000000000029104
1788566411888,40.02554901,-83.02396003,27.22925447777019,1788566406454,onnx-community/mobilenetv4_conv_small.e2400_r224_in1k,fp16,webgpu,"park bench",0.096,1,,,,,,,,,480,640,39
1788566411888,40.02554901,-83.02396003,27.22925447777019,1788566406454,onnx-community/mobilenetv4_conv_small.e2400_r224_in1k,fp16,webgpu,"lakeside, lakeshore",0.041,2,,,,,,,,,480,640,39
1788566411888,40.02554901,-83.02396003,27.22925447777019,1788566406454,onnx-community/mobilenetv4_conv_small.e2400_r224_in1k,fp16,webgpu,"unicycle, monocycle",0.026,3,,,,,,,,,480,640,39
1788566412655,40.02572321,-83.02373392,31.747910166670923,1788566411899,onnx-community/mobilenetv4_conv_small.e2400_r224_in1k,fp16,webgpu,"sandbar, sand bar",0.118,1,,,,,,,,,480,640,56.000000000029104
1788566412655,40.02572321,-83.02373392,31.747910166670923,1788566411899,onnx-community/mobilenetv4_conv_small.e2400_r224_in1k,fp16,webgpu,"lakeside, lakeshore",0.072,2,,,,,,,,,480,640,56.000000000029104
1788566412655,40.02572321,-83.02373392,31.747910166670923,1788566411899,onnx-community/mobilenetv4_conv_small.e2400_r224_in1k,fp16,webgpu,"park bench",0.062,3,,,,,,,,,480,640,56.000000000029104
1788566413421,40.02572321,-83.02373392,31.747910166670923,1788566411899,onnx-community/mobilenetv4_conv_small.e2400_r224_in1k,fp16,webgpu,"park bench",0.094,1,,,,,,,,,480,640,54
1788566413421,40.02572321,-83.02373392,31.747910166670923,1788566411899,onnx-community/mobilenetv4_conv_small.e2400_r224_in1k,fp16,webgpu,"lakeside, lakeshore",0.087,2,,,,,,,,,480,640,54
1788566413421,40.02572321,-83.02373392,31.747910166670923,1788566411899,onnx-community/mobilenetv4_conv_small.e2400_r224_in1k,fp16,webgpu,"mountain bike, all-terrain bike, off-roader",0.028,3,,,,,,,,,480,640,54
1788566414206,40.02572321,-83.02373392,31.747910166670923,1788566411899,onnx-community/mobilenetv4_conv_small.e2400_r224_in1k,fp16,webgpu,"park bench",0.123,1,,,,,,,,,480,640,71
1788566414206,40.02572321,-83.02373392,31.747910166670923,1788566411899,onnx-community/mobilenetv4_conv_small.e2400_r224_in1k,fp16,webgpu,"lakeside, lakeshore",0.093,2,,,,,,,,,480,640,71
1788566414206,40.02572321,-83.02373392,31.747910166670923,1788566411899,onnx-community/mobilenetv4_conv_small.e2400_r224_in1k,fp16,webgpu,"sandbar, sand bar",0.072,3,,,,,,,,,480,640,71
1788566414961,40.02572321,-83.02373392,31.747910166670923,1788566411899,onnx-community/mobilenetv4_conv_small.e2400_r224_in1k,fp16,webgpu,"lakeside, lakeshore",0.069,1,,,,,,,,,480,640,48
1788566414961,40.02572321,-83.02373392,31.747910166670923,1788566411899,onnx-community/mobilenetv4_conv_small.e2400_r224_in1k,fp16,webgpu,"park bench",0.059,2,,,,,,,,,480,640,48
1788566414961,40.02572321,-83.02373392,31.747910166670923,1788566411899,onnx-community/mobilenetv4_conv_small.e2400_r224_in1k,fp16,webgpu,"sandbar, sand bar",0.042,3,,,,,,,,,480,640,48
1788566415741,40.02595095,-83.02354010,38.53983862674207,1788566412462,onnx-community/mobilenetv4_conv_small.e2400_r224_in1k,fp16,webgpu,"lakeside, lakeshore",0.090,1,,,,,,,,,480,640,61.999999999970896
1788566415741,40.02595095,-83.02354010,38.53983862674207,1788566412462,onnx-community/mobilenetv4_conv_small.e2400_r224_in1k,fp16,webgpu,"park bench",0.052,2,,,,,,,,,480,640,61.999999999970896
1788566415741,40.02595095,-83.02354010,38.53983862674207,1788566412462,onnx-community/mobilenetv4_conv_small.e2400_r224_in1k,fp16,webgpu,"mountain bike, all-terrain bike, off-roader",0.043,3,,,,,,,,,480,640,61.999999999970896
1788566416500,40.02595095,-83.02354010,38.53983862674207,1788566412462,onnx-community/mobilenetv4_conv_small.e2400_r224_in1k,fp16,webgpu,"lakeside, lakeshore",0.137,1,,,,,,,,,480,640,57.000000000029104
1788566416500,40.02595095,-83.02354010,38.53983862674207,1788566412462,onnx-community/mobilenetv4_conv_small.e2400_r224_in1k,fp16,webgpu,"mountain bike, all-terrain bike, off-roader",0.058,2,,,,,,,,,480,640,57.000000000029104
1788566416500,40.02595095,-83.02354010,38.53983862674207,1788566412462,onnx-community/mobilenetv4_conv_small.e2400_r224_in1k,fp16,webgpu,"park bench",0.018,3,,,,,,,,,480,640,57.000000000029104
1788566417278,40.02595095,-83.02354010,38.53983862674207,1788566412462,onnx-community/mobilenetv4_conv_small.e2400_r224_in1k,fp16,webgpu,"sandbar, sand bar",0.101,1,,,,,,,,,480,640,69
1788566417278,40.02595095,-83.02354010,38.53983862674207,1788566412462,onnx-community/mobilenetv4_conv_small.e2400_r224_in1k,fp16,webgpu,"lakeside, lakeshore",0.080,2,,,,,,,,,480,640,69
1788566417278,40.02595095,-83.02354010,38.53983862674207,1788566412462,onnx-community/mobilenetv4_conv_small.e2400_r224_in1k,fp16,webgpu,"mountain bike, all-terrain bike, off-roader",0.025,3,,,,,,,,,480,640,69
1788566418082,40.02595095,-83.02354010,38.53983862674207,1788566412462,onnx-community/mobilenetv4_conv_small.e2400_r224_in1k,fp16,webgpu,"sandbar, sand bar",0.054,1,,,,,,,,,480,640,87.9999999999709
1788566418082,40.02595095,-83.02354010,38.53983862674207,1788566412462,onnx-community/mobilenetv4_conv_small.e2400_r224_in1k,fp16,webgpu,"lakeside, lakeshore",0.053,2,,,,,,,,,480,640,87.9999999999709
1788566418082,40.02595095,-83.02354010,38.53983862674207,1788566412462,onnx-community/mobilenetv4_conv_small.e2400_r224_in1k,fp16,webgpu,"breakwater, groin, groyne, mole, bulwark, seawall, jetty",0.048,3,,,,,,,,,480,640,87.9999999999709
1788566418857,40.02581140,-83.02366775,33.7018230582989,1788566417799,onnx-community/mobilenetv4_conv_small.e2400_r224_in1k,fp16,webgpu,"sandbar, sand bar",0.130,1,,,,,,,,,480,640,64.0000000000291
1788566418857,40.02581140,-83.02366775,33.7018230582989,1788566417799,onnx-community/mobilenetv4_conv_small.e2400_r224_in1k,fp16,webgpu,"lakeside, lakeshore",0.098,2,,,,,,,,,480,640,64.0000000000291
1788566418857,40.02581140,-83.02366775,33.7018230582989,1788566417799,onnx-community/mobilenetv4_conv_small.e2400_r224_in1k,fp16,webgpu,"park bench",0.031,3,,,,,,,,,480,640,64.0000000000291
1788566419620,40.02581140,-83.02366775,33.7018230582989,1788566417799,onnx-community/mobilenetv4_conv_small.e2400_r224_in1k,fp16,webgpu,"park bench",0.117,1,,,,,,,,,480,640,46
1788566419620,40.02581140,-83.02366775,33.7018230582989,1788566417799,onnx-community/mobilenetv4_conv_small.e2400_r224_in1k,fp16,webgpu,"lakeside, lakeshore",0.115,2,,,,,,,,,480,640,46
1788566419620,40.02581140,-83.02366775,33.7018230582989,1788566417799,onnx-community/mobilenetv4_conv_small.e2400_r224_in1k,fp16,webgpu,"sandbar, sand bar",0.065,3,,,,,,,,,480,640,46
1788566420383,40.02581140,-83.02366775,33.7018230582989,1788566417799,onnx-community/mobilenetv4_conv_small.e2400_r224_in1k,fp16,webgpu,"lakeside, lakeshore",0.127,1,,,,,,,,,480,640,57
1788566420383,40.02581140,-83.02366775,33.7018230582989,1788566417799,onnx-community/mobilenetv4_conv_small.e2400_r224_in1k,fp16,webgpu,"park bench",0.106,2,,,,,,,,,480,640,57
1788566420383,40.02581140,-83.02366775,33.7018230582989,1788566417799,onnx-community/mobilenetv4_conv_small.e2400_r224_in1k,fp16,webgpu,"valley, vale",0.034,3,,,,,,,,,480,640,57
1788566421150,40.02581140,-83.02366775,33.7018230582989,1788566417799,onnx-community/mobilenetv4_conv_small.e2400_r224_in1k,fp16,webgpu,"park bench",0.165,1,,,,,,,,,480,640,59
1788566421150,40.02581140,-83.02366775,33.7018230582989,1788566417799,onnx-community/mobilenetv4_conv_small.e2400_r224_in1k,fp16,webgpu,"lakeside, lakeshore",0.070,2,,,,,,,,,480,640,59
1788566421150,40.02581140,-83.02366775,33.7018230582989,1788566417799,onnx-community/mobilenetv4_conv_small.e2400_r224_in1k,fp16,webgpu,"sandbar, sand bar",0.021,3,,,,,,,,,480,640,59
1788566421916,40.02581045,-83.02366384,33.711305225382084,1788566418467,onnx-community/mobilenetv4_conv_small.e2400_r224_in1k,fp16,webgpu,"park bench",0.147,1,,,,,,,,,480,640,60
1788566421916,40.02581045,-83.02366384,33.711305225382084,1788566418467,onnx-community/mobilenetv4_conv_small.e2400_r224_in1k,fp16,webgpu,"lakeside, lakeshore",0.064,2,,,,,,,,,480,640,60
1788566421916,40.02581045,-83.02366384,33.711305225382084,1788566418467,onnx-community/mobilenetv4_conv_small.e2400_r224_in1k,fp16,webgpu,"oxcart",0.021,3,,,,,,,,,480,640,60
1788566422697,40.02581045,-83.02366384,33.711305225382084,1788566418467,onnx-community/mobilenetv4_conv_small.e2400_r224_in1k,fp16,webgpu,"park bench",0.135,1,,,,,,,,,480,640,75.0000000000291
1788566422697,40.02581045,-83.02366384,33.711305225382084,1788566418467,onnx-community/mobilenetv4_conv_small.e2400_r224_in1k,fp16,webgpu,"lakeside, lakeshore",0.048,2,,,,,,,,,480,640,75.0000000000291
1788566422697,40.02581045,-83.02366384,33.711305225382084,1788566418467,onnx-community/mobilenetv4_conv_small.e2400_r224_in1k,fp16,webgpu,"oxcart",0.024,3,,,,,,,,,480,640,75.0000000000291
1788566423479,40.02581045,-83.02366384,33.711305225382084,1788566418467,onnx-community/mobilenetv4_conv_small.e2400_r224_in1k,fp16,webgpu,"park bench",0.054,1,,,,,,,,,480,640,72.9999999999709
1788566423479,40.02581045,-83.02366384,33.711305225382084,1788566418467,onnx-community/mobilenetv4_conv_small.e2400_r224_in1k,fp16,webgpu,"lakeside, lakeshore",0.035,2,,,,,,,,,480,640,72.9999999999709
1788566423479,40.02581045,-83.02366384,33.711305225382084,1788566418467,onnx-community/mobilenetv4_conv_small.e2400_r224_in1k,fp16,webgpu,"mountain bike, all-terrain bike, off-roader",0.029,3,,,,,,,,,480,640,72.9999999999709
1788566424260,40.02581045,-83.02366384,33.711305225382084,1788566418467,onnx-community/mobilenetv4_conv_small.e2400_r224_in1k,fp16,webgpu,"park bench",0.303,1,,,,,,,,,480,640,73
1788566424260,40.02581045,-83.02366384,33.711305225382084,1788566418467,onnx-community/mobilenetv4_conv_small.e2400_r224_in1k,fp16,webgpu,"fountain",0.072,2,,,,,,,,,480,640,73
1788566424260,40.02581045,-83.02366384,33.711305225382084,1788566418467,onnx-community/mobilenetv4_conv_small.e2400_r224_in1k,fp16,webgpu,"lakeside, lakeshore",0.068,3,,,,,,,,,480,640,73
1788566425040,40.02615830,-83.02310916,33.41330817933276,1788566423979,onnx-community/mobilenetv4_conv_small.e2400_r224_in1k,fp16,webgpu,"lakeside, lakeshore",0.176,1,,,,,,,,,480,640,70
1788566425040,40.02615830,-83.02310916,33.41330817933276,1788566423979,onnx-community/mobilenetv4_conv_small.e2400_r224_in1k,fp16,webgpu,"park bench",0.139,2,,,,,,,,,480,640,70
1788566425040,40.02615830,-83.02310916,33.41330817933276,1788566423979,onnx-community/mobilenetv4_conv_small.e2400_r224_in1k,fp16,webgpu,"fountain",0.021,3,,,,,,,,,480,640,70
1788566425816,40.02615830,-83.02310916,33.41330817933276,1788566423979,onnx-community/mobilenetv4_conv_small.e2400_r224_in1k,fp16,webgpu,"park bench",0.124,1,,,,,,,,,480,640,64.0000000000291
1788566425816,40.02615830,-83.02310916,33.41330817933276,1788566423979,onnx-community/mobilenetv4_conv_small.e2400_r224_in1k,fp16,webgpu,"lakeside, lakeshore",0.046,2,,,,,,,,,480,640,64.0000000000291
1788566425816,40.02615830,-83.02310916,33.41330817933276,1788566423979,onnx-community/mobilenetv4_conv_small.e2400_r224_in1k,fp16,webgpu,"horse cart, horse-cart",0.038,3,,,,,,,,,480,640,64.0000000000291
1788566426605,40.02615830,-83.02310916,33.41330817933276,1788566423979,onnx-community/mobilenetv4_conv_small.e2400_r224_in1k,fp16,webgpu,"park bench",0.079,1,,,,,,,,,480,640,71
1788566426605,40.02615830,-83.02310916,33.41330817933276,1788566423979,onnx-community/mobilenetv4_conv_small.e2400_r224_in1k,fp16,webgpu,"lakeside, lakeshore",0.053,2,,,,,,,,,480,640,71
1788566426605,40.02615830,-83.02310916,33.41330817933276,1788566423979,onnx-community/mobilenetv4_conv_small.e2400_r224_in1k,fp16,webgpu,"car mirror",0.032,3,,,,,,,,,480,640,71
1788566427387,40.02615830,-83.02310916,33.41330817933276,1788566423979,onnx-community/mobilenetv4_conv_small.e2400_r224_in1k,fp16,webgpu,"park bench",0.459,1,,,,,,,,,480,640,70.0000000000291
1788566427387,40.02615830,-83.02310916,33.41330817933276,1788566423979,onnx-community/mobilenetv4_conv_small.e2400_r224_in1k,fp16,webgpu,"lakeside, lakeshore",0.144,2,,,,,,,,,480,640,70.0000000000291
1788566427387,40.02615830,-83.02310916,33.41330817933276,1788566423979,onnx-community/mobilenetv4_conv_small.e2400_r224_in1k,fp16,webgpu,"mailbox, letter box",0.010,3,,,,,,,,,480,640,70.0000000000291
1788566428158,40.02622828,-83.02282732,29.63093608496047,1788566424474,onnx-community/mobilenetv4_conv_small.e2400_r224_in1k,fp16,webgpu,"lakeside, lakeshore",0.225,1,,,,,,,,,480,640,58
1788566428158,40.02622828,-83.02282732,29.63093608496047,1788566424474,onnx-community/mobilenetv4_conv_small.e2400_r224_in1k,fp16,webgpu,"park bench",0.218,2,,,,,,,,,480,640,58
1788566428158,40.02622828,-83.02282732,29.63093608496047,1788566424474,onnx-community/mobilenetv4_conv_small.e2400_r224_in1k,fp16,webgpu,"fountain",0.027,3,,,,,,,,,480,640,58
1788566428922,40.02622828,-83.02282732,29.63093608496047,1788566424474,onnx-community/mobilenetv4_conv_small.e2400_r224_in1k,fp16,webgpu,"park bench",0.227,1,,,,,,,,,480,640,56
1788566428922,40.02622828,-83.02282732,29.63093608496047,1788566424474,onnx-community/mobilenetv4_conv_small.e2400_r224_in1k,fp16,webgpu,"lakeside, lakeshore",0.065,2,,,,,,,,,480,640,56
1788566428922,40.02622828,-83.02282732,29.63093608496047,1788566424474,onnx-community/mobilenetv4_conv_small.e2400_r224_in1k,fp16,webgpu,"fountain",0.018,3,,,,,,,,,480,640,56
1788566429691,40.02622828,-83.02282732,29.63093608496047,1788566424474,onnx-community/mobilenetv4_conv_small.e2400_r224_in1k,fp16,webgpu,"park bench",0.217,1,,,,,,,,,480,640,56.000000000029104
1788566429691,40.02622828,-83.02282732,29.63093608496047,1788566424474,onnx-community/mobilenetv4_conv_small.e2400_r224_in1k,fp16,webgpu,"lakeside, lakeshore",0.177,2,,,,,,,,,480,640,56.000000000029104
1788566429691,40.02622828,-83.02282732,29.63093608496047,1788566424474,onnx-community/mobilenetv4_conv_small.e2400_r224_in1k,fp16,webgpu,"sandbar, sand bar",0.035,3,,,,,,,,,480,640,56.000000000029104
1788566430450,40.02622828,-83.02282732,29.63093608496047,1788566424474,onnx-community/mobilenetv4_conv_small.e2400_r224_in1k,fp16,webgpu,"park bench",0.169,1,,,,,,,,,480,640,54
1788566430450,40.02622828,-83.02282732,29.63093608496047,1788566424474,onnx-community/mobilenetv4_conv_small.e2400_r224_in1k,fp16,webgpu,"lakeside, lakeshore",0.154,2,,,,,,,,,480,640,54
1788566430450,40.02622828,-83.02282732,29.63093608496047,1788566424474,onnx-community/mobilenetv4_conv_small.e2400_r224_in1k,fp16,webgpu,"fountain",0.046,3,,,,,,,,,480,640,54
1788566431218,40.02634806,-83.02285452,27.928504081495554,1788566429643,onnx-community/mobilenetv4_conv_small.e2400_r224_in1k,fp16,webgpu,"lakeside, lakeshore",0.118,1,,,,,,,,,480,640,56
1788566431218,40.02634806,-83.02285452,27.928504081495554,1788566429643,onnx-community/mobilenetv4_conv_small.e2400_r224_in1k,fp16,webgpu,"park bench",0.057,2,,,,,,,,,480,640,56
1788566431218,40.02634806,-83.02285452,27.928504081495554,1788566429643,onnx-community/mobilenetv4_conv_small.e2400_r224_in1k,fp16,webgpu,"fountain",0.041,3,,,,,,,,,480,640,56
1788566431984,40.02634806,-83.02285452,27.928504081495554,1788566429643,onnx-community/mobilenetv4_conv_small.e2400_r224_in1k,fp16,webgpu,"lakeside, lakeshore",0.145,1,,,,,,,,,480,640,56
1788566431984,40.02634806,-83.02285452,27.928504081495554,1788566429643,onnx-community/mobilenetv4_conv_small.e2400_r224_in1k,fp16,webgpu,"park bench",0.096,2,,,,,,,,,480,640,56
1788566431984,40.02634806,-83.02285452,27.928504081495554,1788566429643,onnx-community/mobilenetv4_conv_small.e2400_r224_in1k,fp16,webgpu,"stone wall",0.025,3,,,,,,,,,480,640,56
1788566432753,40.02634806,-83.02285452,27.928504081495554,1788566429643,onnx-community/mobilenetv4_conv_small.e2400_r224_in1k,fp16,webgpu,"lakeside, lakeshore",0.101,1,,,,,,,,,480,640,59
1788566432753,40.02634806,-83.02285452,27.928504081495554,1788566429643,onnx-community/mobilenetv4_conv_small.e2400_r224_in1k,fp16,webgpu,"park bench",0.070,2,,,,,,,,,480,640,59
1788566432753,40.02634806,-83.02285452,27.928504081495554,1788566429643,onnx-community/mobilenetv4_conv_small.e2400_r224_in1k,fp16,webgpu,"stone wall",0.043,3,,,,,,,,,480,640,59
1788566433513,40.02623279,-83.02279727,24.29387618808347,1788566431085,onnx-community/mobilenetv4_conv_small.e2400_r224_in1k,fp16,webgpu,"park bench",0.118,1,,,,,,,,,480,640,53
1788566433513,40.02623279,-83.02279727,24.29387618808347,1788566431085,onnx-community/mobilenetv4_conv_small.e2400_r224_in1k,fp16,webgpu,"lakeside, lakeshore",0.111,2,,,,,,,,,480,640,53
1788566433513,40.02623279,-83.02279727,24.29387618808347,1788566431085,onnx-community/mobilenetv4_conv_small.e2400_r224_in1k,fp16,webgpu,"horse cart, horse-cart",0.029,3,,,,,,,,,480,640,53
1788566434270,40.02623279,-83.02279727,24.29387618808347,1788566431085,onnx-community/mobilenetv4_conv_small.e2400_r224_in1k,fp16,webgpu,"lakeside, lakeshore",0.106,1,,,,,,,,,480,640,45
1788566434270,40.02623279,-83.02279727,24.29387618808347,1788566431085,onnx-community/mobilenetv4_conv_small.e2400_r224_in1k,fp16,webgpu,"sandbar, sand bar",0.058,2,,,,,,,,,480,640,45
1788566434270,40.02623279,-83.02279727,24.29387618808347,1788566431085,onnx-community/mobilenetv4_conv_small.e2400_r224_in1k,fp16,webgpu,"park bench",0.057,3,,,,,,,,,480,640,45
1788566435028,40.02623279,-83.02279727,24.29387618808347,1788566431085,onnx-community/mobilenetv4_conv_small.e2400_r224_in1k,fp16,webgpu,"lakeside, lakeshore",0.093,1,,,,,,,,,480,640,53
1788566435028,40.02623279,-83.02279727,24.29387618808347,1788566431085,onnx-community/mobilenetv4_conv_small.e2400_r224_in1k,fp16,webgpu,"park bench",0.069,2,,,,,,,,,480,640,53
1788566435028,40.02623279,-83.02279727,24.29387618808347,1788566431085,onnx-community/mobilenetv4_conv_small.e2400_r224_in1k,fp16,webgpu,"stone wall",0.036,3,,,,,,,,,480,640,53
1788566435801,40.02623279,-83.02279727,24.29387618808347,1788566431085,onnx-community/mobilenetv4_conv_small.e2400_r224_in1k,fp16,webgpu,"lakeside, lakeshore",0.084,1,,,,,,,,,480,640,60
1788566435801,40.02623279,-83.02279727,24.29387618808347,1788566431085,onnx-community/mobilenetv4_conv_small.e2400_r224_in1k,fp16,webgpu,"park bench",0.083,2,,,,,,,,,480,640,60
1788566435801,40.02623279,-83.02279727,24.29387618808347,1788566431085,onnx-community/mobilenetv4_conv_small.e2400_r224_in1k,fp16,webgpu,"stone wall",0.031,3,,,,,,,,,480,640,60
1788566436574,40.02623737,-83.02269578,24.050159507662634,1788566434023,onnx-community/mobilenetv4_conv_small.e2400_r224_in1k,fp16,webgpu,"lakeside, lakeshore",0.235,1,,,,,,,,,480,640,67.9999999999709
1788566436574,40.02623737,-83.02269578,24.050159507662634,1788566434023,onnx-community/mobilenetv4_conv_small.e2400_r224_in1k,fp16,webgpu,"park bench",0.080,2,,,,,,,,,480,640,67.9999999999709
1788566436574,40.02623737,-83.02269578,24.050159507662634,1788566434023,onnx-community/mobilenetv4_conv_small.e2400_r224_in1k,fp16,webgpu,"maze, labyrinth",0.024,3,,,,,,,,,480,640,67.9999999999709
1788566437360,40.02623737,-83.02269578,24.050159507662634,1788566434023,onnx-community/mobilenetv4_conv_small.e2400_r224_in1k,fp16,webgpu,"lakeside, lakeshore",0.079,1,,,,,,,,,480,640,70
1788566437360,40.02623737,-83.02269578,24.050159507662634,1788566434023,onnx-community/mobilenetv4_conv_small.e2400_r224_in1k,fp16,webgpu,"park bench",0.056,2,,,,,,,,,480,640,70
1788566437360,40.02623737,-83.02269578,24.050159507662634,1788566434023,onnx-community/mobilenetv4_conv_small.e2400_r224_in1k,fp16,webgpu,"stone wall",0.038,3,,,,,,,,,480,640,70
1788566438121,40.02623737,-83.02269578,24.050159507662634,1788566434023,onnx-community/mobilenetv4_conv_small.e2400_r224_in1k,fp16,webgpu,"park bench",0.122,1,,,,,,,,,480,640,51
1788566438121,40.02623737,-83.02269578,24.050159507662634,1788566434023,onnx-community/mobilenetv4_conv_small.e2400_r224_in1k,fp16,webgpu,"lakeside, lakeshore",0.057,2,,,,,,,,,480,640,51
1788566438121,40.02623737,-83.02269578,24.050159507662634,1788566434023,onnx-community/mobilenetv4_conv_small.e2400_r224_in1k,fp16,webgpu,"stone wall",0.038,3,,,,,,,,,480,640,51
1788566438908,40.02623737,-83.02269578,24.050159507662634,1788566434023,onnx-community/mobilenetv4_conv_small.e2400_r224_in1k,fp16,webgpu,"park bench",0.121,1,,,,,,,,,480,640,70
1788566438908,40.02623737,-83.02269578,24.050159507662634,1788566434023,onnx-community/mobilenetv4_conv_small.e2400_r224_in1k,fp16,webgpu,"lakeside, lakeshore",0.086,2,,,,,,,,,480,640,70
1788566438908,40.02623737,-83.02269578,24.050159507662634,1788566434023,onnx-community/mobilenetv4_conv_small.e2400_r224_in1k,fp16,webgpu,"stone wall",0.028,3,,,,,,,,,480,640,70
1788566439690,40.02623384,-83.02269316,24.686092325860653,1788566437101,onnx-community/mobilenetv4_conv_small.e2400_r224_in1k,fp16,webgpu,"park bench",0.167,1,,,,,,,,,480,640,70
1788566439690,40.02623384,-83.02269316,24.686092325860653,1788566437101,onnx-community/mobilenetv4_conv_small.e2400_r224_in1k,fp16,webgpu,"mailbox, letter box",0.059,2,,,,,,,,,480,640,70
1788566439690,40.02623384,-83.02269316,24.686092325860653,1788566437101,onnx-community/mobilenetv4_conv_small.e2400_r224_in1k,fp16,webgpu,"lakeside, lakeshore",0.046,3,,,,,,,,,480,640,70
1788566440474,40.02623384,-83.02269316,24.686092325860653,1788566437101,onnx-community/mobilenetv4_conv_small.e2400_r224_in1k,fp16,webgpu,"park bench",0.151,1,,,,,,,,,480,640,71
1788566440474,40.02623384,-83.02269316,24.686092325860653,1788566437101,onnx-community/mobilenetv4_conv_small.e2400_r224_in1k,fp16,webgpu,"horse cart, horse-cart",0.057,2,,,,,,,,,480,640,71
1788566440474,40.02623384,-83.02269316,24.686092325860653,1788566437101,onnx-community/mobilenetv4_conv_small.e2400_r224_in1k,fp16,webgpu,"mailbox, letter box",0.037,3,,,,,,,,,480,640,71
1788566441255,40.02623384,-83.02269316,24.686092325860653,1788566437101,onnx-community/mobilenetv4_conv_small.e2400_r224_in1k,fp16,webgpu,"park bench",0.224,1,,,,,,,,,480,640,69.9999999999709
1788566441255,40.02623384,-83.02269316,24.686092325860653,1788566437101,onnx-community/mobilenetv4_conv_small.e2400_r224_in1k,fp16,webgpu,"mailbox, letter box",0.054,2,,,,,,,,,480,640,69.9999999999709
1788566441255,40.02623384,-83.02269316,24.686092325860653,1788566437101,onnx-community/mobilenetv4_conv_small.e2400_r224_in1k,fp16,webgpu,"lakeside, lakeshore",0.032,3,,,,,,,,,480,640,69.9999999999709
1788566442047,40.02623384,-83.02269316,24.686092325860653,1788566437101,onnx-community/mobilenetv4_conv_small.e2400_r224_in1k,fp16,webgpu,"park bench",0.264,1,,,,,,,,,480,640,80
1788566442047,40.02623384,-83.02269316,24.686092325860653,1788566437101,onnx-community/mobilenetv4_conv_small.e2400_r224_in1k,fp16,webgpu,"lakeside, lakeshore",0.079,2,,,,,,,,,480,640,80
1788566442047,40.02623384,-83.02269316,24.686092325860653,1788566437101,onnx-community/mobilenetv4_conv_small.e2400_r224_in1k,fp16,webgpu,"stone wall",0.042,3,,,,,,,,,480,640,80
1788566442811,40.02622916,-83.02266844,26.266555850400476,1788566440031,onnx-community/mobilenetv4_conv_small.e2400_r224_in1k,fp16,webgpu,"park bench",0.158,1,,,,,,,,,480,640,60.999999999970896
1788566442811,40.02622916,-83.02266844,26.266555850400476,1788566440031,onnx-community/mobilenetv4_conv_small.e2400_r224_in1k,fp16,webgpu,"horse cart, horse-cart",0.055,2,,,,,,,,,480,640,60.999999999970896
1788566442811,40.02622916,-83.02266844,26.266555850400476,1788566440031,onnx-community/mobilenetv4_conv_small.e2400_r224_in1k,fp16,webgpu,"mailbox, letter box",0.051,3,,,,,,,,,480,640,60.999999999970896
1788566443578,40.02622916,-83.02266844,26.266555850400476,1788566440031,onnx-community/mobilenetv4_conv_small.e2400_r224_in1k,fp16,webgpu,"park bench",0.153,1,,,,,,,,,480,640,62.000000000029104
1788566443578,40.02622916,-83.02266844,26.266555850400476,1788566440031,onnx-community/mobilenetv4_conv_small.e2400_r224_in1k,fp16,webgpu,"mailbox, letter box",0.065,2,,,,,,,,,480,640,62.000000000029104
1788566443578,40.02622916,-83.02266844,26.266555850400476,1788566440031,onnx-community/mobilenetv4_conv_small.e2400_r224_in1k,fp16,webgpu,"horse cart, horse-cart",0.042,3,,,,,,,,,480,640,62.000000000029104
1788566444365,40.02622916,-83.02266844,26.266555850400476,1788566440031,onnx-community/mobilenetv4_conv_small.e2400_r224_in1k,fp16,webgpu,"park bench",0.149,1,,,,,,,,,480,640,66.9999999999709
1788566444365,40.02622916,-83.02266844,26.266555850400476,1788566440031,onnx-community/mobilenetv4_conv_small.e2400_r224_in1k,fp16,webgpu,"stone wall",0.059,2,,,,,,,,,480,640,66.9999999999709
1788566444365,40.02622916,-83.02266844,26.266555850400476,1788566440031,onnx-community/mobilenetv4_conv_small.e2400_r224_in1k,fp16,webgpu,"horse cart, horse-cart",0.055,3,,,,,,,,,480,640,66.9999999999709
1788566445146,40.02622916,-83.02266844,26.266555850400476,1788566440031,onnx-community/mobilenetv4_conv_small.e2400_r224_in1k,fp16,webgpu,"horse cart, horse-cart",0.089,1,,,,,,,,,480,640,65
1788566445146,40.02622916,-83.02266844,26.266555850400476,1788566440031,onnx-community/mobilenetv4_conv_small.e2400_r224_in1k,fp16,webgpu,"park bench",0.088,2,,,,,,,,,480,640,65
1788566445146,40.02622916,-83.02266844,26.266555850400476,1788566440031,onnx-community/mobilenetv4_conv_small.e2400_r224_in1k,fp16,webgpu,"stone wall",0.048,3,,,,,,,,,480,640,65
1788566445932,40.02586897,-83.02242127,12.883516623639288,1788566442520,onnx-community/mobilenetv4_conv_small.e2400_r224_in1k,fp16,webgpu,"park bench",0.182,1,,,,,,,,,480,640,62.999999999970896
1788566445932,40.02586897,-83.02242127,12.883516623639288,1788566442520,onnx-community/mobilenetv4_conv_small.e2400_r224_in1k,fp16,webgpu,"lakeside, lakeshore",0.045,2,,,,,,,,,480,640,62.999999999970896
1788566445932,40.02586897,-83.02242127,12.883516623639288,1788566442520,onnx-community/mobilenetv4_conv_small.e2400_r224_in1k,fp16,webgpu,"mailbox, letter box",0.035,3,,,,,,,,,480,640,62.999999999970896
1788566446714,40.02586897,-83.02242127,12.883516623639288,1788566442520,onnx-community/mobilenetv4_conv_small.e2400_r224_in1k,fp16,webgpu,"park bench",0.115,1,,,,,,,,,480,640,70
1788566446714,40.02586897,-83.02242127,12.883516623639288,1788566442520,onnx-community/mobilenetv4_conv_small.e2400_r224_in1k,fp16,webgpu,"mailbox, letter box",0.049,2,,,,,,,,,480,640,70
1788566446714,40.02586897,-83.02242127,12.883516623639288,1788566442520,onnx-community/mobilenetv4_conv_small.e2400_r224_in1k,fp16,webgpu,"stone wall",0.043,3,,,,,,,,,480,640,70
1788566447499,40.02586897,-83.02242127,12.883516623639288,1788566442520,onnx-community/mobilenetv4_conv_small.e2400_r224_in1k,fp16,webgpu,"park bench",0.173,1,,,,,,,,,480,640,71
1788566447499,40.02586897,-83.02242127,12.883516623639288,1788566442520,onnx-community/mobilenetv4_conv_small.e2400_r224_in1k,fp16,webgpu,"lakeside, lakeshore",0.071,2,,,,,,,,,480,640,71
1788566447499,40.02586897,-83.02242127,12.883516623639288,1788566442520,onnx-community/mobilenetv4_conv_small.e2400_r224_in1k,fp16,webgpu,"mailbox, letter box",0.035,3,,,,,,,,,480,640,71
1788566448279,40.02586897,-83.02242127,12.883516623639288,1788566442520,onnx-community/mobilenetv4_conv_small.e2400_r224_in1k,fp16,webgpu,"park bench",0.202,1,,,,,,,,,480,640,68
1788566448279,40.02586897,-83.02242127,12.883516623639288,1788566442520,onnx-community/mobilenetv4_conv_small.e2400_r224_in1k,fp16,webgpu,"lakeside, lakeshore",0.072,2,,,,,,,,,480,640,68
1788566448279,40.02586897,-83.02242127,12.883516623639288,1788566442520,onnx-community/mobilenetv4_conv_small.e2400_r224_in1k,fp16,webgpu,"mailbox, letter box",0.044,3,,,,,,,,,480,640,68
1788566449067,40.02587109,-83.02238907,13.281207239473522,1788566446018,onnx-community/mobilenetv4_conv_small.e2400_r224_in1k,fp16,webgpu,"park bench",0.158,1,,,,,,,,,480,640,74
1788566449067,40.02587109,-83.02238907,13.281207239473522,1788566446018,onnx-community/mobilenetv4_conv_small.e2400_r224_in1k,fp16,webgpu,"lakeside, lakeshore",0.094,2,,,,,,,,,480,640,74
1788566449067,40.02587109,-83.02238907,13.281207239473522,1788566446018,onnx-community/mobilenetv4_conv_small.e2400_r224_in1k,fp16,webgpu,"mailbox, letter box",0.036,3,,,,,,,,,480,640,74
1788566449847,40.02587109,-83.02238907,13.281207239473522,1788566446018,onnx-community/mobilenetv4_conv_small.e2400_r224_in1k,fp16,webgpu,"park bench",0.116,1,,,,,,,,,480,640,72
1788566449847,40.02587109,-83.02238907,13.281207239473522,1788566446018,onnx-community/mobilenetv4_conv_small.e2400_r224_in1k,fp16,webgpu,"mailbox, letter box",0.076,2,,,,,,,,,480,640,72
1788566449847,40.02587109,-83.02238907,13.281207239473522,1788566446018,onnx-community/mobilenetv4_conv_small.e2400_r224_in1k,fp16,webgpu,"horse cart, horse-cart",0.064,3,,,,,,,,,480,640,72
1788566450629,40.02587109,-83.02238907,13.281207239473522,1788566446018,onnx-community/mobilenetv4_conv_small.e2400_r224_in1k,fp16,webgpu,"park bench",0.120,1,,,,,,,,,480,640,71
1788566450629,40.02587109,-83.02238907,13.281207239473522,1788566446018,onnx-community/mobilenetv4_conv_small.e2400_r224_in1k,fp16,webgpu,"lakeside, lakeshore",0.085,2,,,,,,,,,480,640,71
1788566450629,40.02587109,-83.02238907,13.281207239473522,1788566446018,onnx-community/mobilenetv4_conv_small.e2400_r224_in1k,fp16,webgpu,"mailbox, letter box",0.048,3,,,,,,,,,480,640,71
1788566451409,40.02587109,-83.02238907,13.281207239473522,1788566446018,onnx-community/mobilenetv4_conv_small.e2400_r224_in1k,fp16,webgpu,"lakeside, lakeshore",0.183,1,,,,,,,,,480,640,69
1788566451409,40.02587109,-83.02238907,13.281207239473522,1788566446018,onnx-community/mobilenetv4_conv_small.e2400_r224_in1k,fp16,webgpu,"park bench",0.136,2,,,,,,,,,480,640,69
1788566451409,40.02587109,-83.02238907,13.281207239473522,1788566446018,onnx-community/mobilenetv4_conv_small.e2400_r224_in1k,fp16,webgpu,"stone wall",0.037,3,,,,,,,,,480,640,69
1788566452160,40.02586816,-83.02237832,15.248470697015609,1788566448526,onnx-community/mobilenetv4_conv_small.e2400_r224_in1k,fp16,webgpu,"lakeside, lakeshore",0.083,1,,,,,,,,,480,640,50
1788566452160,40.02586816,-83.02237832,15.248470697015609,1788566448526,onnx-community/mobilenetv4_conv_small.e2400_r224_in1k,fp16,webgpu,"park bench",0.077,2,,,,,,,,,480,640,50
1788566452160,40.02586816,-83.02237832,15.248470697015609,1788566448526,onnx-community/mobilenetv4_conv_small.e2400_r224_in1k,fp16,webgpu,"stone wall",0.067,3,,,,,,,,,480,640,50
1788566452935,40.02586816,-83.02237832,15.248470697015609,1788566448526,onnx-community/mobilenetv4_conv_small.e2400_r224_in1k,fp16,webgpu,"park bench",0.130,1,,,,,,,,,480,640,64.0000000000291
1788566452935,40.02586816,-83.02237832,15.248470697015609,1788566448526,onnx-community/mobilenetv4_conv_small.e2400_r224_in1k,fp16,webgpu,"worm fence, snake fence, snake-rail fence, Virginia fence",0.057,2,,,,,,,,,480,640,64.0000000000291
1788566452935,40.02586816,-83.02237832,15.248470697015609,1788566448526,onnx-community/mobilenetv4_conv_small.e2400_r224_in1k,fp16,webgpu,"stone wall",0.043,3,,,,,,,,,480,640,64.0000000000291
1788566453730,40.02586816,-83.02237832,15.248470697015609,1788566448526,onnx-community/mobilenetv4_conv_small.e2400_r224_in1k,fp16,webgpu,"park bench",0.205,1,,,,,,,,,480,640,76
1788566453730,40.02586816,-83.02237832,15.248470697015609,1788566448526,onnx-community/mobilenetv4_conv_small.e2400_r224_in1k,fp16,webgpu,"lakeside, lakeshore",0.057,2,,,,,,,,,480,640,76
1788566453730,40.02586816,-83.02237832,15.248470697015609,1788566448526,onnx-community/mobilenetv4_conv_small.e2400_r224_in1k,fp16,webgpu,"horse cart, horse-cart",0.039,3,,,,,,,,,480,640,76
1788566454495,40.02586816,-83.02237832,15.248470697015609,1788566448526,onnx-community/mobilenetv4_conv_small.e2400_r224_in1k,fp16,webgpu,"park bench",0.182,1,,,,,,,,,480,640,59
1788566454495,40.02586816,-83.02237832,15.248470697015609,1788566448526,onnx-community/mobilenetv4_conv_small.e2400_r224_in1k,fp16,webgpu,"lakeside, lakeshore",0.093,2,,,,,,,,,480,640,59
1788566454495,40.02586816,-83.02237832,15.248470697015609,1788566448526,onnx-community/mobilenetv4_conv_small.e2400_r224_in1k,fp16,webgpu,"stone wall",0.090,3,,,,,,,,,480,640,59
1788566455261,40.02584164,-83.02230484,15.529666091802666,1788566452047,onnx-community/mobilenetv4_conv_small.e2400_r224_in1k,fp16,webgpu,"park bench",0.137,1,,,,,,,,,480,640,59
1788566455261,40.02584164,-83.02230484,15.529666091802666,1788566452047,onnx-community/mobilenetv4_conv_small.e2400_r224_in1k,fp16,webgpu,"lakeside, lakeshore",0.094,2,,,,,,,,,480,640,59
1788566455261,40.02584164,-83.02230484,15.529666091802666,1788566452047,onnx-community/mobilenetv4_conv_small.e2400_r224_in1k,fp16,webgpu,"worm fence, snake fence, snake-rail fence, Virginia fence",0.089,3,,,,,,,,,480,640,59
1788566456023,40.02584164,-83.02230484,15.529666091802666,1788566452047,onnx-community/mobilenetv4_conv_small.e2400_r224_in1k,fp16,webgpu,"lakeside, lakeshore",0.169,1,,,,,,,,,480,640,55
1788566456023,40.02584164,-83.02230484,15.529666091802666,1788566452047,onnx-community/mobilenetv4_conv_small.e2400_r224_in1k,fp16,webgpu,"park bench",0.122,2,,,,,,,,,480,640,55
1788566456023,40.02584164,-83.02230484,15.529666091802666,1788566452047,onnx-community/mobilenetv4_conv_small.e2400_r224_in1k,fp16,webgpu,"stone wall",0.075,3,,,,,,,,,480,640,55
1788566456788,40.02584164,-83.02230484,15.529666091802666,1788566452047,onnx-community/mobilenetv4_conv_small.e2400_r224_in1k,fp16,webgpu,"stone wall",0.108,1,,,,,,,,,480,640,54
1788566456788,40.02584164,-83.02230484,15.529666091802666,1788566452047,onnx-community/mobilenetv4_conv_small.e2400_r224_in1k,fp16,webgpu,"park bench",0.091,2,,,,,,,,,480,640,54
1788566456788,40.02584164,-83.02230484,15.529666091802666,1788566452047,onnx-community/mobilenetv4_conv_small.e2400_r224_in1k,fp16,webgpu,"lakeside, lakeshore",0.069,3,,,,,,,,,480,640,54
1788566457556,40.02583143,-83.02229180,17.633091392508927,1788566454525,onnx-community/mobilenetv4_conv_small.e2400_r224_in1k,fp16,webgpu,"park bench",0.136,1,,,,,,,,,480,640,57
1788566457556,40.02583143,-83.02229180,17.633091392508927,1788566454525,onnx-community/mobilenetv4_conv_small.e2400_r224_in1k,fp16,webgpu,"lakeside, lakeshore",0.101,2,,,,,,,,,480,640,57
1788566457556,40.02583143,-83.02229180,17.633091392508927,1788566454525,onnx-community/mobilenetv4_conv_small.e2400_r224_in1k,fp16,webgpu,"worm fence, snake fence, snake-rail fence, Virginia fence",0.096,3,,,,,,,,,480,640,57
1788566458326,40.02583143,-83.02229180,17.633091392508927,1788566454525,onnx-community/mobilenetv4_conv_small.e2400_r224_in1k,fp16,webgpu,"park bench",0.237,1,,,,,,,,,480,640,61
1788566458326,40.02583143,-83.02229180,17.633091392508927,1788566454525,onnx-community/mobilenetv4_conv_small.e2400_r224_in1k,fp16,webgpu,"lakeside, lakeshore",0.166,2,,,,,,,,,480,640,61
1788566458326,40.02583143,-83.02229180,17.633091392508927,1788566454525,onnx-community/mobilenetv4_conv_small.e2400_r224_in1k,fp16,webgpu,"stone wall",0.062,3,,,,,,,,,480,640,61
1788566459088,40.02583143,-83.02229180,17.633091392508927,1788566454525,onnx-community/mobilenetv4_conv_small.e2400_r224_in1k,fp16,webgpu,"worm fence, snake fence, snake-rail fence, Virginia fence",0.151,1,,,,,,,,,480,640,58
1788566459088,40.02583143,-83.02229180,17.633091392508927,1788566454525,onnx-community/mobilenetv4_conv_small.e2400_r224_in1k,fp16,webgpu,"park bench",0.123,2,,,,,,,,,480,640,58
1788566459088,40.02583143,-83.02229180,17.633091392508927,1788566454525,onnx-community/mobilenetv4_conv_small.e2400_r224_in1k,fp16,webgpu,"lakeside, lakeshore",0.102,3,,,,,,,,,480,640,58
1788566459855,40.02583143,-83.02229180,17.633091392508927,1788566454525,onnx-community/mobilenetv4_conv_small.e2400_r224_in1k,fp16,webgpu,"park bench",0.431,1,,,,,,,,,480,640,58
1788566459855,40.02583143,-83.02229180,17.633091392508927,1788566454525,onnx-community/mobilenetv4_conv_small.e2400_r224_in1k,fp16,webgpu,"worm fence, snake fence, snake-rail fence, Virginia fence",0.047,2,,,,,,,,,480,640,58
1788566459855,40.02583143,-83.02229180,17.633091392508927,1788566454525,onnx-community/mobilenetv4_conv_small.e2400_r224_in1k,fp16,webgpu,"lakeside, lakeshore",0.035,3,,,,,,,,,480,640,58
1788566460618,40.02584655,-83.02227158,18.011626397355734,1788566458042,onnx-community/mobilenetv4_conv_small.e2400_r224_in1k,fp16,webgpu,"park bench",0.593,1,,,,,,,,,480,640,51
1788566460618,40.02584655,-83.02227158,18.011626397355734,1788566458042,onnx-community/mobilenetv4_conv_small.e2400_r224_in1k,fp16,webgpu,"lakeside, lakeshore",0.066,2,,,,,,,,,480,640,51
1788566460618,40.02584655,-83.02227158,18.011626397355734,1788566458042,onnx-community/mobilenetv4_conv_small.e2400_r224_in1k,fp16,webgpu,"worm fence, snake fence, snake-rail fence, Virginia fence",0.046,3,,,,,,,,,480,640,51
1788566461399,40.02584655,-83.02227158,18.011626397355734,1788566458042,onnx-community/mobilenetv4_conv_small.e2400_r224_in1k,fp16,webgpu,"park bench",0.364,1,,,,,,,,,480,640,72.0000000000291
1788566461399,40.02584655,-83.02227158,18.011626397355734,1788566458042,onnx-community/mobilenetv4_conv_small.e2400_r224_in1k,fp16,webgpu,"lakeside, lakeshore",0.060,2,,,,,,,,,480,640,72.0000000000291
1788566461399,40.02584655,-83.02227158,18.011626397355734,1788566458042,onnx-community/mobilenetv4_conv_small.e2400_r224_in1k,fp16,webgpu,"mailbox, letter box",0.041,3,,,,,,,,,480,640,72.0000000000291
1788566462166,40.02584655,-83.02227158,18.011626397355734,1788566458042,onnx-community/mobilenetv4_conv_small.e2400_r224_in1k,fp16,webgpu,"park bench",0.454,1,,,,,,,,,480,640,55
1788566462166,40.02584655,-83.02227158,18.011626397355734,1788566458042,onnx-community/mobilenetv4_conv_small.e2400_r224_in1k,fp16,webgpu,"worm fence, snake fence, snake-rail fence, Virginia fence",0.049,2,,,,,,,,,480,640,55
1788566462166,40.02584655,-83.02227158,18.011626397355734,1788566458042,onnx-community/mobilenetv4_conv_small.e2400_r224_in1k,fp16,webgpu,"lakeside, lakeshore",0.042,3,,,,,,,,,480,640,55
1788566462934,40.02584655,-83.02227158,18.011626397355734,1788566458042,onnx-community/mobilenetv4_conv_small.e2400_r224_in1k,fp16,webgpu,"park bench",0.655,1,,,,,,,,,480,640,58
1788566462934,40.02584655,-83.02227158,18.011626397355734,1788566458042,onnx-community/mobilenetv4_conv_small.e2400_r224_in1k,fp16,webgpu,"lakeside, lakeshore",0.057,2,,,,,,,,,480,640,58
1788566462934,40.02584655,-83.02227158,18.011626397355734,1788566458042,onnx-community/mobilenetv4_conv_small.e2400_r224_in1k,fp16,webgpu,"worm fence, snake fence, snake-rail fence, Virginia fence",0.033,3,,,,,,,,,480,640,58
1788566463696,40.02584740,-83.02226809,20.185449696779067,1788566460555,onnx-community/mobilenetv4_conv_small.e2400_r224_in1k,fp16,webgpu,"park bench",0.464,1,,,,,,,,,480,640,52.999999999970896
1788566463696,40.02584740,-83.02226809,20.185449696779067,1788566460555,onnx-community/mobilenetv4_conv_small.e2400_r224_in1k,fp16,webgpu,"lakeside, lakeshore",0.125,2,,,,,,,,,480,640,52.999999999970896
1788566463696,40.02584740,-83.02226809,20.185449696779067,1788566460555,onnx-community/mobilenetv4_conv_small.e2400_r224_in1k,fp16,webgpu,"worm fence, snake fence, snake-rail fence, Virginia fence",0.039,3,,,,,,,,,480,640,52.999999999970896
1788566464458,40.02584740,-83.02226809,20.185449696779067,1788566460555,onnx-community/mobilenetv4_conv_small.e2400_r224_in1k,fp16,webgpu,"park bench",0.148,1,,,,,,,,,480,640,51
1788566464458,40.02584740,-83.02226809,20.185449696779067,1788566460555,onnx-community/mobilenetv4_conv_small.e2400_r224_in1k,fp16,webgpu,"worm fence, snake fence, snake-rail fence, Virginia fence",0.041,2,,,,,,,,,480,640,51
1788566464458,40.02584740,-83.02226809,20.185449696779067,1788566460555,onnx-community/mobilenetv4_conv_small.e2400_r224_in1k,fp16,webgpu,"lakeside, lakeshore",0.037,3,,,,,,,,,480,640,51
1788566465225,40.02584740,-83.02226809,20.185449696779067,1788566460555,onnx-community/mobilenetv4_conv_small.e2400_r224_in1k,fp16,webgpu,"park bench",0.324,1,,,,,,,,,480,640,52
1788566465225,40.02584740,-83.02226809,20.185449696779067,1788566460555,onnx-community/mobilenetv4_conv_small.e2400_r224_in1k,fp16,webgpu,"lakeside, lakeshore",0.087,2,,,,,,,,,480,640,52
1788566465225,40.02584740,-83.02226809,20.185449696779067,1788566460555,onnx-community/mobilenetv4_conv_small.e2400_r224_in1k,fp16,webgpu,"worm fence, snake fence, snake-rail fence, Virginia fence",0.051,3,,,,,,,,,480,640,52
1788566465992,40.02584740,-83.02226809,20.185449696779067,1788566460555,onnx-community/mobilenetv4_conv_small.e2400_r224_in1k,fp16,webgpu,"park bench",0.324,1,,,,,,,,,480,640,53
1788566465992,40.02584740,-83.02226809,20.185449696779067,1788566460555,onnx-community/mobilenetv4_conv_small.e2400_r224_in1k,fp16,webgpu,"lakeside, lakeshore",0.119,2,,,,,,,,,480,640,53
1788566465992,40.02584740,-83.02226809,20.185449696779067,1788566460555,onnx-community/mobilenetv4_conv_small.e2400_r224_in1k,fp16,webgpu,"worm fence, snake fence, snake-rail fence, Virginia fence",0.021,3,,,,,,,,,480,640,53
1788566466760,40.02579841,-83.02215098,19.654425707021527,1788566464152,onnx-community/mobilenetv4_conv_small.e2400_r224_in1k,fp16,webgpu,"park bench",0.234,1,,,,,,,,,480,640,55
1788566466760,40.02579841,-83.02215098,19.654425707021527,1788566464152,onnx-community/mobilenetv4_conv_small.e2400_r224_in1k,fp16,webgpu,"lakeside, lakeshore",0.161,2,,,,,,,,,480,640,55
1788566466760,40.02579841,-83.02215098,19.654425707021527,1788566464152,onnx-community/mobilenetv4_conv_small.e2400_r224_in1k,fp16,webgpu,"oxcart",0.036,3,,,,,,,,,480,640,55
1788566467529,40.02579841,-83.02215098,19.654425707021527,1788566464152,onnx-community/mobilenetv4_conv_small.e2400_r224_in1k,fp16,webgpu,"park bench",0.159,1,,,,,,,,,480,640,57
1788566467529,40.02579841,-83.02215098,19.654425707021527,1788566464152,onnx-community/mobilenetv4_conv_small.e2400_r224_in1k,fp16,webgpu,"lakeside, lakeshore",0.087,2,,,,,,,,,480,640,57
1788566467529,40.02579841,-83.02215098,19.654425707021527,1788566464152,onnx-community/mobilenetv4_conv_small.e2400_r224_in1k,fp16,webgpu,"breakwater, groin, groyne, mole, bulwark, seawall, jetty",0.033,3,,,,,,,,,480,640,57
1788566468297,40.02579841,-83.02215098,19.654425707021527,1788566464152,onnx-community/mobilenetv4_conv_small.e2400_r224_in1k,fp16,webgpu,"park bench",0.192,1,,,,,,,,,480,640,60
1788566468297,40.02579841,-83.02215098,19.654425707021527,1788566464152,onnx-community/mobilenetv4_conv_small.e2400_r224_in1k,fp16,webgpu,"lakeside, lakeshore",0.071,2,,,,,,,,,480,640,60
1788566468297,40.02579841,-83.02215098,19.654425707021527,1788566464152,onnx-community/mobilenetv4_conv_small.e2400_r224_in1k,fp16,webgpu,"oxcart",0.048,3,,,,,,,,,480,640,60
1788566469055,40.02579841,-83.02215098,19.654425707021527,1788566464152,onnx-community/mobilenetv4_conv_small.e2400_r224_in1k,fp16,webgpu,"park bench",0.084,1,,,,,,,,,480,640,52
1788566469055,40.02579841,-83.02215098,19.654425707021527,1788566464152,onnx-community/mobilenetv4_conv_small.e2400_r224_in1k,fp16,webgpu,"oxcart",0.069,2,,,,,,,,,480,640,52
1788566469055,40.02579841,-83.02215098,19.654425707021527,1788566464152,onnx-community/mobilenetv4_conv_small.e2400_r224_in1k,fp16,webgpu,"lakeside, lakeshore",0.052,3,,,,,,,,,480,640,52
1788566469824,40.02578667,-83.02213632,20.88023741123603,1788566466561,onnx-community/mobilenetv4_conv_small.e2400_r224_in1k,fp16,webgpu,"park bench",0.165,1,,,,,,,,,480,640,55
1788566469824,40.02578667,-83.02213632,20.88023741123603,1788566466561,onnx-community/mobilenetv4_conv_small.e2400_r224_in1k,fp16,webgpu,"oxcart",0.091,2,,,,,,,,,480,640,55
1788566469824,40.02578667,-83.02213632,20.88023741123603,1788566466561,onnx-community/mobilenetv4_conv_small.e2400_r224_in1k,fp16,webgpu,"lakeside, lakeshore",0.039,3,,,,,,,,,480,640,55
1788566470590,40.02578667,-83.02213632,20.88023741123603,1788566466561,onnx-community/mobilenetv4_conv_small.e2400_r224_in1k,fp16,webgpu,"park bench",0.060,1,,,,,,,,,480,640,56.000000000029104
1788566470590,40.02578667,-83.02213632,20.88023741123603,1788566466561,onnx-community/mobilenetv4_conv_small.e2400_r224_in1k,fp16,webgpu,"oxcart",0.034,2,,,,,,,,,480,640,56.000000000029104
1788566470590,40.02578667,-83.02213632,20.88023741123603,1788566466561,onnx-community/mobilenetv4_conv_small.e2400_r224_in1k,fp16,webgpu,"soft-coated wheaten terrier",0.025,3,,,,,,,,,480,640,56.000000000029104
1788566471354,40.02578667,-83.02213632,20.88023741123603,1788566466561,onnx-community/mobilenetv4_conv_small.e2400_r224_in1k,fp16,webgpu,"park bench",0.125,1,,,,,,,,,480,640,54
1788566471354,40.02578667,-83.02213632,20.88023741123603,1788566466561,onnx-community/mobilenetv4_conv_small.e2400_r224_in1k,fp16,webgpu,"oxcart",0.078,2,,,,,,,,,480,640,54
1788566471354,40.02578667,-83.02213632,20.88023741123603,1788566466561,onnx-community/mobilenetv4_conv_small.e2400_r224_in1k,fp16,webgpu,"mailbox, letter box",0.030,3,,,,,,,,,480,640,54
1788566472136,40.02578667,-83.02213632,20.88023741123603,1788566466561,onnx-community/mobilenetv4_conv_small.e2400_r224_in1k,fp16,webgpu,"park bench",0.071,1,,,,,,,,,480,640,69.9999999999709
1788566472136,40.02578667,-83.02213632,20.88023741123603,1788566466561,onnx-community/mobilenetv4_conv_small.e2400_r224_in1k,fp16,webgpu,"Appenzeller",0.037,2,,,,,,,,,480,640,69.9999999999709
1788566472136,40.02578667,-83.02213632,20.88023741123603,1788566466561,onnx-community/mobilenetv4_conv_small.e2400_r224_in1k,fp16,webgpu,"peacock",0.032,3,,,,,,,,,480,640,69.9999999999709
1788566472916,40.02576880,-83.02211784,24.13795204288814,1788566470310,onnx-community/mobilenetv4_conv_small.e2400_r224_in1k,fp16,webgpu,"park bench",0.187,1,,,,,,,,,480,640,67
1788566472916,40.02576880,-83.02211784,24.13795204288814,1788566470310,onnx-community/mobilenetv4_conv_small.e2400_r224_in1k,fp16,webgpu,"oxcart",0.039,2,,,,,,,,,480,640,67
1788566472916,40.02576880,-83.02211784,24.13795204288814,1788566470310,onnx-community/mobilenetv4_conv_small.e2400_r224_in1k,fp16,webgpu,"mailbox, letter box",0.032,3,,,,,,,,,480,640,67
1788566473695,40.02576880,-83.02211784,24.13795204288814,1788566470310,onnx-community/mobilenetv4_conv_small.e2400_r224_in1k,fp16,webgpu,"park bench",0.319,1,,,,,,,,,480,640,63.999999999970896
1788566473695,40.02576880,-83.02211784,24.13795204288814,1788566470310,onnx-community/mobilenetv4_conv_small.e2400_r224_in1k,fp16,webgpu,"lakeside, lakeshore",0.049,2,,,,,,,,,480,640,63.999999999970896
1788566473695,40.02576880,-83.02211784,24.13795204288814,1788566470310,onnx-community/mobilenetv4_conv_small.e2400_r224_in1k,fp16,webgpu,"oxcart",0.023,3,,,,,,,,,480,640,63.999999999970896
1788566474478,40.02576880,-83.02211784,24.13795204288814,1788566470310,onnx-community/mobilenetv4_conv_small.e2400_r224_in1k,fp16,webgpu,"park bench",0.071,1,,,,,,,,,480,640,66
1788566474478,40.02576880,-83.02211784,24.13795204288814,1788566470310,onnx-community/mobilenetv4_conv_small.e2400_r224_in1k,fp16,webgpu,"unicycle, monocycle",0.035,2,,,,,,,,,480,640,66
1788566474478,40.02576880,-83.02211784,24.13795204288814,1788566470310,onnx-community/mobilenetv4_conv_small.e2400_r224_in1k,fp16,webgpu,"Appenzeller",0.030,3,,,,,,,,,480,640,66
1788566475259,40.02576880,-83.02211784,24.13795204288814,1788566470310,onnx-community/mobilenetv4_conv_small.e2400_r224_in1k,fp16,webgpu,"park bench",0.285,1,,,,,,,,,480,640,63
1788566475259,40.02576880,-83.02211784,24.13795204288814,1788566470310,onnx-community/mobilenetv4_conv_small.e2400_r224_in1k,fp16,webgpu,"oxcart",0.054,2,,,,,,,,,480,640,63
1788566475259,40.02576880,-83.02211784,24.13795204288814,1788566470310,onnx-community/mobilenetv4_conv_small.e2400_r224_in1k,fp16,webgpu,"mailbox, letter box",0.026,3,,,,,,,,,480,640,63
1788566476042,40.02576532,-83.02212014,21.819991579140805,1788566472566,onnx-community/mobilenetv4_conv_small.e2400_r224_in1k,fp16,webgpu,"park bench",0.300,1,,,,,,,,,480,640,63.000000000029104
1788566476042,40.02576532,-83.02212014,21.819991579140805,1788566472566,onnx-community/mobilenetv4_conv_small.e2400_r224_in1k,fp16,webgpu,"oxcart",0.072,2,,,,,,,,,480,640,63.000000000029104
1788566476042,40.02576532,-83.02212014,21.819991579140805,1788566472566,onnx-community/mobilenetv4_conv_small.e2400_r224_in1k,fp16,webgpu,"mailbox, letter box",0.031,3,,,,,,,,,480,640,63.000000000029104
1788566476824,40.02576532,-83.02212014,21.819991579140805,1788566472566,onnx-community/mobilenetv4_conv_small.e2400_r224_in1k,fp16,webgpu,"park bench",0.339,1,,,,,,,,,480,640,63
1788566476824,40.02576532,-83.02212014,21.819991579140805,1788566472566,onnx-community/mobilenetv4_conv_small.e2400_r224_in1k,fp16,webgpu,"oxcart",0.042,2,,,,,,,,,480,640,63
1788566476824,40.02576532,-83.02212014,21.819991579140805,1788566472566,onnx-community/mobilenetv4_conv_small.e2400_r224_in1k,fp16,webgpu,"tricycle, trike, velocipede",0.034,3,,,,,,,,,480,640,63
1788566477617,40.02576532,-83.02212014,21.819991579140805,1788566472566,onnx-community/mobilenetv4_conv_small.e2400_r224_in1k,fp16,webgpu,"park bench",0.171,1,,,,,,,,,480,640,73
1788566477617,40.02576532,-83.02212014,21.819991579140805,1788566472566,onnx-community/mobilenetv4_conv_small.e2400_r224_in1k,fp16,webgpu,"oxcart",0.072,2,,,,,,,,,480,640,73
1788566477617,40.02576532,-83.02212014,21.819991579140805,1788566472566,onnx-community/mobilenetv4_conv_small.e2400_r224_in1k,fp16,webgpu,"mailbox, letter box",0.034,3,,,,,,,,,480,640,73
1788566478399,40.02576532,-83.02212014,21.819991579140805,1788566472566,onnx-community/mobilenetv4_conv_small.e2400_r224_in1k,fp16,webgpu,"park bench",0.126,1,,,,,,,,,480,640,73.0000000000291
1788566478399,40.02576532,-83.02212014,21.819991579140805,1788566472566,onnx-community/mobilenetv4_conv_small.e2400_r224_in1k,fp16,webgpu,"oxcart",0.066,2,,,,,,,,,480,640,73.0000000000291
1788566478399,40.02576532,-83.02212014,21.819991579140805,1788566472566,onnx-community/mobilenetv4_conv_small.e2400_r224_in1k,fp16,webgpu,"golfcart, golf cart",0.024,3,,,,,,,,,480,640,73.0000000000291
1788566479180,40.02571532,-83.02198355,24.19016183574582,1788566476156,onnx-community/mobilenetv4_conv_small.e2400_r224_in1k,fp16,webgpu,"park bench",0.074,1,,,,,,,,,480,640,72
1788566479180,40.02571532,-83.02198355,24.19016183574582,1788566476156,onnx-community/mobilenetv4_conv_small.e2400_r224_in1k,fp16,webgpu,"oxcart",0.062,2,,,,,,,,,480,640,72
1788566479180,40.02571532,-83.02198355,24.19016183574582,1788566476156,onnx-community/mobilenetv4_conv_small.e2400_r224_in1k,fp16,webgpu,"peacock",0.039,3,,,,,,,,,480,640,72
1788566479961,40.02571532,-83.02198355,24.19016183574582,1788566476156,onnx-community/mobilenetv4_conv_small.e2400_r224_in1k,fp16,webgpu,"oxcart",0.151,1,,,,,,,,,480,640,70
1788566479961,40.02571532,-83.02198355,24.19016183574582,1788566476156,onnx-community/mobilenetv4_conv_small.e2400_r224_in1k,fp16,webgpu,"park bench",0.122,2,,,,,,,,,480,640,70
1788566479961,40.02571532,-83.02198355,24.19016183574582,1788566476156,onnx-community/mobilenetv4_conv_small.e2400_r224_in1k,fp16,webgpu,"sandbar, sand bar",0.045,3,,,,,,,,,480,640,70
1788566480734,40.02571532,-83.02198355,24.19016183574582,1788566476156,onnx-community/mobilenetv4_conv_small.e2400_r224_in1k,fp16,webgpu,"park bench",0.193,1,,,,,,,,,480,640,62
1788566480734,40.02571532,-83.02198355,24.19016183574582,1788566476156,onnx-community/mobilenetv4_conv_small.e2400_r224_in1k,fp16,webgpu,"oxcart",0.084,2,,,,,,,,,480,640,62
1788566480734,40.02571532,-83.02198355,24.19016183574582,1788566476156,onnx-community/mobilenetv4_conv_small.e2400_r224_in1k,fp16,webgpu,"lakeside, lakeshore",0.078,3,,,,,,,,,480,640,62
1788566481513,40.02571532,-83.02198355,24.19016183574582,1788566476156,onnx-community/mobilenetv4_conv_small.e2400_r224_in1k,fp16,webgpu,"park bench",0.061,1,,,,,,,,,480,640,74
1788566481513,40.02571532,-83.02198355,24.19016183574582,1788566476156,onnx-community/mobilenetv4_conv_small.e2400_r224_in1k,fp16,webgpu,"soft-coated wheaten terrier",0.031,2,,,,,,,,,480,640,74
1788566481513,40.02571532,-83.02198355,24.19016183574582,1788566476156,onnx-community/mobilenetv4_conv_small.e2400_r224_in1k,fp16,webgpu,"oxcart",0.030,3,,,,,,,,,480,640,74
1788566482292,40.02569912,-83.02188992,30.37428653738306,1788566478581,onnx-community/mobilenetv4_conv_small.e2400_r224_in1k,fp16,webgpu,"park bench",0.331,1,,,,,,,,,480,640,71
1788566482292,40.02569912,-83.02188992,30.37428653738306,1788566478581,onnx-community/mobilenetv4_conv_small.e2400_r224_in1k,fp16,webgpu,"lakeside, lakeshore",0.030,2,,,,,,,,,480,640,71
1788566482292,40.02569912,-83.02188992,30.37428653738306,1788566478581,onnx-community/mobilenetv4_conv_small.e2400_r224_in1k,fp16,webgpu,"picket fence, paling",0.025,3,,,,,,,,,480,640,71
1788566483074,40.02569912,-83.02188992,30.37428653738306,1788566478581,onnx-community/mobilenetv4_conv_small.e2400_r224_in1k,fp16,webgpu,"park bench",0.031,1,,,,,,,,,480,640,70
1788566483074,40.02569912,-83.02188992,30.37428653738306,1788566478581,onnx-community/mobilenetv4_conv_small.e2400_r224_in1k,fp16,webgpu,"oxcart",0.027,2,,,,,,,,,480,640,70
1788566483074,40.02569912,-83.02188992,30.37428653738306,1788566478581,onnx-community/mobilenetv4_conv_small.e2400_r224_in1k,fp16,webgpu,"tricycle, trike, velocipede",0.025,3,,,,,,,,,480,640,70
1788566483849,40.02569912,-83.02188992,30.37428653738306,1788566478581,onnx-community/mobilenetv4_conv_small.e2400_r224_in1k,fp16,webgpu,"park bench",0.116,1,,,,,,,,,480,640,62.999999999970896
1788566483849,40.02569912,-83.02188992,30.37428653738306,1788566478581,onnx-community/mobilenetv4_conv_small.e2400_r224_in1k,fp16,webgpu,"oxcart",0.071,2,,,,,,,,,480,640,62.999999999970896
1788566483849,40.02569912,-83.02188992,30.37428653738306,1788566478581,onnx-community/mobilenetv4_conv_small.e2400_r224_in1k,fp16,webgpu,"horse cart, horse-cart",0.030,3,,,,,,,,,480,640,62.999999999970896
1788566484620,40.02562727,-83.02175202,39.527239246643546,1788566482166,onnx-community/mobilenetv4_conv_small.e2400_r224_in1k,fp16,webgpu,"park bench",0.204,1,,,,,,,,,480,640,65.9999999999709
1788566484620,40.02562727,-83.02175202,39.527239246643546,1788566482166,onnx-community/mobilenetv4_conv_small.e2400_r224_in1k,fp16,webgpu,"lakeside, lakeshore",0.053,2,,,,,,,,,480,640,65.9999999999709
1788566484620,40.02562727,-83.02175202,39.527239246643546,1788566482166,onnx-community/mobilenetv4_conv_small.e2400_r224_in1k,fp16,webgpu,"oxcart",0.048,3,,,,,,,,,480,640,65.9999999999709
1788566485406,40.02562727,-83.02175202,39.527239246643546,1788566482166,onnx-community/mobilenetv4_conv_small.e2400_r224_in1k,fp16,webgpu,"stone wall",0.175,1,,,,,,,,,480,640,71
1788566485406,40.02562727,-83.02175202,39.527239246643546,1788566482166,onnx-community/mobilenetv4_conv_small.e2400_r224_in1k,fp16,webgpu,"park bench",0.092,2,,,,,,,,,480,640,71
1788566485406,40.02562727,-83.02175202,39.527239246643546,1788566482166,onnx-community/mobilenetv4_conv_small.e2400_r224_in1k,fp16,webgpu,"lakeside, lakeshore",0.078,3,,,,,,,,,480,640,71
1788566486185,40.02562727,-83.02175202,39.527239246643546,1788566482166,onnx-community/mobilenetv4_conv_small.e2400_r224_in1k,fp16,webgpu,"park bench",0.131,1,,,,,,,,,480,640,69.0000000000291
1788566486185,40.02562727,-83.02175202,39.527239246643546,1788566482166,onnx-community/mobilenetv4_conv_small.e2400_r224_in1k,fp16,webgpu,"sandbar, sand bar",0.052,2,,,,,,,,,480,640,69.0000000000291
1788566486185,40.02562727,-83.02175202,39.527239246643546,1788566482166,onnx-community/mobilenetv4_conv_small.e2400_r224_in1k,fp16,webgpu,"stone wall",0.039,3,,,,,,,,,480,640,69.0000000000291
1788566486971,40.02562727,-83.02175202,39.527239246643546,1788566482166,onnx-community/mobilenetv4_conv_small.e2400_r224_in1k,fp16,webgpu,"park bench",0.045,1,,,,,,,,,480,640,71.0000000000291
1788566486971,40.02562727,-83.02175202,39.527239246643546,1788566482166,onnx-community/mobilenetv4_conv_small.e2400_r224_in1k,fp16,webgpu,"horse cart, horse-cart",0.037,2,,,,,,,,,480,640,71.0000000000291
1788566486971,40.02562727,-83.02175202,39.527239246643546,1788566482166,onnx-community/mobilenetv4_conv_small.e2400_r224_in1k,fp16,webgpu,"stone wall",0.035,3,,,,,,,,,480,640,71.0000000000291
1788566487752,40.02565446,-83.02179819,31.99790479235978,1788566484607,onnx-community/mobilenetv4_conv_small.e2400_r224_in1k,fp16,webgpu,"sandbar, sand bar",0.097,1,,,,,,,,,480,640,70
1788566487752,40.02565446,-83.02179819,31.99790479235978,1788566484607,onnx-community/mobilenetv4_conv_small.e2400_r224_in1k,fp16,webgpu,"park bench",0.079,2,,,,,,,,,480,640,70
1788566487752,40.02565446,-83.02179819,31.99790479235978,1788566484607,onnx-community/mobilenetv4_conv_small.e2400_r224_in1k,fp16,webgpu,"lakeside, lakeshore",0.063,3,,,,,,,,,480,640,70
1788566488535,40.02565446,-83.02179819,31.99790479235978,1788566484607,onnx-community/mobilenetv4_conv_small.e2400_r224_in1k,fp16,webgpu,"park bench",0.145,1,,,,,,,,,480,640,69.9999999999709
1788566488535,40.02565446,-83.02179819,31.99790479235978,1788566484607,onnx-community/mobilenetv4_conv_small.e2400_r224_in1k,fp16,webgpu,"sandbar, sand bar",0.078,2,,,,,,,,,480,640,69.9999999999709
1788566488535,40.02565446,-83.02179819,31.99790479235978,1788566484607,onnx-community/mobilenetv4_conv_small.e2400_r224_in1k,fp16,webgpu,"lakeside, lakeshore",0.046,3,,,,,,,,,480,640,69.9999999999709
1788566489318,40.02565446,-83.02179819,31.99790479235978,1788566484607,onnx-community/mobilenetv4_conv_small.e2400_r224_in1k,fp16,webgpu,"park bench",0.145,1,,,,,,,,,480,640,70.9999999999709
1788566489318,40.02565446,-83.02179819,31.99790479235978,1788566484607,onnx-community/mobilenetv4_conv_small.e2400_r224_in1k,fp16,webgpu,"lakeside, lakeshore",0.076,2,,,,,,,,,480,640,70.9999999999709
1788566489318,40.02565446,-83.02179819,31.99790479235978,1788566484607,onnx-community/mobilenetv4_conv_small.e2400_r224_in1k,fp16,webgpu,"mountain bike, all-terrain bike, off-roader",0.041,3,,,,,,,,,480,640,70.9999999999709
1788566490107,40.02565446,-83.02179819,31.99790479235978,1788566484607,onnx-community/mobilenetv4_conv_small.e2400_r224_in1k,fp16,webgpu,"park bench",0.074,1,,,,,,,,,480,640,77
1788566490107,40.02565446,-83.02179819,31.99790479235978,1788566484607,onnx-community/mobilenetv4_conv_small.e2400_r224_in1k,fp16,webgpu,"mountain bike, all-terrain bike, off-roader",0.039,2,,,,,,,,,480,640,77
1788566490107,40.02565446,-83.02179819,31.99790479235978,1788566484607,onnx-community/mobilenetv4_conv_small.e2400_r224_in1k,fp16,webgpu,"diamondback, diamondback rattlesnake, Crotalus adamanteus",0.037,3,,,,,,,,,480,640,77
1788566490876,40.02543838,-83.02146746,60.680301502995995,1788566488158,onnx-community/mobilenetv4_conv_small.e2400_r224_in1k,fp16,webgpu,"park bench",0.169,1,,,,,,,,,480,640,63.999999999970896
1788566490876,40.02543838,-83.02146746,60.680301502995995,1788566488158,onnx-community/mobilenetv4_conv_small.e2400_r224_in1k,fp16,webgpu,"lakeside, lakeshore",0.037,2,,,,,,,,,480,640,63.999999999970896
1788566490876,40.02543838,-83.02146746,60.680301502995995,1788566488158,onnx-community/mobilenetv4_conv_small.e2400_r224_in1k,fp16,webgpu,"stone wall",0.035,3,,,,,,,,,480,640,63.999999999970896
1788566491657,40.02543838,-83.02146746,60.680301502995995,1788566488158,onnx-community/mobilenetv4_conv_small.e2400_r224_in1k,fp16,webgpu,"park bench",0.354,1,,,,,,,,,480,640,62
1788566491657,40.02543838,-83.02146746,60.680301502995995,1788566488158,onnx-community/mobilenetv4_conv_small.e2400_r224_in1k,fp16,webgpu,"lakeside, lakeshore",0.117,2,,,,,,,,,480,640,62
1788566491657,40.02543838,-83.02146746,60.680301502995995,1788566488158,onnx-community/mobilenetv4_conv_small.e2400_r224_in1k,fp16,webgpu,"mountain bike, all-terrain bike, off-roader",0.018,3,,,,,,,,,480,640,62
1788566492443,40.02543838,-83.02146746,60.680301502995995,1788566488158,onnx-community/mobilenetv4_conv_small.e2400_r224_in1k,fp16,webgpu,"park bench",0.181,1,,,,,,,,,480,640,67.00000000005821
1788566492443,40.02543838,-83.02146746,60.680301502995995,1788566488158,onnx-community/mobilenetv4_conv_small.e2400_r224_in1k,fp16,webgpu,"lakeside, lakeshore",0.042,2,,,,,,,,,480,640,67.00000000005821
1788566492443,40.02543838,-83.02146746,60.680301502995995,1788566488158,onnx-community/mobilenetv4_conv_small.e2400_r224_in1k,fp16,webgpu,"car mirror",0.027,3,,,,,,,,,480,640,67.00000000005821
1788566493224,40.02543838,-83.02146746,60.680301502995995,1788566488158,onnx-community/mobilenetv4_conv_small.e2400_r224_in1k,fp16,webgpu,"park bench",0.455,1,,,,,,,,,480,640,65
1788566493224,40.02543838,-83.02146746,60.680301502995995,1788566488158,onnx-community/mobilenetv4_conv_small.e2400_r224_in1k,fp16,webgpu,"lakeside, lakeshore",0.115,2,,,,,,,,,480,640,65
1788566493224,40.02543838,-83.02146746,60.680301502995995,1788566488158,onnx-community/mobilenetv4_conv_small.e2400_r224_in1k,fp16,webgpu,"stone wall",0.016,3,,,,,,,,,480,640,65
1788566494009,40.02530663,-83.02126859,22.738758231013723,1788566490621,onnx-community/mobilenetv4_conv_small.e2400_r224_in1k,fp16,webgpu,"park bench",0.228,1,,,,,,,,,480,640,68.00000000005821
1788566494009,40.02530663,-83.02126859,22.738758231013723,1788566490621,onnx-community/mobilenetv4_conv_small.e2400_r224_in1k,fp16,webgpu,"lakeside, lakeshore",0.111,2,,,,,,,,,480,640,68.00000000005821
1788566494009,40.02530663,-83.02126859,22.738758231013723,1788566490621,onnx-community/mobilenetv4_conv_small.e2400_r224_in1k,fp16,webgpu,"stone wall",0.030,3,,,,,,,,,480,640,68.00000000005821
1788566494794,40.02530663,-83.02126859,22.738758231013723,1788566490621,onnx-community/mobilenetv4_conv_small.e2400_r224_in1k,fp16,webgpu,"park bench",0.385,1,,,,,,,,,480,640,70
1788566494794,40.02530663,-83.02126859,22.738758231013723,1788566490621,onnx-community/mobilenetv4_conv_small.e2400_r224_in1k,fp16,webgpu,"lakeside, lakeshore",0.046,2,,,,,,,,,480,640,70
1788566494794,40.02530663,-83.02126859,22.738758231013723,1788566490621,onnx-community/mobilenetv4_conv_small.e2400_r224_in1k,fp16,webgpu,"stone wall",0.016,3,,,,,,,,,480,640,70
1788566495578,40.02530663,-83.02126859,22.738758231013723,1788566490621,onnx-community/mobilenetv4_conv_small.e2400_r224_in1k,fp16,webgpu,"park bench",0.420,1,,,,,,,,,480,640,72
1788566495578,40.02530663,-83.02126859,22.738758231013723,1788566490621,onnx-community/mobilenetv4_conv_small.e2400_r224_in1k,fp16,webgpu,"lakeside, lakeshore",0.034,2,,,,,,,,,480,640,72
1788566495578,40.02530663,-83.02126859,22.738758231013723,1788566490621,onnx-community/mobilenetv4_conv_small.e2400_r224_in1k,fp16,webgpu,"sandbar, sand bar",0.017,3,,,,,,,,,480,640,72
1788566496374,40.02530663,-83.02126859,22.738758231013723,1788566490621,onnx-community/mobilenetv4_conv_small.e2400_r224_in1k,fp16,webgpu,"park bench",0.267,1,,,,,,,,,480,640,86
1788566496374,40.02530663,-83.02126859,22.738758231013723,1788566490621,onnx-community/mobilenetv4_conv_small.e2400_r224_in1k,fp16,webgpu,"lakeside, lakeshore",0.088,2,,,,,,,,,480,640,86
1788566496374,40.02530663,-83.02126859,22.738758231013723,1788566490621,onnx-community/mobilenetv4_conv_small.e2400_r224_in1k,fp16,webgpu,"sandbar, sand bar",0.038,3,,,,,,,,,480,640,86
1788566497146,40.02531335,-83.02127211,23.118032062076583,1788566494163,onnx-community/mobilenetv4_conv_small.e2400_r224_in1k,fp16,webgpu,"park bench",0.214,1,,,,,,,,,480,640,60
1788566497146,40.02531335,-83.02127211,23.118032062076583,1788566494163,onnx-community/mobilenetv4_conv_small.e2400_r224_in1k,fp16,webgpu,"lakeside, lakeshore",0.061,2,,,,,,,,,480,640,60
1788566497146,40.02531335,-83.02127211,23.118032062076583,1788566494163,onnx-community/mobilenetv4_conv_small.e2400_r224_in1k,fp16,webgpu,"sandbar, sand bar",0.034,3,,,,,,,,,480,640,60
1788566497926,40.02531335,-83.02127211,23.118032062076583,1788566494163,onnx-community/mobilenetv4_conv_small.e2400_r224_in1k,fp16,webgpu,"park bench",0.179,1,,,,,,,,,480,640,73
1788566497926,40.02531335,-83.02127211,23.118032062076583,1788566494163,onnx-community/mobilenetv4_conv_small.e2400_r224_in1k,fp16,webgpu,"lakeside, lakeshore",0.085,2,,,,,,,,,480,640,73
1788566497926,40.02531335,-83.02127211,23.118032062076583,1788566494163,onnx-community/mobilenetv4_conv_small.e2400_r224_in1k,fp16,webgpu,"unicycle, monocycle",0.027,3,,,,,,,,,480,640,73
1788566498710,40.02531335,-83.02127211,23.118032062076583,1788566494163,onnx-community/mobilenetv4_conv_small.e2400_r224_in1k,fp16,webgpu,"park bench",0.256,1,,,,,,,,,480,640,75
1788566498710,40.02531335,-83.02127211,23.118032062076583,1788566494163,onnx-community/mobilenetv4_conv_small.e2400_r224_in1k,fp16,webgpu,"lakeside, lakeshore",0.071,2,,,,,,,,,480,640,75
1788566498710,40.02531335,-83.02127211,23.118032062076583,1788566494163,onnx-community/mobilenetv4_conv_small.e2400_r224_in1k,fp16,webgpu,"mobile home, manufactured home",0.016,3,,,,,,,,,480,640,75
1788566499472,40.02531335,-83.02127211,23.118032062076583,1788566494163,onnx-community/mobilenetv4_conv_small.e2400_r224_in1k,fp16,webgpu,"lakeside, lakeshore",0.232,1,,,,,,,,,480,640,57
1788566499472,40.02531335,-83.02127211,23.118032062076583,1788566494163,onnx-community/mobilenetv4_conv_small.e2400_r224_in1k,fp16,webgpu,"park bench",0.147,2,,,,,,,,,480,640,57
1788566499472,40.02531335,-83.02127211,23.118032062076583,1788566494163,onnx-community/mobilenetv4_conv_small.e2400_r224_in1k,fp16,webgpu,"sandbar, sand bar",0.040,3,,,,,,,,,480,640,57
1788566500253,40.02530987,-83.02126524,25.03862239905933,1788566496627,onnx-community/mobilenetv4_conv_small.e2400_r224_in1k,fp16,webgpu,"park bench",0.416,1,,,,,,,,,480,640,69
1788566500253,40.02530987,-83.02126524,25.03862239905933,1788566496627,onnx-community/mobilenetv4_conv_small.e2400_r224_in1k,fp16,webgpu,"lakeside, lakeshore",0.135,2,,,,,,,,,480,640,69
1788566500253,40.02530987,-83.02126524,25.03862239905933,1788566496627,onnx-community/mobilenetv4_conv_small.e2400_r224_in1k,fp16,webgpu,"sandbar, sand bar",0.023,3,,,,,,,,,480,640,69
1788566501037,40.02530987,-83.02126524,25.03862239905933,1788566496627,onnx-community/mobilenetv4_conv_small.e2400_r224_in1k,fp16,webgpu,"park bench",0.218,1,,,,,,,,,480,640,70
1788566501037,40.02530987,-83.02126524,25.03862239905933,1788566496627,onnx-community/mobilenetv4_conv_small.e2400_r224_in1k,fp16,webgpu,"unicycle, monocycle",0.028,2,,,,,,,,,480,640,70
1788566501037,40.02530987,-83.02126524,25.03862239905933,1788566496627,onnx-community/mobilenetv4_conv_small.e2400_r224_in1k,fp16,webgpu,"lakeside, lakeshore",0.025,3,,,,,,,,,480,640,70
1788566501828,40.02530987,-83.02126524,25.03862239905933,1788566496627,onnx-community/mobilenetv4_conv_small.e2400_r224_in1k,fp16,webgpu,"park bench",0.279,1,,,,,,,,,480,640,80
1788566501828,40.02530987,-83.02126524,25.03862239905933,1788566496627,onnx-community/mobilenetv4_conv_small.e2400_r224_in1k,fp16,webgpu,"lakeside, lakeshore",0.064,2,,,,,,,,,480,640,80
1788566501828,40.02530987,-83.02126524,25.03862239905933,1788566496627,onnx-community/mobilenetv4_conv_small.e2400_r224_in1k,fp16,webgpu,"mountain bike, all-terrain bike, off-roader",0.017,3,,,,,,,,,480,640,80
1788566502610,40.02530987,-83.02126524,25.03862239905933,1788566496627,onnx-community/mobilenetv4_conv_small.e2400_r224_in1k,fp16,webgpu,"park bench",0.208,1,,,,,,,,,480,640,62
1788566502610,40.02530987,-83.02126524,25.03862239905933,1788566496627,onnx-community/mobilenetv4_conv_small.e2400_r224_in1k,fp16,webgpu,"lakeside, lakeshore",0.095,2,,,,,,,,,480,640,62
1788566502610,40.02530987,-83.02126524,25.03862239905933,1788566496627,onnx-community/mobilenetv4_conv_small.e2400_r224_in1k,fp16,webgpu,"golfcart, golf cart",0.042,3,,,,,,,,,480,640,62
1788566503403,40.02528676,-83.02123930,25.405174658556778,1788566500174,onnx-community/mobilenetv4_conv_small.e2400_r224_in1k,fp16,webgpu,"park bench",0.100,1,,,,,,,,,480,640,71.99999999994179
1788566503403,40.02528676,-83.02123930,25.405174658556778,1788566500174,onnx-community/mobilenetv4_conv_small.e2400_r224_in1k,fp16,webgpu,"bicycle-built-for-two, tandem bicycle, tandem",0.036,2,,,,,,,,,480,640,71.99999999994179
1788566503403,40.02528676,-83.02123930,25.405174658556778,1788566500174,onnx-community/mobilenetv4_conv_small.e2400_r224_in1k,fp16,webgpu,"unicycle, monocycle",0.031,3,,,,,,,,,480,640,71.99999999994179
1788566504184,40.02528676,-83.02123930,25.405174658556778,1788566500174,onnx-community/mobilenetv4_conv_small.e2400_r224_in1k,fp16,webgpu,"park bench",0.434,1,,,,,,,,,480,640,71
1788566504184,40.02528676,-83.02123930,25.405174658556778,1788566500174,onnx-community/mobilenetv4_conv_small.e2400_r224_in1k,fp16,webgpu,"lakeside, lakeshore",0.067,2,,,,,,,,,480,640,71
1788566504184,40.02528676,-83.02123930,25.405174658556778,1788566500174,onnx-community/mobilenetv4_conv_small.e2400_r224_in1k,fp16,webgpu,"patio, terrace",0.023,3,,,,,,,,,480,640,71
1788566504967,40.02528676,-83.02123930,25.405174658556778,1788566500174,onnx-community/mobilenetv4_conv_small.e2400_r224_in1k,fp16,webgpu,"park bench",0.256,1,,,,,,,,,480,640,72
1788566504967,40.02528676,-83.02123930,25.405174658556778,1788566500174,onnx-community/mobilenetv4_conv_small.e2400_r224_in1k,fp16,webgpu,"lakeside, lakeshore",0.027,2,,,,,,,,,480,640,72
1788566504967,40.02528676,-83.02123930,25.405174658556778,1788566500174,onnx-community/mobilenetv4_conv_small.e2400_r224_in1k,fp16,webgpu,"maze, labyrinth",0.019,3,,,,,,,,,480,640,72
1788566505737,40.02528424,-83.02123592,27.013701791975773,1788566502631,onnx-community/mobilenetv4_conv_small.e2400_r224_in1k,fp16,webgpu,"park bench",0.225,1,,,,,,,,,480,640,60
1788566505737,40.02528424,-83.02123592,27.013701791975773,1788566502631,onnx-community/mobilenetv4_conv_small.e2400_r224_in1k,fp16,webgpu,"lakeside, lakeshore",0.076,2,,,,,,,,,480,640,60
1788566505737,40.02528424,-83.02123592,27.013701791975773,1788566502631,onnx-community/mobilenetv4_conv_small.e2400_r224_in1k,fp16,webgpu,"stone wall",0.037,3,,,,,,,,,480,640,60
1788566506518,40.02528424,-83.02123592,27.013701791975773,1788566502631,onnx-community/mobilenetv4_conv_small.e2400_r224_in1k,fp16,webgpu,"park bench",0.324,1,,,,,,,,,480,640,73.99999999994179
1788566506518,40.02528424,-83.02123592,27.013701791975773,1788566502631,onnx-community/mobilenetv4_conv_small.e2400_r224_in1k,fp16,webgpu,"lakeside, lakeshore",0.034,2,,,,,,,,,480,640,73.99999999994179
1788566506518,40.02528424,-83.02123592,27.013701791975773,1788566502631,onnx-community/mobilenetv4_conv_small.e2400_r224_in1k,fp16,webgpu,"stone wall",0.014,3,,,,,,,,,480,640,73.99999999994179
1788566507296,40.02528424,-83.02123592,27.013701791975773,1788566502631,onnx-community/mobilenetv4_conv_small.e2400_r224_in1k,fp16,webgpu,"park bench",0.530,1,,,,,,,,,480,640,71
1788566507296,40.02528424,-83.02123592,27.013701791975773,1788566502631,onnx-community/mobilenetv4_conv_small.e2400_r224_in1k,fp16,webgpu,"lakeside, lakeshore",0.037,2,,,,,,,,,480,640,71
1788566507296,40.02528424,-83.02123592,27.013701791975773,1788566502631,onnx-community/mobilenetv4_conv_small.e2400_r224_in1k,fp16,webgpu,"oxcart",0.018,3,,,,,,,,,480,640,71
1788566508071,40.02528424,-83.02123592,27.013701791975773,1788566502631,onnx-community/mobilenetv4_conv_small.e2400_r224_in1k,fp16,webgpu,"park bench",0.725,1,,,,,,,,,480,640,63
1788566508071,40.02528424,-83.02123592,27.013701791975773,1788566502631,onnx-community/mobilenetv4_conv_small.e2400_r224_in1k,fp16,webgpu,"lakeside, lakeshore",0.021,2,,,,,,,,,480,640,63
1788566508071,40.02528424,-83.02123592,27.013701791975773,1788566502631,onnx-community/mobilenetv4_conv_small.e2400_r224_in1k,fp16,webgpu,"bannister, banister, balustrade, balusters, handrail",0.010,3,,,,,,,,,480,640,63
1788566508844,40.02519129,-83.02111294,25.336687731509137,1788566506147,onnx-community/mobilenetv4_conv_small.e2400_r224_in1k,fp16,webgpu,"park bench",0.864,1,,,,,,,,,480,640,56
1788566508844,40.02519129,-83.02111294,25.336687731509137,1788566506147,onnx-community/mobilenetv4_conv_small.e2400_r224_in1k,fp16,webgpu,"lakeside, lakeshore",0.008,2,,,,,,,,,480,640,56
1788566508844,40.02519129,-83.02111294,25.336687731509137,1788566506147,onnx-community/mobilenetv4_conv_small.e2400_r224_in1k,fp16,webgpu,"bannister, banister, balustrade, balusters, handrail",0.007,3,,,,,,,,,480,640,56
1788566509609,40.02519129,-83.02111294,25.336687731509137,1788566506147,onnx-community/mobilenetv4_conv_small.e2400_r224_in1k,fp16,webgpu,"park bench",0.601,1,,,,,,,,,480,640,55
1788566509609,40.02519129,-83.02111294,25.336687731509137,1788566506147,onnx-community/mobilenetv4_conv_small.e2400_r224_in1k,fp16,webgpu,"lakeside, lakeshore",0.030,2,,,,,,,,,480,640,55
1788566509609,40.02519129,-83.02111294,25.336687731509137,1788566506147,onnx-community/mobilenetv4_conv_small.e2400_r224_in1k,fp16,webgpu,"oxcart",0.016,3,,,,,,,,,480,640,55
1788566510385,40.02519129,-83.02111294,25.336687731509137,1788566506147,onnx-community/mobilenetv4_conv_small.e2400_r224_in1k,fp16,webgpu,"park bench",0.806,1,,,,,,,,,480,640,62
1788566510385,40.02519129,-83.02111294,25.336687731509137,1788566506147,onnx-community/mobilenetv4_conv_small.e2400_r224_in1k,fp16,webgpu,"lakeside, lakeshore",0.024,2,,,,,,,,,480,640,62
1788566510385,40.02519129,-83.02111294,25.336687731509137,1788566506147,onnx-community/mobilenetv4_conv_small.e2400_r224_in1k,fp16,webgpu,"oxcart",0.006,3,,,,,,,,,480,640,62
1788566511160,40.02519129,-83.02111294,25.336687731509137,1788566506147,onnx-community/mobilenetv4_conv_small.e2400_r224_in1k,fp16,webgpu,"park bench",0.510,1,,,,,,,,,480,640,72
1788566511160,40.02519129,-83.02111294,25.336687731509137,1788566506147,onnx-community/mobilenetv4_conv_small.e2400_r224_in1k,fp16,webgpu,"lakeside, lakeshore",0.042,2,,,,,,,,,480,640,72
1788566511160,40.02519129,-83.02111294,25.336687731509137,1788566506147,onnx-community/mobilenetv4_conv_small.e2400_r224_in1k,fp16,webgpu,"bannister, banister, balustrade, balusters, handrail",0.039,3,,,,,,,,,480,640,72
1788566511943,40.02518584,-83.02110761,27.546856324317805,1788566508646,onnx-community/mobilenetv4_conv_small.e2400_r224_in1k,fp16,webgpu,"park bench",0.500,1,,,,,,,,,480,640,72
1788566511943,40.02518584,-83.02110761,27.546856324317805,1788566508646,onnx-community/mobilenetv4_conv_small.e2400_r224_in1k,fp16,webgpu,"lakeside, lakeshore",0.040,2,,,,,,,,,480,640,72
1788566511943,40.02518584,-83.02110761,27.546856324317805,1788566508646,onnx-community/mobilenetv4_conv_small.e2400_r224_in1k,fp16,webgpu,"oxcart",0.023,3,,,,,,,,,480,640,72
1788566512719,40.02518584,-83.02110761,27.546856324317805,1788566508646,onnx-community/mobilenetv4_conv_small.e2400_r224_in1k,fp16,webgpu,"park bench",0.319,1,,,,,,,,,480,640,66
1788566512719,40.02518584,-83.02110761,27.546856324317805,1788566508646,onnx-community/mobilenetv4_conv_small.e2400_r224_in1k,fp16,webgpu,"lakeside, lakeshore",0.052,2,,,,,,,,,480,640,66
1788566512719,40.02518584,-83.02110761,27.546856324317805,1788566508646,onnx-community/mobilenetv4_conv_small.e2400_r224_in1k,fp16,webgpu,"oxcart",0.032,3,,,,,,,,,480,640,66
1788566513504,40.02518584,-83.02110761,27.546856324317805,1788566508646,onnx-community/mobilenetv4_conv_small.e2400_r224_in1k,fp16,webgpu,"lakeside, lakeshore",0.072,1,,,,,,,,,480,640,71
1788566513504,40.02518584,-83.02110761,27.546856324317805,1788566508646,onnx-community/mobilenetv4_conv_small.e2400_r224_in1k,fp16,webgpu,"park bench",0.059,2,,,,,,,,,480,640,71
1788566513504,40.02518584,-83.02110761,27.546856324317805,1788566508646,onnx-community/mobilenetv4_conv_small.e2400_r224_in1k,fp16,webgpu,"chainlink fence",0.023,3,,,,,,,,,480,640,71
1788566514281,40.02518584,-83.02110761,27.546856324317805,1788566508646,onnx-community/mobilenetv4_conv_small.e2400_r224_in1k,fp16,webgpu,"park bench",0.163,1,,,,,,,,,480,640,62.99999999994179
1788566514281,40.02518584,-83.02110761,27.546856324317805,1788566508646,onnx-community/mobilenetv4_conv_small.e2400_r224_in1k,fp16,webgpu,"oxcart",0.039,2,,,,,,,,,480,640,62.99999999994179
1788566514281,40.02518584,-83.02110761,27.546856324317805,1788566508646,onnx-community/mobilenetv4_conv_small.e2400_r224_in1k,fp16,webgpu,"mailbox, letter box",0.026,3,,,,,,,,,480,640,62.99999999994179
1788566515071,40.02517752,-83.02112015,27.14193599112665,1788566512165,onnx-community/mobilenetv4_conv_small.e2400_r224_in1k,fp16,webgpu,"park bench",0.186,1,,,,,,,,,480,640,70
1788566515071,40.02517752,-83.02112015,27.14193599112665,1788566512165,onnx-community/mobilenetv4_conv_small.e2400_r224_in1k,fp16,webgpu,"lakeside, lakeshore",0.034,2,,,,,,,,,480,640,70
1788566515071,40.02517752,-83.02112015,27.14193599112665,1788566512165,onnx-community/mobilenetv4_conv_small.e2400_r224_in1k,fp16,webgpu,"chainlink fence",0.029,3,,,,,,,,,480,640,70
1788566515853,40.02517752,-83.02112015,27.14193599112665,1788566512165,onnx-community/mobilenetv4_conv_small.e2400_r224_in1k,fp16,webgpu,"park bench",0.268,1,,,,,,,,,480,640,69.99999999994179
1788566515853,40.02517752,-83.02112015,27.14193599112665,1788566512165,onnx-community/mobilenetv4_conv_small.e2400_r224_in1k,fp16,webgpu,"oxcart",0.044,2,,,,,,,,,480,640,69.99999999994179
1788566515853,40.02517752,-83.02112015,27.14193599112665,1788566512165,onnx-community/mobilenetv4_conv_small.e2400_r224_in1k,fp16,webgpu,"lakeside, lakeshore",0.027,3,,,,,,,,,480,640,69.99999999994179
1788566516635,40.02517752,-83.02112015,27.14193599112665,1788566512165,onnx-community/mobilenetv4_conv_small.e2400_r224_in1k,fp16,webgpu,"park bench",0.189,1,,,,,,,,,480,640,70
1788566516635,40.02517752,-83.02112015,27.14193599112665,1788566512165,onnx-community/mobilenetv4_conv_small.e2400_r224_in1k,fp16,webgpu,"Appenzeller",0.035,2,,,,,,,,,480,640,70
1788566516635,40.02517752,-83.02112015,27.14193599112665,1788566512165,onnx-community/mobilenetv4_conv_small.e2400_r224_in1k,fp16,webgpu,"lakeside, lakeshore",0.034,3,,,,,,,,,480,640,70
1788566517413,40.02517752,-83.02112015,27.14193599112665,1788566512165,onnx-community/mobilenetv4_conv_small.e2400_r224_in1k,fp16,webgpu,"park bench",0.146,1,,,,,,,,,480,640,66
1788566517413,40.02517752,-83.02112015,27.14193599112665,1788566512165,onnx-community/mobilenetv4_conv_small.e2400_r224_in1k,fp16,webgpu,"lakeside, lakeshore",0.050,2,,,,,,,,,480,640,66
1788566517413,40.02517752,-83.02112015,27.14193599112665,1788566512165,onnx-community/mobilenetv4_conv_small.e2400_r224_in1k,fp16,webgpu,"oxcart",0.045,3,,,,,,,,,480,640,66
1788566518190,40.02517540,-83.02112138,28.662065793972197,1788566514649,onnx-community/mobilenetv4_conv_small.e2400_r224_in1k,fp16,webgpu,"stone wall",0.040,1,,,,,,,,,480,640,61
1788566518190,40.02517540,-83.02112138,28.662065793972197,1788566514649,onnx-community/mobilenetv4_conv_small.e2400_r224_in1k,fp16,webgpu,"chainlink fence",0.034,2,,,,,,,,,480,640,61
1788566518190,40.02517540,-83.02112138,28.662065793972197,1788566514649,onnx-community/mobilenetv4_conv_small.e2400_r224_in1k,fp16,webgpu,"Appenzeller",0.021,3,,,,,,,,,480,640,61
1788566518966,40.02517540,-83.02112138,28.662065793972197,1788566514649,onnx-community/mobilenetv4_conv_small.e2400_r224_in1k,fp16,webgpu,"oxcart",0.078,1,,,,,,,,,480,640,70
1788566518966,40.02517540,-83.02112138,28.662065793972197,1788566514649,onnx-community/mobilenetv4_conv_small.e2400_r224_in1k,fp16,webgpu,"park bench",0.067,2,,,,,,,,,480,640,70
1788566518966,40.02517540,-83.02112138,28.662065793972197,1788566514649,onnx-community/mobilenetv4_conv_small.e2400_r224_in1k,fp16,webgpu,"lakeside, lakeshore",0.059,3,,,,,,,,,480,640,70
1788566519750,40.02517540,-83.02112138,28.662065793972197,1788566514649,onnx-community/mobilenetv4_conv_small.e2400_r224_in1k,fp16,webgpu,"park bench",0.155,1,,,,,,,,,480,640,71
1788566519750,40.02517540,-83.02112138,28.662065793972197,1788566514649,onnx-community/mobilenetv4_conv_small.e2400_r224_in1k,fp16,webgpu,"worm fence, snake fence, snake-rail fence, Virginia fence",0.078,2,,,,,,,,,480,640,71
1788566519750,40.02517540,-83.02112138,28.662065793972197,1788566514649,onnx-community/mobilenetv4_conv_small.e2400_r224_in1k,fp16,webgpu,"lakeside, lakeshore",0.077,3,,,,,,,,,480,640,71
1788566520532,40.02517540,-83.02112138,28.662065793972197,1788566514649,onnx-community/mobilenetv4_conv_small.e2400_r224_in1k,fp16,webgpu,"park bench",0.068,1,,,,,,,,,480,640,72.00000000005821
1788566520532,40.02517540,-83.02112138,28.662065793972197,1788566514649,onnx-community/mobilenetv4_conv_small.e2400_r224_in1k,fp16,webgpu,"oxcart",0.053,2,,,,,,,,,480,640,72.00000000005821
1788566520532,40.02517540,-83.02112138,28.662065793972197,1788566514649,onnx-community/mobilenetv4_conv_small.e2400_r224_in1k,fp16,webgpu,"lakeside, lakeshore",0.049,3,,,,,,,,,480,640,72.00000000005821
1788566521320,40.02511887,-83.02103769,26.718060777294806,1788566518107,onnx-community/mobilenetv4_conv_small.e2400_r224_in1k,fp16,webgpu,"park bench",0.079,1,,,,,,,,,480,640,76
1788566521320,40.02511887,-83.02103769,26.718060777294806,1788566518107,onnx-community/mobilenetv4_conv_small.e2400_r224_in1k,fp16,webgpu,"worm fence, snake fence, snake-rail fence, Virginia fence",0.037,2,,,,,,,,,480,640,76
1788566521320,40.02511887,-83.02103769,26.718060777294806,1788566518107,onnx-community/mobilenetv4_conv_small.e2400_r224_in1k,fp16,webgpu,"stone wall",0.035,3,,,,,,,,,480,640,76
1788566522097,40.02511887,-83.02103769,26.718060777294806,1788566518107,onnx-community/mobilenetv4_conv_small.e2400_r224_in1k,fp16,webgpu,"park bench",0.171,1,,,,,,,,,480,640,72
1788566522097,40.02511887,-83.02103769,26.718060777294806,1788566518107,onnx-community/mobilenetv4_conv_small.e2400_r224_in1k,fp16,webgpu,"oxcart",0.042,2,,,,,,,,,480,640,72
1788566522097,40.02511887,-83.02103769,26.718060777294806,1788566518107,onnx-community/mobilenetv4_conv_small.e2400_r224_in1k,fp16,webgpu,"lakeside, lakeshore",0.036,3,,,,,,,,,480,640,72
1788566522877,40.02511887,-83.02103769,26.718060777294806,1788566518107,onnx-community/mobilenetv4_conv_small.e2400_r224_in1k,fp16,webgpu,"park bench",0.123,1,,,,,,,,,480,640,70
1788566522877,40.02511887,-83.02103769,26.718060777294806,1788566518107,onnx-community/mobilenetv4_conv_small.e2400_r224_in1k,fp16,webgpu,"lakeside, lakeshore",0.048,2,,,,,,,,,480,640,70
1788566522877,40.02511887,-83.02103769,26.718060777294806,1788566518107,onnx-community/mobilenetv4_conv_small.e2400_r224_in1k,fp16,webgpu,"worm fence, snake fence, snake-rail fence, Virginia fence",0.035,3,,,,,,,,,480,640,70
1788566523664,40.02511107,-83.02102761,27.926555770726083,1788566520663,onnx-community/mobilenetv4_conv_small.e2400_r224_in1k,fp16,webgpu,"chainlink fence",0.143,1,,,,,,,,,480,640,73
1788566523664,40.02511107,-83.02102761,27.926555770726083,1788566520663,onnx-community/mobilenetv4_conv_small.e2400_r224_in1k,fp16,webgpu,"park bench",0.098,2,,,,,,,,,480,640,73
1788566523664,40.02511107,-83.02102761,27.926555770726083,1788566520663,onnx-community/mobilenetv4_conv_small.e2400_r224_in1k,fp16,webgpu,"worm fence, snake fence, snake-rail fence, Virginia fence",0.074,3,,,,,,,,,480,640,73
1788566524438,40.02511107,-83.02102761,27.926555770726083,1788566520663,onnx-community/mobilenetv4_conv_small.e2400_r224_in1k,fp16,webgpu,"park bench",0.209,1,,,,,,,,,480,640,65
1788566524438,40.02511107,-83.02102761,27.926555770726083,1788566520663,onnx-community/mobilenetv4_conv_small.e2400_r224_in1k,fp16,webgpu,"Appenzeller",0.050,2,,,,,,,,,480,640,65
1788566524438,40.02511107,-83.02102761,27.926555770726083,1788566520663,onnx-community/mobilenetv4_conv_small.e2400_r224_in1k,fp16,webgpu,"oxcart",0.044,3,,,,,,,,,480,640,65
1788566525226,40.02511107,-83.02102761,27.926555770726083,1788566520663,onnx-community/mobilenetv4_conv_small.e2400_r224_in1k,fp16,webgpu,"park bench",0.098,1,,,,,,,,,480,640,70
1788566525226,40.02511107,-83.02102761,27.926555770726083,1788566520663,onnx-community/mobilenetv4_conv_small.e2400_r224_in1k,fp16,webgpu,"oxcart",0.079,2,,,,,,,,,480,640,70
1788566525226,40.02511107,-83.02102761,27.926555770726083,1788566520663,onnx-community/mobilenetv4_conv_small.e2400_r224_in1k,fp16,webgpu,"lakeside, lakeshore",0.064,3,,,,,,,,,480,640,70
1788566526001,40.02511107,-83.02102761,27.926555770726083,1788566520663,onnx-community/mobilenetv4_conv_small.e2400_r224_in1k,fp16,webgpu,"park bench",0.146,1,,,,,,,,,480,640,64
1788566526001,40.02511107,-83.02102761,27.926555770726083,1788566520663,onnx-community/mobilenetv4_conv_small.e2400_r224_in1k,fp16,webgpu,"lakeside, lakeshore",0.072,2,,,,,,,,,480,640,64
1788566526001,40.02511107,-83.02102761,27.926555770726083,1788566520663,onnx-community/mobilenetv4_conv_small.e2400_r224_in1k,fp16,webgpu,"worm fence, snake fence, snake-rail fence, Virginia fence",0.029,3,,,,,,,,,480,640,64
1788566526784,40.02504011,-83.02095627,27.39617860086983,1788566524113,onnx-community/mobilenetv4_conv_small.e2400_r224_in1k,fp16,webgpu,"chainlink fence",0.140,1,,,,,,,,,480,640,65
1788566526784,40.02504011,-83.02095627,27.39617860086983,1788566524113,onnx-community/mobilenetv4_conv_small.e2400_r224_in1k,fp16,webgpu,"park bench",0.107,2,,,,,,,,,480,640,65
1788566526784,40.02504011,-83.02095627,27.39617860086983,1788566524113,onnx-community/mobilenetv4_conv_small.e2400_r224_in1k,fp16,webgpu,"worm fence, snake fence, snake-rail fence, Virginia fence",0.061,3,,,,,,,,,480,640,65
1788566527575,40.02504011,-83.02095627,27.39617860086983,1788566524113,onnx-community/mobilenetv4_conv_small.e2400_r224_in1k,fp16,webgpu,"oxcart",0.166,1,,,,,,,,,480,640,72
1788566527575,40.02504011,-83.02095627,27.39617860086983,1788566524113,onnx-community/mobilenetv4_conv_small.e2400_r224_in1k,fp16,webgpu,"park bench",0.085,2,,,,,,,,,480,640,72
1788566527575,40.02504011,-83.02095627,27.39617860086983,1788566524113,onnx-community/mobilenetv4_conv_small.e2400_r224_in1k,fp16,webgpu,"ox",0.061,3,,,,,,,,,480,640,72
1788566528356,40.02504011,-83.02095627,27.39617860086983,1788566524113,onnx-community/mobilenetv4_conv_small.e2400_r224_in1k,fp16,webgpu,"park bench",0.218,1,,,,,,,,,480,640,72
1788566528356,40.02504011,-83.02095627,27.39617860086983,1788566524113,onnx-community/mobilenetv4_conv_small.e2400_r224_in1k,fp16,webgpu,"worm fence, snake fence, snake-rail fence, Virginia fence",0.078,2,,,,,,,,,480,640,72
1788566528356,40.02504011,-83.02095627,27.39617860086983,1788566524113,onnx-community/mobilenetv4_conv_small.e2400_r224_in1k,fp16,webgpu,"lakeside, lakeshore",0.059,3,,,,,,,,,480,640,72
1788566529139,40.02504011,-83.02095627,27.39617860086983,1788566524113,onnx-community/mobilenetv4_conv_small.e2400_r224_in1k,fp16,webgpu,"park bench",0.195,1,,,,,,,,,480,640,69
1788566529139,40.02504011,-83.02095627,27.39617860086983,1788566524113,onnx-community/mobilenetv4_conv_small.e2400_r224_in1k,fp16,webgpu,"lakeside, lakeshore",0.084,2,,,,,,,,,480,640,69
1788566529139,40.02504011,-83.02095627,27.39617860086983,1788566524113,onnx-community/mobilenetv4_conv_small.e2400_r224_in1k,fp16,webgpu,"worm fence, snake fence, snake-rail fence, Virginia fence",0.025,3,,,,,,,,,480,640,69
1788566529922,40.02503272,-83.02093840,28.88851359953741,1788566526669,onnx-community/mobilenetv4_conv_small.e2400_r224_in1k,fp16,webgpu,"park bench",0.200,1,,,,,,,,,480,640,73
1788566529922,40.02503272,-83.02093840,28.88851359953741,1788566526669,onnx-community/mobilenetv4_conv_small.e2400_r224_in1k,fp16,webgpu,"lakeside, lakeshore",0.042,2,,,,,,,,,480,640,73
1788566529922,40.02503272,-83.02093840,28.88851359953741,1788566526669,onnx-community/mobilenetv4_conv_small.e2400_r224_in1k,fp16,webgpu,"horse cart, horse-cart",0.035,3,,,,,,,,,480,640,73
1788566530706,40.02503272,-83.02093840,28.88851359953741,1788566526669,onnx-community/mobilenetv4_conv_small.e2400_r224_in1k,fp16,webgpu,"park bench",0.252,1,,,,,,,,,480,640,74
1788566530706,40.02503272,-83.02093840,28.88851359953741,1788566526669,onnx-community/mobilenetv4_conv_small.e2400_r224_in1k,fp16,webgpu,"worm fence, snake fence, snake-rail fence, Virginia fence",0.045,2,,,,,,,,,480,640,74
1788566530706,40.02503272,-83.02093840,28.88851359953741,1788566526669,onnx-community/mobilenetv4_conv_small.e2400_r224_in1k,fp16,webgpu,"lakeside, lakeshore",0.033,3,,,,,,,,,480,640,74
1788566531483,40.02503272,-83.02093840,28.88851359953741,1788566526669,onnx-community/mobilenetv4_conv_small.e2400_r224_in1k,fp16,webgpu,"park bench",0.103,1,,,,,,,,,480,640,69
1788566531483,40.02503272,-83.02093840,28.88851359953741,1788566526669,onnx-community/mobilenetv4_conv_small.e2400_r224_in1k,fp16,webgpu,"lakeside, lakeshore",0.057,2,,,,,,,,,480,640,69
1788566531483,40.02503272,-83.02093840,28.88851359953741,1788566526669,onnx-community/mobilenetv4_conv_small.e2400_r224_in1k,fp16,webgpu,"chainlink fence",0.050,3,,,,,,,,,480,640,69
1788566532268,40.02503272,-83.02093840,28.88851359953741,1788566526669,onnx-community/mobilenetv4_conv_small.e2400_r224_in1k,fp16,webgpu,"park bench",0.234,1,,,,,,,,,480,640,71
1788566532268,40.02503272,-83.02093840,28.88851359953741,1788566526669,onnx-community/mobilenetv4_conv_small.e2400_r224_in1k,fp16,webgpu,"lakeside, lakeshore",0.048,2,,,,,,,,,480,640,71
1788566532268,40.02503272,-83.02093840,28.88851359953741,1788566526669,onnx-community/mobilenetv4_conv_small.e2400_r224_in1k,fp16,webgpu,"horse cart, horse-cart",0.021,3,,,,,,,,,480,640,71
1788566533054,40.02497396,-83.02086594,26.842128681059606,1788566530280,onnx-community/mobilenetv4_conv_small.e2400_r224_in1k,fp16,webgpu,"park bench",0.297,1,,,,,,,,,480,640,74.99999999994179
1788566533054,40.02497396,-83.02086594,26.842128681059606,1788566530280,onnx-community/mobilenetv4_conv_small.e2400_r224_in1k,fp16,webgpu,"lakeside, lakeshore",0.026,2,,,,,,,,,480,640,74.99999999994179
1788566533054,40.02497396,-83.02086594,26.842128681059606,1788566530280,onnx-community/mobilenetv4_conv_small.e2400_r224_in1k,fp16,webgpu,"schipperke",0.018,3,,,,,,,,,480,640,74.99999999994179
1788566533816,40.02497396,-83.02086594,26.842128681059606,1788566530280,onnx-community/mobilenetv4_conv_small.e2400_r224_in1k,fp16,webgpu,"horse cart, horse-cart",0.048,1,,,,,,,,,480,640,53
1788566533816,40.02497396,-83.02086594,26.842128681059606,1788566530280,onnx-community/mobilenetv4_conv_small.e2400_r224_in1k,fp16,webgpu,"park bench",0.046,2,,,,,,,,,480,640,53
1788566533816,40.02497396,-83.02086594,26.842128681059606,1788566530280,onnx-community/mobilenetv4_conv_small.e2400_r224_in1k,fp16,webgpu,"malinois",0.041,3,,,,,,,,,480,640,53
1788566534586,40.02497396,-83.02086594,26.842128681059606,1788566530280,onnx-community/mobilenetv4_conv_small.e2400_r224_in1k,fp16,webgpu,"horse cart, horse-cart",0.164,1,,,,,,,,,480,640,60
1788566534586,40.02497396,-83.02086594,26.842128681059606,1788566530280,onnx-community/mobilenetv4_conv_small.e2400_r224_in1k,fp16,webgpu,"mountain bike, all-terrain bike, off-roader",0.084,2,,,,,,,,,480,640,60
1788566534586,40.02497396,-83.02086594,26.842128681059606,1788566530280,onnx-community/mobilenetv4_conv_small.e2400_r224_in1k,fp16,webgpu,"unicycle, monocycle",0.063,3,,,,,,,,,480,640,60
1788566535347,40.02497396,-83.02086594,26.842128681059606,1788566530280,onnx-community/mobilenetv4_conv_small.e2400_r224_in1k,fp16,webgpu,"chainlink fence",0.216,1,,,,,,,,,480,640,53
1788566535347,40.02497396,-83.02086594,26.842128681059606,1788566530280,onnx-community/mobilenetv4_conv_small.e2400_r224_in1k,fp16,webgpu,"park bench",0.101,2,,,,,,,,,480,640,53
1788566535347,40.02497396,-83.02086594,26.842128681059606,1788566530280,onnx-community/mobilenetv4_conv_small.e2400_r224_in1k,fp16,webgpu,"lakeside, lakeshore",0.030,3,,,,,,,,,480,640,53
1788566536111,40.02496780,-83.02085739,28.28839498477397,1788566532675,onnx-community/mobilenetv4_conv_small.e2400_r224_in1k,fp16,webgpu,"park bench",0.318,1,,,,,,,,,480,640,51
1788566536111,40.02496780,-83.02085739,28.28839498477397,1788566532675,onnx-community/mobilenetv4_conv_small.e2400_r224_in1k,fp16,webgpu,"lakeside, lakeshore",0.083,2,,,,,,,,,480,640,51
1788566536111,40.02496780,-83.02085739,28.28839498477397,1788566532675,onnx-community/mobilenetv4_conv_small.e2400_r224_in1k,fp16,webgpu,"West Highland white terrier",0.019,3,,,,,,,,,480,640,51
1788566536879,40.02496780,-83.02085739,28.28839498477397,1788566532675,onnx-community/mobilenetv4_conv_small.e2400_r224_in1k,fp16,webgpu,"park bench",0.345,1,,,,,,,,,480,640,53.00000000005821
1788566536879,40.02496780,-83.02085739,28.28839498477397,1788566532675,onnx-community/mobilenetv4_conv_small.e2400_r224_in1k,fp16,webgpu,"oxcart",0.085,2,,,,,,,,,480,640,53.00000000005821
1788566536879,40.02496780,-83.02085739,28.28839498477397,1788566532675,onnx-community/mobilenetv4_conv_small.e2400_r224_in1k,fp16,webgpu,"horse cart, horse-cart",0.040,3,,,,,,,,,480,640,53.00000000005821
1788566537645,40.02496780,-83.02085739,28.28839498477397,1788566532675,onnx-community/mobilenetv4_conv_small.e2400_r224_in1k,fp16,webgpu,"park bench",0.496,1,,,,,,,,,480,640,55.00000000005821
1788566537645,40.02496780,-83.02085739,28.28839498477397,1788566532675,onnx-community/mobilenetv4_conv_small.e2400_r224_in1k,fp16,webgpu,"lakeside, lakeshore",0.036,2,,,,,,,,,480,640,55.00000000005821
1788566537645,40.02496780,-83.02085739,28.28839498477397,1788566532675,onnx-community/mobilenetv4_conv_small.e2400_r224_in1k,fp16,webgpu,"mailbox, letter box",0.019,3,,,,,,,,,480,640,55.00000000005821
1788566538407,40.02496780,-83.02085739,28.28839498477397,1788566532675,onnx-community/mobilenetv4_conv_small.e2400_r224_in1k,fp16,webgpu,"park bench",0.213,1,,,,,,,,,480,640,51.00000000005821
1788566538407,40.02496780,-83.02085739,28.28839498477397,1788566532675,onnx-community/mobilenetv4_conv_small.e2400_r224_in1k,fp16,webgpu,"lakeside, lakeshore",0.065,2,,,,,,,,,480,640,51.00000000005821
1788566538407,40.02496780,-83.02085739,28.28839498477397,1788566532675,onnx-community/mobilenetv4_conv_small.e2400_r224_in1k,fp16,webgpu,"Appenzeller",0.016,3,,,,,,,,,480,640,51.00000000005821
1788566539176,40.02497166,-83.02087874,27.84368675658184,1788566536120,onnx-community/mobilenetv4_conv_small.e2400_r224_in1k,fp16,webgpu,"park bench",0.254,1,,,,,,,,,480,640,53
1788566539176,40.02497166,-83.02087874,27.84368675658184,1788566536120,onnx-community/mobilenetv4_conv_small.e2400_r224_in1k,fp16,webgpu,"lakeside, lakeshore",0.048,2,,,,,,,,,480,640,53
1788566539176,40.02497166,-83.02087874,27.84368675658184,1788566536120,onnx-community/mobilenetv4_conv_small.e2400_r224_in1k,fp16,webgpu,"oxcart",0.044,3,,,,,,,,,480,640,53
1788566539914,40.02497166,-83.02087874,27.84368675658184,1788566536120,onnx-community/mobilenetv4_conv_small.e2400_r224_in1k,fp16,webgpu,"park bench",0.195,1,,,,,,,,,480,640,28
1788566539914,40.02497166,-83.02087874,27.84368675658184,1788566536120,onnx-community/mobilenetv4_conv_small.e2400_r224_in1k,fp16,webgpu,"lakeside, lakeshore",0.034,2,,,,,,,,,480,640,28
1788566539914,40.02497166,-83.02087874,27.84368675658184,1788566536120,onnx-community/mobilenetv4_conv_small.e2400_r224_in1k,fp16,webgpu,"Appenzeller",0.026,3,,,,,,,,,480,640,28
1788566540676,40.02497166,-83.02087874,27.84368675658184,1788566536120,onnx-community/mobilenetv4_conv_small.e2400_r224_in1k,fp16,webgpu,"park bench",0.349,1,,,,,,,,,480,640,55
1788566540676,40.02497166,-83.02087874,27.84368675658184,1788566536120,onnx-community/mobilenetv4_conv_small.e2400_r224_in1k,fp16,webgpu,"lakeside, lakeshore",0.059,2,,,,,,,,,480,640,55
1788566540676,40.02497166,-83.02087874,27.84368675658184,1788566536120,onnx-community/mobilenetv4_conv_small.e2400_r224_in1k,fp16,webgpu,"chainlink fence",0.021,3,,,,,,,,,480,640,55
1788566541446,40.02497166,-83.02087874,27.84368675658184,1788566536120,onnx-community/mobilenetv4_conv_small.e2400_r224_in1k,fp16,webgpu,"park bench",0.323,1,,,,,,,,,480,640,60
1788566541446,40.02497166,-83.02087874,27.84368675658184,1788566536120,onnx-community/mobilenetv4_conv_small.e2400_r224_in1k,fp16,webgpu,"mailbox, letter box",0.033,2,,,,,,,,,480,640,60
1788566541446,40.02497166,-83.02087874,27.84368675658184,1788566536120,onnx-community/mobilenetv4_conv_small.e2400_r224_in1k,fp16,webgpu,"lakeside, lakeshore",0.032,3,,,,,,,,,480,640,60
1788566542208,40.02496603,-83.02087712,29.21186904000306,1788566538688,onnx-community/mobilenetv4_conv_small.e2400_r224_in1k,fp16,webgpu,"park bench",0.111,1,,,,,,,,,480,640,57
1788566542208,40.02496603,-83.02087712,29.21186904000306,1788566538688,onnx-community/mobilenetv4_conv_small.e2400_r224_in1k,fp16,webgpu,"chainlink fence",0.080,2,,,,,,,,,480,640,57
1788566542208,40.02496603,-83.02087712,29.21186904000306,1788566538688,onnx-community/mobilenetv4_conv_small.e2400_r224_in1k,fp16,webgpu,"lakeside, lakeshore",0.025,3,,,,,,,,,480,640,57
1788566542972,40.02496603,-83.02087712,29.21186904000306,1788566538688,onnx-community/mobilenetv4_conv_small.e2400_r224_in1k,fp16,webgpu,"park bench",0.201,1,,,,,,,,,480,640,54
1788566542972,40.02496603,-83.02087712,29.21186904000306,1788566538688,onnx-community/mobilenetv4_conv_small.e2400_r224_in1k,fp16,webgpu,"lakeside, lakeshore",0.049,2,,,,,,,,,480,640,54
1788566542972,40.02496603,-83.02087712,29.21186904000306,1788566538688,onnx-community/mobilenetv4_conv_small.e2400_r224_in1k,fp16,webgpu,"stone wall",0.040,3,,,,,,,,,480,640,54
1788566543741,40.02496603,-83.02087712,29.21186904000306,1788566538688,onnx-community/mobilenetv4_conv_small.e2400_r224_in1k,fp16,webgpu,"park bench",0.368,1,,,,,,,,,480,640,58.00000000005821
1788566543741,40.02496603,-83.02087712,29.21186904000306,1788566538688,onnx-community/mobilenetv4_conv_small.e2400_r224_in1k,fp16,webgpu,"lakeside, lakeshore",0.053,2,,,,,,,,,480,640,58.00000000005821
1788566543741,40.02496603,-83.02087712,29.21186904000306,1788566538688,onnx-community/mobilenetv4_conv_small.e2400_r224_in1k,fp16,webgpu,"chainlink fence",0.029,3,,,,,,,,,480,640,58.00000000005821
1788566544510,40.02496603,-83.02087712,29.21186904000306,1788566538688,onnx-community/mobilenetv4_conv_small.e2400_r224_in1k,fp16,webgpu,"park bench",0.135,1,,,,,,,,,480,640,59
1788566544510,40.02496603,-83.02087712,29.21186904000306,1788566538688,onnx-community/mobilenetv4_conv_small.e2400_r224_in1k,fp16,webgpu,"Appenzeller",0.036,2,,,,,,,,,480,640,59
1788566544510,40.02496603,-83.02087712,29.21186904000306,1788566538688,onnx-community/mobilenetv4_conv_small.e2400_r224_in1k,fp16,webgpu,"mailbox, letter box",0.025,3,,,,,,,,,480,640,59
1788566545272,40.02497021,-83.02085172,29.313927595784204,1788566542141,onnx-community/mobilenetv4_conv_small.e2400_r224_in1k,fp16,webgpu,"park bench",0.084,1,,,,,,,,,480,640,55
1788566545272,40.02497021,-83.02085172,29.313927595784204,1788566542141,onnx-community/mobilenetv4_conv_small.e2400_r224_in1k,fp16,webgpu,"oxcart",0.081,2,,,,,,,,,480,640,55
1788566545272,40.02497021,-83.02085172,29.313927595784204,1788566542141,onnx-community/mobilenetv4_conv_small.e2400_r224_in1k,fp16,webgpu,"Appenzeller",0.022,3,,,,,,,,,480,640,55
1788566546042,40.02497021,-83.02085172,29.313927595784204,1788566542141,onnx-community/mobilenetv4_conv_small.e2400_r224_in1k,fp16,webgpu,"park bench",0.159,1,,,,,,,,,480,640,60
1788566546042,40.02497021,-83.02085172,29.313927595784204,1788566542141,onnx-community/mobilenetv4_conv_small.e2400_r224_in1k,fp16,webgpu,"Appenzeller",0.063,2,,,,,,,,,480,640,60
1788566546042,40.02497021,-83.02085172,29.313927595784204,1788566542141,onnx-community/mobilenetv4_conv_small.e2400_r224_in1k,fp16,webgpu,"schipperke",0.024,3,,,,,,,,,480,640,60
1788566546803,40.02497021,-83.02085172,29.313927595784204,1788566542141,onnx-community/mobilenetv4_conv_small.e2400_r224_in1k,fp16,webgpu,"park bench",0.194,1,,,,,,,,,480,640,55.99999999994179
1788566546803,40.02497021,-83.02085172,29.313927595784204,1788566542141,onnx-community/mobilenetv4_conv_small.e2400_r224_in1k,fp16,webgpu,"lakeside, lakeshore",0.057,2,,,,,,,,,480,640,55.99999999994179
1788566546803,40.02497021,-83.02085172,29.313927595784204,1788566542141,onnx-community/mobilenetv4_conv_small.e2400_r224_in1k,fp16,webgpu,"worm fence, snake fence, snake-rail fence, Virginia fence",0.039,3,,,,,,,,,480,640,55.99999999994179
1788566547570,40.02497021,-83.02085172,29.313927595784204,1788566542141,onnx-community/mobilenetv4_conv_small.e2400_r224_in1k,fp16,webgpu,"park bench",0.171,1,,,,,,,,,480,640,57
1788566547570,40.02497021,-83.02085172,29.313927595784204,1788566542141,onnx-community/mobilenetv4_conv_small.e2400_r224_in1k,fp16,webgpu,"mailbox, letter box",0.038,2,,,,,,,,,480,640,57
1788566547570,40.02497021,-83.02085172,29.313927595784204,1788566542141,onnx-community/mobilenetv4_conv_small.e2400_r224_in1k,fp16,webgpu,"oxcart",0.032,3,,,,,,,,,480,640,57
1788566548340,40.02497061,-83.02085165,30.7868226111636,1788566544692,onnx-community/mobilenetv4_conv_small.e2400_r224_in1k,fp16,webgpu,"park bench",0.256,1,,,,,,,,,480,640,61
1788566548340,40.02497061,-83.02085165,30.7868226111636,1788566544692,onnx-community/mobilenetv4_conv_small.e2400_r224_in1k,fp16,webgpu,"lakeside, lakeshore",0.059,2,,,,,,,,,480,640,61
1788566548340,40.02497061,-83.02085165,30.7868226111636,1788566544692,onnx-community/mobilenetv4_conv_small.e2400_r224_in1k,fp16,webgpu,"worm fence, snake fence, snake-rail fence, Virginia fence",0.053,3,,,,,,,,,480,640,61
1788566549103,40.02497061,-83.02085165,30.7868226111636,1788566544692,onnx-community/mobilenetv4_conv_small.e2400_r224_in1k,fp16,webgpu,"park bench",0.138,1,,,,,,,,,480,640,58.99999999994179
1788566549103,40.02497061,-83.02085165,30.7868226111636,1788566544692,onnx-community/mobilenetv4_conv_small.e2400_r224_in1k,fp16,webgpu,"lakeside, lakeshore",0.073,2,,,,,,,,,480,640,58.99999999994179
1788566549103,40.02497061,-83.02085165,30.7868226111636,1788566544692,onnx-community/mobilenetv4_conv_small.e2400_r224_in1k,fp16,webgpu,"oxcart",0.032,3,,,,,,,,,480,640,58.99999999994179
1788566549866,40.02497061,-83.02085165,30.7868226111636,1788566544692,onnx-community/mobilenetv4_conv_small.e2400_r224_in1k,fp16,webgpu,"oxcart",0.079,1,,,,,,,,,480,640,56.00000000005821
1788566549866,40.02497061,-83.02085165,30.7868226111636,1788566544692,onnx-community/mobilenetv4_conv_small.e2400_r224_in1k,fp16,webgpu,"park bench",0.042,2,,,,,,,,,480,640,56.00000000005821
1788566549866,40.02497061,-83.02085165,30.7868226111636,1788566544692,onnx-community/mobilenetv4_conv_small.e2400_r224_in1k,fp16,webgpu,"lakeside, lakeshore",0.029,3,,,,,,,,,480,640,56.00000000005821
1788566550630,40.02497061,-83.02085165,30.7868226111636,1788566544692,onnx-community/mobilenetv4_conv_small.e2400_r224_in1k,fp16,webgpu,"park bench",0.100,1,,,,,,,,,480,640,54
1788566550630,40.02497061,-83.02085165,30.7868226111636,1788566544692,onnx-community/mobilenetv4_conv_small.e2400_r224_in1k,fp16,webgpu,"worm fence, snake fence, snake-rail fence, Virginia fence",0.057,2,,,,,,,,,480,640,54
1788566550630,40.02497061,-83.02085165,30.7868226111636,1788566544692,onnx-community/mobilenetv4_conv_small.e2400_r224_in1k,fp16,webgpu,"lakeside, lakeshore",0.054,3,,,,,,,,,480,640,54
1788566551401,40.02494750,-83.02082844,30.924116580817916,1788566548293,onnx-community/mobilenetv4_conv_small.e2400_r224_in1k,fp16,webgpu,"park bench",0.106,1,,,,,,,,,480,640,60
1788566551401,40.02494750,-83.02082844,30.924116580817916,1788566548293,onnx-community/mobilenetv4_conv_small.e2400_r224_in1k,fp16,webgpu,"stone wall",0.056,2,,,,,,,,,480,640,60
1788566551401,40.02494750,-83.02082844,30.924116580817916,1788566548293,onnx-community/mobilenetv4_conv_small.e2400_r224_in1k,fp16,webgpu,"lakeside, lakeshore",0.033,3,,,,,,,,,480,640,60
1788566552167,40.02494750,-83.02082844,30.924116580817916,1788566548293,onnx-community/mobilenetv4_conv_small.e2400_r224_in1k,fp16,webgpu,"lakeside, lakeshore",0.084,1,,,,,,,,,480,640,59
1788566552167,40.02494750,-83.02082844,30.924116580817916,1788566548293,onnx-community/mobilenetv4_conv_small.e2400_r224_in1k,fp16,webgpu,"park bench",0.053,2,,,,,,,,,480,640,59
1788566552167,40.02494750,-83.02082844,30.924116580817916,1788566548293,onnx-community/mobilenetv4_conv_small.e2400_r224_in1k,fp16,webgpu,"stone wall",0.049,3,,,,,,,,,480,640,59
1788566552930,40.02494750,-83.02082844,30.924116580817916,1788566548293,onnx-community/mobilenetv4_conv_small.e2400_r224_in1k,fp16,webgpu,"park bench",0.120,1,,,,,,,,,480,640,56
1788566552930,40.02494750,-83.02082844,30.924116580817916,1788566548293,onnx-community/mobilenetv4_conv_small.e2400_r224_in1k,fp16,webgpu,"lakeside, lakeshore",0.058,2,,,,,,,,,480,640,56
1788566552930,40.02494750,-83.02082844,30.924116580817916,1788566548293,onnx-community/mobilenetv4_conv_small.e2400_r224_in1k,fp16,webgpu,"horse cart, horse-cart",0.041,3,,,,,,,,,480,640,56
1788566553693,40.02494750,-83.02082844,30.924116580817916,1788566548293,onnx-community/mobilenetv4_conv_small.e2400_r224_in1k,fp16,webgpu,"park bench",0.083,1,,,,,,,,,480,640,53
1788566553693,40.02494750,-83.02082844,30.924116580817916,1788566548293,onnx-community/mobilenetv4_conv_small.e2400_r224_in1k,fp16,webgpu,"lakeside, lakeshore",0.053,2,,,,,,,,,480,640,53
1788566553693,40.02494750,-83.02082844,30.924116580817916,1788566548293,onnx-community/mobilenetv4_conv_small.e2400_r224_in1k,fp16,webgpu,"stone wall",0.033,3,,,,,,,,,480,640,53
1788566554463,40.02494473,-83.02082199,32.440686883849544,1788566550694,onnx-community/mobilenetv4_conv_small.e2400_r224_in1k,fp16,webgpu,"park bench",0.112,1,,,,,,,,,480,640,57
1788566554463,40.02494473,-83.02082199,32.440686883849544,1788566550694,onnx-community/mobilenetv4_conv_small.e2400_r224_in1k,fp16,webgpu,"worm fence, snake fence, snake-rail fence, Virginia fence",0.048,2,,,,,,,,,480,640,57
1788566554463,40.02494473,-83.02082199,32.440686883849544,1788566550694,onnx-community/mobilenetv4_conv_small.e2400_r224_in1k,fp16,webgpu,"stone wall",0.038,3,,,,,,,,,480,640,57
1788566555226,40.02494473,-83.02082199,32.440686883849544,1788566550694,onnx-community/mobilenetv4_conv_small.e2400_r224_in1k,fp16,webgpu,"park bench",0.118,1,,,,,,,,,480,640,55
1788566555226,40.02494473,-83.02082199,32.440686883849544,1788566550694,onnx-community/mobilenetv4_conv_small.e2400_r224_in1k,fp16,webgpu,"lakeside, lakeshore",0.041,2,,,,,,,,,480,640,55
1788566555226,40.02494473,-83.02082199,32.440686883849544,1788566550694,onnx-community/mobilenetv4_conv_small.e2400_r224_in1k,fp16,webgpu,"horse cart, horse-cart",0.034,3,,,,,,,,,480,640,55
1788566555978,40.02494473,-83.02082199,32.440686883849544,1788566550694,onnx-community/mobilenetv4_conv_small.e2400_r224_in1k,fp16,webgpu,"park bench",0.190,1,,,,,,,,,480,640,42
1788566555978,40.02494473,-83.02082199,32.440686883849544,1788566550694,onnx-community/mobilenetv4_conv_small.e2400_r224_in1k,fp16,webgpu,"lakeside, lakeshore",0.060,2,,,,,,,,,480,640,42
1788566555978,40.02494473,-83.02082199,32.440686883849544,1788566550694,onnx-community/mobilenetv4_conv_small.e2400_r224_in1k,fp16,webgpu,"horse cart, horse-cart",0.042,3,,,,,,,,,480,640,42
1788566556739,40.02497856,-83.02084963,32.598232374108974,1788566554145,onnx-community/mobilenetv4_conv_small.e2400_r224_in1k,fp16,webgpu,"park bench",0.076,1,,,,,,,,,480,640,54
1788566556739,40.02497856,-83.02084963,32.598232374108974,1788566554145,onnx-community/mobilenetv4_conv_small.e2400_r224_in1k,fp16,webgpu,"lakeside, lakeshore",0.076,2,,,,,,,,,480,640,54
1788566556739,40.02497856,-83.02084963,32.598232374108974,1788566554145,onnx-community/mobilenetv4_conv_small.e2400_r224_in1k,fp16,webgpu,"golfcart, golf cart",0.034,3,,,,,,,,,480,640,54
1788566557510,40.02497856,-83.02084963,32.598232374108974,1788566554145,onnx-community/mobilenetv4_conv_small.e2400_r224_in1k,fp16,webgpu,"park bench",0.126,1,,,,,,,,,480,640,58
1788566557510,40.02497856,-83.02084963,32.598232374108974,1788566554145,onnx-community/mobilenetv4_conv_small.e2400_r224_in1k,fp16,webgpu,"oxcart",0.067,2,,,,,,,,,480,640,58
1788566557510,40.02497856,-83.02084963,32.598232374108974,1788566554145,onnx-community/mobilenetv4_conv_small.e2400_r224_in1k,fp16,webgpu,"lakeside, lakeshore",0.044,3,,,,,,,,,480,640,58
1788566558275,40.02497856,-83.02084963,32.598232374108974,1788566554145,onnx-community/mobilenetv4_conv_small.e2400_r224_in1k,fp16,webgpu,"park bench",0.086,1,,,,,,,,,480,640,57.99999999994179
1788566558275,40.02497856,-83.02084963,32.598232374108974,1788566554145,onnx-community/mobilenetv4_conv_small.e2400_r224_in1k,fp16,webgpu,"lakeside, lakeshore",0.043,2,,,,,,,,,480,640,57.99999999994179
1788566558275,40.02497856,-83.02084963,32.598232374108974,1788566554145,onnx-community/mobilenetv4_conv_small.e2400_r224_in1k,fp16,webgpu,"safety pin",0.042,3,,,,,,,,,480,640,57.99999999994179
1788566559042,40.02497856,-83.02084963,32.598232374108974,1788566554145,onnx-community/mobilenetv4_conv_small.e2400_r224_in1k,fp16,webgpu,"park bench",0.076,1,,,,,,,,,480,640,59
1788566559042,40.02497856,-83.02084963,32.598232374108974,1788566554145,onnx-community/mobilenetv4_conv_small.e2400_r224_in1k,fp16,webgpu,"oxcart",0.057,2,,,,,,,,,480,640,59
1788566559042,40.02497856,-83.02084963,32.598232374108974,1788566554145,onnx-community/mobilenetv4_conv_small.e2400_r224_in1k,fp16,webgpu,"horse cart, horse-cart",0.033,3,,,,,,,,,480,640,59
1788566559793,40.02498068,-83.02085183,33.826846489039205,1788566556727,onnx-community/mobilenetv4_conv_small.e2400_r224_in1k,fp16,webgpu,"park bench",0.104,1,,,,,,,,,480,640,38.99999999994179
1788566559793,40.02498068,-83.02085183,33.826846489039205,1788566556727,onnx-community/mobilenetv4_conv_small.e2400_r224_in1k,fp16,webgpu,"oxcart",0.066,2,,,,,,,,,480,640,38.99999999994179
1788566559793,40.02498068,-83.02085183,33.826846489039205,1788566556727,onnx-community/mobilenetv4_conv_small.e2400_r224_in1k,fp16,webgpu,"horse cart, horse-cart",0.029,3,,,,,,,,,480,640,38.99999999994179
1788566560555,40.02498068,-83.02085183,33.826846489039205,1788566556727,onnx-community/mobilenetv4_conv_small.e2400_r224_in1k,fp16,webgpu,"park bench",0.088,1,,,,,,,,,480,640,57
1788566560555,40.02498068,-83.02085183,33.826846489039205,1788566556727,onnx-community/mobilenetv4_conv_small.e2400_r224_in1k,fp16,webgpu,"lakeside, lakeshore",0.040,2,,,,,,,,,480,640,57
1788566560555,40.02498068,-83.02085183,33.826846489039205,1788566556727,onnx-community/mobilenetv4_conv_small.e2400_r224_in1k,fp16,webgpu,"stone wall",0.037,3,,,,,,,,,480,640,57
1788566561320,40.02498068,-83.02085183,33.826846489039205,1788566556727,onnx-community/mobilenetv4_conv_small.e2400_r224_in1k,fp16,webgpu,"oxcart",0.129,1,,,,,,,,,480,640,57
1788566561320,40.02498068,-83.02085183,33.826846489039205,1788566556727,onnx-community/mobilenetv4_conv_small.e2400_r224_in1k,fp16,webgpu,"park bench",0.110,2,,,,,,,,,480,640,57
1788566561320,40.02498068,-83.02085183,33.826846489039205,1788566556727,onnx-community/mobilenetv4_conv_small.e2400_r224_in1k,fp16,webgpu,"lakeside, lakeshore",0.065,3,,,,,,,,,480,640,57
1788566562082,40.02498068,-83.02085183,33.826846489039205,1788566556727,onnx-community/mobilenetv4_conv_small.e2400_r224_in1k,fp16,webgpu,"park bench",0.044,1,,,,,,,,,480,640,52
1788566562082,40.02498068,-83.02085183,33.826846489039205,1788566556727,onnx-community/mobilenetv4_conv_small.e2400_r224_in1k,fp16,webgpu,"oxcart",0.036,2,,,,,,,,,480,640,52
1788566562082,40.02498068,-83.02085183,33.826846489039205,1788566556727,onnx-community/mobilenetv4_conv_small.e2400_r224_in1k,fp16,webgpu,"stone wall",0.033,3,,,,,,,,,480,640,52
1788566562849,40.02494419,-83.02077639,30.855566003031647,1788566562433,onnx-community/mobilenetv4_conv_small.e2400_r224_in1k,fp16,webgpu,"oxcart",0.080,1,,,,,,,,,480,640,53
1788566562849,40.02494419,-83.02077639,30.855566003031647,1788566562433,onnx-community/mobilenetv4_conv_small.e2400_r224_in1k,fp16,webgpu,"park bench",0.058,2,,,,,,,,,480,640,53
1788566562849,40.02494419,-83.02077639,30.855566003031647,1788566562433,onnx-community/mobilenetv4_conv_small.e2400_r224_in1k,fp16,webgpu,"sandbar, sand bar",0.038,3,,,,,,,,,480,640,53
1788566563616,40.02494419,-83.02077639,30.855566003031647,1788566562433,onnx-community/mobilenetv4_conv_small.e2400_r224_in1k,fp16,webgpu,"park bench",0.146,1,,,,,,,,,480,640,54
1788566563616,40.02494419,-83.02077639,30.855566003031647,1788566562433,onnx-community/mobilenetv4_conv_small.e2400_r224_in1k,fp16,webgpu,"oxcart",0.102,2,,,,,,,,,480,640,54
1788566563616,40.02494419,-83.02077639,30.855566003031647,1788566562433,onnx-community/mobilenetv4_conv_small.e2400_r224_in1k,fp16,webgpu,"lakeside, lakeshore",0.076,3,,,,,,,,,480,640,54
1788566564382,40.02494419,-83.02077639,30.855566003031647,1788566562433,onnx-community/mobilenetv4_conv_small.e2400_r224_in1k,fp16,webgpu,"park bench",0.100,1,,,,,,,,,480,640,55
1788566564382,40.02494419,-83.02077639,30.855566003031647,1788566562433,onnx-community/mobilenetv4_conv_small.e2400_r224_in1k,fp16,webgpu,"lakeside, lakeshore",0.051,2,,,,,,,,,480,640,55
1788566564382,40.02494419,-83.02077639,30.855566003031647,1788566562433,onnx-community/mobilenetv4_conv_small.e2400_r224_in1k,fp16,webgpu,"oxcart",0.046,3,,,,,,,,,480,640,55
1788566565139,40.02494419,-83.02077639,30.855566003031647,1788566562433,onnx-community/mobilenetv4_conv_small.e2400_r224_in1k,fp16,webgpu,"park bench",0.077,1,,,,,,,,,480,640,48
1788566565139,40.02494419,-83.02077639,30.855566003031647,1788566562433,onnx-community/mobilenetv4_conv_small.e2400_r224_in1k,fp16,webgpu,"sandbar, sand bar",0.036,2,,,,,,,,,480,640,48
1788566565139,40.02494419,-83.02077639,30.855566003031647,1788566562433,onnx-community/mobilenetv4_conv_small.e2400_r224_in1k,fp16,webgpu,"mountain bike, all-terrain bike, off-roader",0.028,3,,,,,,,,,480,640,48
1788566565917,40.02493548,-83.02076769,30.948375797458464,1788566564997,onnx-community/mobilenetv4_conv_small.e2400_r224_in1k,fp16,webgpu,"park bench",0.167,1,,,,,,,,,480,640,58
1788566565917,40.02493548,-83.02076769,30.948375797458464,1788566564997,onnx-community/mobilenetv4_conv_small.e2400_r224_in1k,fp16,webgpu,"lakeside, lakeshore",0.064,2,,,,,,,,,480,640,58
1788566565917,40.02493548,-83.02076769,30.948375797458464,1788566564997,onnx-community/mobilenetv4_conv_small.e2400_r224_in1k,fp16,webgpu,"oxcart",0.049,3,,,,,,,,,480,640,58
1788566566683,40.02493548,-83.02076769,30.948375797458464,1788566564997,onnx-community/mobilenetv4_conv_small.e2400_r224_in1k,fp16,webgpu,"park bench",0.133,1,,,,,,,,,480,640,59
1788566566683,40.02493548,-83.02076769,30.948375797458464,1788566564997,onnx-community/mobilenetv4_conv_small.e2400_r224_in1k,fp16,webgpu,"water buffalo, water ox, Asiatic buffalo, Bubalus bubalis",0.051,2,,,,,,,,,480,640,59
1788566566683,40.02493548,-83.02076769,30.948375797458464,1788566564997,onnx-community/mobilenetv4_conv_small.e2400_r224_in1k,fp16,webgpu,"oxcart",0.034,3,,,,,,,,,480,640,59
1788566567460,40.02493548,-83.02076769,30.948375797458464,1788566564997,onnx-community/mobilenetv4_conv_small.e2400_r224_in1k,fp16,webgpu,"park bench",0.136,1,,,,,,,,,480,640,72
1788566567460,40.02493548,-83.02076769,30.948375797458464,1788566564997,onnx-community/mobilenetv4_conv_small.e2400_r224_in1k,fp16,webgpu,"peacock",0.049,2,,,,,,,,,480,640,72
1788566567460,40.02493548,-83.02076769,30.948375797458464,1788566564997,onnx-community/mobilenetv4_conv_small.e2400_r224_in1k,fp16,webgpu,"oxcart",0.047,3,,,,,,,,,480,640,72
1788566568244,40.02493548,-83.02076769,30.948375797458464,1788566564997,onnx-community/mobilenetv4_conv_small.e2400_r224_in1k,fp16,webgpu,"park bench",0.088,1,,,,,,,,,480,640,70
1788566568244,40.02493548,-83.02076769,30.948375797458464,1788566564997,onnx-community/mobilenetv4_conv_small.e2400_r224_in1k,fp16,webgpu,"lakeside, lakeshore",0.044,2,,,,,,,,,480,640,70
1788566568244,40.02493548,-83.02076769,30.948375797458464,1788566564997,onnx-community/mobilenetv4_conv_small.e2400_r224_in1k,fp16,webgpu,"oxcart",0.039,3,,,,,,,,,480,640,70
1788566569025,40.02487464,-83.02072789,28.92776106256121,1788566567992,onnx-community/mobilenetv4_conv_small.e2400_r224_in1k,fp16,webgpu,"park bench",0.292,1,,,,,,,,,480,640,68.99999999994179
1788566569025,40.02487464,-83.02072789,28.92776106256121,1788566567992,onnx-community/mobilenetv4_conv_small.e2400_r224_in1k,fp16,webgpu,"lakeside, lakeshore",0.031,2,,,,,,,,,480,640,68.99999999994179
1788566569025,40.02487464,-83.02072789,28.92776106256121,1788566567992,onnx-community/mobilenetv4_conv_small.e2400_r224_in1k,fp16,webgpu,"patio, terrace",0.018,3,,,,,,,,,480,640,68.99999999994179
1788566569810,40.02487464,-83.02072789,28.92776106256121,1788566567992,onnx-community/mobilenetv4_conv_small.e2400_r224_in1k,fp16,webgpu,"park bench",0.051,1,,,,,,,,,480,640,72
1788566569810,40.02487464,-83.02072789,28.92776106256121,1788566567992,onnx-community/mobilenetv4_conv_small.e2400_r224_in1k,fp16,webgpu,"schipperke",0.027,2,,,,,,,,,480,640,72
1788566569810,40.02487464,-83.02072789,28.92776106256121,1788566567992,onnx-community/mobilenetv4_conv_small.e2400_r224_in1k,fp16,webgpu,"Siberian husky",0.025,3,,,,,,,,,480,640,72
1788566570589,40.02487464,-83.02072789,28.92776106256121,1788566567992,onnx-community/mobilenetv4_conv_small.e2400_r224_in1k,fp16,webgpu,"lakeside, lakeshore",0.083,1,,,,,,,,,480,640,68
1788566570589,40.02487464,-83.02072789,28.92776106256121,1788566567992,onnx-community/mobilenetv4_conv_small.e2400_r224_in1k,fp16,webgpu,"park bench",0.063,2,,,,,,,,,480,640,68
1788566570589,40.02487464,-83.02072789,28.92776106256121,1788566567992,onnx-community/mobilenetv4_conv_small.e2400_r224_in1k,fp16,webgpu,"unicycle, monocycle",0.023,3,,,,,,,,,480,640,68
1788566571376,40.02487464,-83.02072789,28.92776106256121,1788566567992,onnx-community/mobilenetv4_conv_small.e2400_r224_in1k,fp16,webgpu,"West Highland white terrier",0.029,1,,,,,,,,,480,640,72
1788566571376,40.02487464,-83.02072789,28.92776106256121,1788566567992,onnx-community/mobilenetv4_conv_small.e2400_r224_in1k,fp16,webgpu,"soft-coated wheaten terrier",0.027,2,,,,,,,,,480,640,72
1788566571376,40.02487464,-83.02072789,28.92776106256121,1788566567992,onnx-community/mobilenetv4_conv_small.e2400_r224_in1k,fp16,webgpu,"tricycle, trike, velocipede",0.024,3,,,,,,,,,480,640,72
1788566572161,40.02485244,-83.02076910,30.39690061792767,1788566570994,onnx-community/mobilenetv4_conv_small.e2400_r224_in1k,fp16,webgpu,"park bench",0.035,1,,,,,,,,,480,640,74
1788566572161,40.02485244,-83.02076910,30.39690061792767,1788566570994,onnx-community/mobilenetv4_conv_small.e2400_r224_in1k,fp16,webgpu,"mountain bike, all-terrain bike, off-roader",0.027,2,,,,,,,,,480,640,74
1788566572161,40.02485244,-83.02076910,30.39690061792767,1788566570994,onnx-community/mobilenetv4_conv_small.e2400_r224_in1k,fp16,webgpu,"lakeside, lakeshore",0.025,3,,,,,,,,,480,640,74
1788566572932,40.02485244,-83.02076910,30.39690061792767,1788566570994,onnx-community/mobilenetv4_conv_small.e2400_r224_in1k,fp16,webgpu,"park bench",0.083,1,,,,,,,,,480,640,63.99999999994179
1788566572932,40.02485244,-83.02076910,30.39690061792767,1788566570994,onnx-community/mobilenetv4_conv_small.e2400_r224_in1k,fp16,webgpu,"lakeside, lakeshore",0.018,2,,,,,,,,,480,640,63.99999999994179
1788566572932,40.02485244,-83.02076910,30.39690061792767,1788566570994,onnx-community/mobilenetv4_conv_small.e2400_r224_in1k,fp16,webgpu,"patio, terrace",0.017,3,,,,,,,,,480,640,63.99999999994179
1788566573718,40.02485244,-83.02076910,30.39690061792767,1788566570994,onnx-community/mobilenetv4_conv_small.e2400_r224_in1k,fp16,webgpu,"park bench",0.108,1,,,,,,,,,480,640,66
1788566573718,40.02485244,-83.02076910,30.39690061792767,1788566570994,onnx-community/mobilenetv4_conv_small.e2400_r224_in1k,fp16,webgpu,"lakeside, lakeshore",0.040,2,,,,,,,,,480,640,66
1788566573718,40.02485244,-83.02076910,30.39690061792767,1788566570994,onnx-community/mobilenetv4_conv_small.e2400_r224_in1k,fp16,webgpu,"Appenzeller",0.032,3,,,,,,,,,480,640,66
1788566574498,40.02485244,-83.02076910,30.39690061792767,1788566570994,onnx-community/mobilenetv4_conv_small.e2400_r224_in1k,fp16,webgpu,"park bench",0.136,1,,,,,,,,,480,640,63
1788566574498,40.02485244,-83.02076910,30.39690061792767,1788566570994,onnx-community/mobilenetv4_conv_small.e2400_r224_in1k,fp16,webgpu,"oxcart",0.031,2,,,,,,,,,480,640,63
1788566574498,40.02485244,-83.02076910,30.39690061792767,1788566570994,onnx-community/mobilenetv4_conv_small.e2400_r224_in1k,fp16,webgpu,"lakeside, lakeshore",0.020,3,,,,,,,,,480,640,63
1788566575279,40.02484217,-83.02076153,30.48147947151903,1788566573995,onnx-community/mobilenetv4_conv_small.e2400_r224_in1k,fp16,webgpu,"park bench",0.088,1,,,,,,,,,480,640,61
1788566575279,40.02484217,-83.02076153,30.48147947151903,1788566573995,onnx-community/mobilenetv4_conv_small.e2400_r224_in1k,fp16,webgpu,"mobile home, manufactured home",0.020,2,,,,,,,,,480,640,61
1788566575279,40.02484217,-83.02076153,30.48147947151903,1788566573995,onnx-community/mobilenetv4_conv_small.e2400_r224_in1k,fp16,webgpu,"patio, terrace",0.019,3,,,,,,,,,480,640,61
1788566576055,40.02484217,-83.02076153,30.48147947151903,1788566573995,onnx-community/mobilenetv4_conv_small.e2400_r224_in1k,fp16,webgpu,"park bench",0.038,1,,,,,,,,,480,640,71
1788566576055,40.02484217,-83.02076153,30.48147947151903,1788566573995,onnx-community/mobilenetv4_conv_small.e2400_r224_in1k,fp16,webgpu,"Labrador retriever",0.038,2,,,,,,,,,480,640,71
1788566576055,40.02484217,-83.02076153,30.48147947151903,1788566573995,onnx-community/mobilenetv4_conv_small.e2400_r224_in1k,fp16,webgpu,"jeep, landrover",0.029,3,,,,,,,,,480,640,71
1788566576838,40.02484217,-83.02076153,30.48147947151903,1788566573995,onnx-community/mobilenetv4_conv_small.e2400_r224_in1k,fp16,webgpu,"park bench",0.181,1,,,,,,,,,480,640,72
1788566576838,40.02484217,-83.02076153,30.48147947151903,1788566573995,onnx-community/mobilenetv4_conv_small.e2400_r224_in1k,fp16,webgpu,"ashcan, trash can, garbage can, wastebin, ash bin, ash-bin, ashbin, dustbin, trash barrel, trash bin",0.020,2,,,,,,,,,480,640,72
1788566576838,40.02484217,-83.02076153,30.48147947151903,1788566573995,onnx-community/mobilenetv4_conv_small.e2400_r224_in1k,fp16,webgpu,"golfcart, golf cart",0.017,3,,,,,,,,,480,640,72
1788566577621,40.02484217,-83.02076153,30.48147947151903,1788566573995,onnx-community/mobilenetv4_conv_small.e2400_r224_in1k,fp16,webgpu,"park bench",0.040,1,,,,,,,,,480,640,72
1788566577621,40.02484217,-83.02076153,30.48147947151903,1788566573995,onnx-community/mobilenetv4_conv_small.e2400_r224_in1k,fp16,webgpu,"oxcart",0.038,2,,,,,,,,,480,640,72
1788566577621,40.02484217,-83.02076153,30.48147947151903,1788566573995,onnx-community/mobilenetv4_conv_small.e2400_r224_in1k,fp16,webgpu,"Appenzeller",0.035,3,,,,,,,,,480,640,72
1788566578404,40.02486034,-83.02076207,29.503931911505443,1788566576995,onnx-community/mobilenetv4_conv_small.e2400_r224_in1k,fp16,webgpu,"park bench",0.048,1,,,,,,,,,480,640,72
1788566578404,40.02486034,-83.02076207,29.503931911505443,1788566576995,onnx-community/mobilenetv4_conv_small.e2400_r224_in1k,fp16,webgpu,"sandbar, sand bar",0.044,2,,,,,,,,,480,640,72
1788566578404,40.02486034,-83.02076207,29.503931911505443,1788566576995,onnx-community/mobilenetv4_conv_small.e2400_r224_in1k,fp16,webgpu,"oxcart",0.032,3,,,,,,,,,480,640,72
1788566579185,40.02486034,-83.02076207,29.503931911505443,1788566576995,onnx-community/mobilenetv4_conv_small.e2400_r224_in1k,fp16,webgpu,"mountain bike, all-terrain bike, off-roader",0.031,1,,,,,,,,,480,640,72.00000000005821
1788566579185,40.02486034,-83.02076207,29.503931911505443,1788566576995,onnx-community/mobilenetv4_conv_small.e2400_r224_in1k,fp16,webgpu,"lakeside, lakeshore",0.031,2,,,,,,,,,480,640,72.00000000005821
1788566579185,40.02486034,-83.02076207,29.503931911505443,1788566576995,onnx-community/mobilenetv4_conv_small.e2400_r224_in1k,fp16,webgpu,"park bench",0.026,3,,,,,,,,,480,640,72.00000000005821
1788566579962,40.02486034,-83.02076207,29.503931911505443,1788566576995,onnx-community/mobilenetv4_conv_small.e2400_r224_in1k,fp16,webgpu,"park bench",0.059,1,,,,,,,,,480,640,65
1788566579962,40.02486034,-83.02076207,29.503931911505443,1788566576995,onnx-community/mobilenetv4_conv_small.e2400_r224_in1k,fp16,webgpu,"oxcart",0.040,2,,,,,,,,,480,640,65
1788566579962,40.02486034,-83.02076207,29.503931911505443,1788566576995,onnx-community/mobilenetv4_conv_small.e2400_r224_in1k,fp16,webgpu,"sandbar, sand bar",0.021,3,,,,,,,,,480,640,65
1788566580754,40.02486034,-83.02076207,29.503931911505443,1788566576995,onnx-community/mobilenetv4_conv_small.e2400_r224_in1k,fp16,webgpu,"sandbar, sand bar",0.055,1,,,,,,,,,480,640,75
1788566580754,40.02486034,-83.02076207,29.503931911505443,1788566576995,onnx-community/mobilenetv4_conv_small.e2400_r224_in1k,fp16,webgpu,"oxcart",0.051,2,,,,,,,,,480,640,75
1788566580754,40.02486034,-83.02076207,29.503931911505443,1788566576995,onnx-community/mobilenetv4_conv_small.e2400_r224_in1k,fp16,webgpu,"valley, vale",0.049,3,,,,,,,,,480,640,75
1788566581530,40.02485086,-83.02075679,29.68980805009546,1788566579996,onnx-community/mobilenetv4_conv_small.e2400_r224_in1k,fp16,webgpu,"lakeside, lakeshore",0.108,1,,,,,,,,,480,640,68
1788566581530,40.02485086,-83.02075679,29.68980805009546,1788566579996,onnx-community/mobilenetv4_conv_small.e2400_r224_in1k,fp16,webgpu,"sandbar, sand bar",0.092,2,,,,,,,,,480,640,68
1788566581530,40.02485086,-83.02075679,29.68980805009546,1788566579996,onnx-community/mobilenetv4_conv_small.e2400_r224_in1k,fp16,webgpu,"water buffalo, water ox, Asiatic buffalo, Bubalus bubalis",0.046,3,,,,,,,,,480,640,68
1788566582318,40.02485086,-83.02075679,29.68980805009546,1788566579996,onnx-community/mobilenetv4_conv_small.e2400_r224_in1k,fp16,webgpu,"sandbar, sand bar",0.070,1,,,,,,,,,480,640,74
1788566582318,40.02485086,-83.02075679,29.68980805009546,1788566579996,onnx-community/mobilenetv4_conv_small.e2400_r224_in1k,fp16,webgpu,"lakeside, lakeshore",0.037,2,,,,,,,,,480,640,74
1788566582318,40.02485086,-83.02075679,29.68980805009546,1788566579996,onnx-community/mobilenetv4_conv_small.e2400_r224_in1k,fp16,webgpu,"oxcart",0.036,3,,,,,,,,,480,640,74
1788566583095,40.02485086,-83.02075679,29.68980805009546,1788566579996,onnx-community/mobilenetv4_conv_small.e2400_r224_in1k,fp16,webgpu,"oxcart",0.069,1,,,,,,,,,480,640,69
1788566583095,40.02485086,-83.02075679,29.68980805009546,1788566579996,onnx-community/mobilenetv4_conv_small.e2400_r224_in1k,fp16,webgpu,"park bench",0.055,2,,,,,,,,,480,640,69
1788566583095,40.02485086,-83.02075679,29.68980805009546,1788566579996,onnx-community/mobilenetv4_conv_small.e2400_r224_in1k,fp16,webgpu,"sandbar, sand bar",0.053,3,,,,,,,,,480,640,69
1788566583862,40.02424624,-83.02169120,4.748651530191778,1788566582997,onnx-community/mobilenetv4_conv_small.e2400_r224_in1k,fp16,webgpu,"sandbar, sand bar",0.060,1,,,,,,,,,480,640,55
1788566583862,40.02424624,-83.02169120,4.748651530191778,1788566582997,onnx-community/mobilenetv4_conv_small.e2400_r224_in1k,fp16,webgpu,"lakeside, lakeshore",0.051,2,,,,,,,,,480,640,55
1788566583862,40.02424624,-83.02169120,4.748651530191778,1788566582997,onnx-community/mobilenetv4_conv_small.e2400_r224_in1k,fp16,webgpu,"valley, vale",0.051,3,,,,,,,,,480,640,55
1788566584638,40.02424624,-83.02169120,4.748651530191778,1788566582997,onnx-community/mobilenetv4_conv_small.e2400_r224_in1k,fp16,webgpu,"park bench",0.064,1,,,,,,,,,480,640,63.00000000005821
1788566584638,40.02424624,-83.02169120,4.748651530191778,1788566582997,onnx-community/mobilenetv4_conv_small.e2400_r224_in1k,fp16,webgpu,"lakeside, lakeshore",0.058,2,,,,,,,,,480,640,63.00000000005821
1788566584638,40.02424624,-83.02169120,4.748651530191778,1788566582997,onnx-community/mobilenetv4_conv_small.e2400_r224_in1k,fp16,webgpu,"chainlink fence",0.024,3,,,,,,,,,480,640,63.00000000005821
1788566585429,40.02424624,-83.02169120,4.748651530191778,1788566582997,onnx-community/mobilenetv4_conv_small.e2400_r224_in1k,fp16,webgpu,"park bench",0.102,1,,,,,,,,,480,640,72
1788566585429,40.02424624,-83.02169120,4.748651530191778,1788566582997,onnx-community/mobilenetv4_conv_small.e2400_r224_in1k,fp16,webgpu,"lakeside, lakeshore",0.040,2,,,,,,,,,480,640,72
1788566585429,40.02424624,-83.02169120,4.748651530191778,1788566582997,onnx-community/mobilenetv4_conv_small.e2400_r224_in1k,fp16,webgpu,"oxcart",0.033,3,,,,,,,,,480,640,72
1788566586211,40.02424624,-83.02169120,4.748651530191778,1788566582997,onnx-community/mobilenetv4_conv_small.e2400_r224_in1k,fp16,webgpu,"park bench",0.040,1,,,,,,,,,480,640,71
1788566586211,40.02424624,-83.02169120,4.748651530191778,1788566582997,onnx-community/mobilenetv4_conv_small.e2400_r224_in1k,fp16,webgpu,"oxcart",0.032,2,,,,,,,,,480,640,71
1788566586211,40.02424624,-83.02169120,4.748651530191778,1788566582997,onnx-community/mobilenetv4_conv_small.e2400_r224_in1k,fp16,webgpu,"water buffalo, water ox, Asiatic buffalo, Bubalus bubalis",0.031,3,,,,,,,,,480,640,71
1788566586993,40.02421181,-83.02167450,4.748651530191783,1788566585997,onnx-community/mobilenetv4_conv_small.e2400_r224_in1k,fp16,webgpu,"park bench",0.142,1,,,,,,,,,480,640,71
1788566586993,40.02421181,-83.02167450,4.748651530191783,1788566585997,onnx-community/mobilenetv4_conv_small.e2400_r224_in1k,fp16,webgpu,"oxcart",0.043,2,,,,,,,,,480,640,71
1788566586993,40.02421181,-83.02167450,4.748651530191783,1788566585997,onnx-community/mobilenetv4_conv_small.e2400_r224_in1k,fp16,webgpu,"lakeside, lakeshore",0.026,3,,,,,,,,,480,640,71
1788566587780,40.02421181,-83.02167450,4.748651530191783,1788566585997,onnx-community/mobilenetv4_conv_small.e2400_r224_in1k,fp16,webgpu,"lakeside, lakeshore",0.050,1,,,,,,,,,480,640,74
1788566587780,40.02421181,-83.02167450,4.748651530191783,1788566585997,onnx-community/mobilenetv4_conv_small.e2400_r224_in1k,fp16,webgpu,"park bench",0.047,2,,,,,,,,,480,640,74
1788566587780,40.02421181,-83.02167450,4.748651530191783,1788566585997,onnx-community/mobilenetv4_conv_small.e2400_r224_in1k,fp16,webgpu,"oxcart",0.036,3,,,,,,,,,480,640,74
1788566588559,40.02421181,-83.02167450,4.748651530191783,1788566585997,onnx-community/mobilenetv4_conv_small.e2400_r224_in1k,fp16,webgpu,"park bench",0.085,1,,,,,,,,,480,640,70
1788566588559,40.02421181,-83.02167450,4.748651530191783,1788566585997,onnx-community/mobilenetv4_conv_small.e2400_r224_in1k,fp16,webgpu,"chainlink fence",0.031,2,,,,,,,,,480,640,70
1788566588559,40.02421181,-83.02167450,4.748651530191783,1788566585997,onnx-community/mobilenetv4_conv_small.e2400_r224_in1k,fp16,webgpu,"lakeside, lakeshore",0.027,3,,,,,,,,,480,640,70
1788566589340,40.02421181,-83.02167450,4.748651530191783,1788566585997,onnx-community/mobilenetv4_conv_small.e2400_r224_in1k,fp16,webgpu,"park bench",0.110,1,,,,,,,,,480,640,68.99999999994179
1788566589340,40.02421181,-83.02167450,4.748651530191783,1788566585997,onnx-community/mobilenetv4_conv_small.e2400_r224_in1k,fp16,webgpu,"mobile home, manufactured home",0.032,2,,,,,,,,,480,640,68.99999999994179
1788566589340,40.02421181,-83.02167450,4.748651530191783,1788566585997,onnx-community/mobilenetv4_conv_small.e2400_r224_in1k,fp16,webgpu,"patio, terrace",0.022,3,,,,,,,,,480,640,68.99999999994179
1788566590119,40.02418029,-83.02166078,4.748651530191781,1788566588998,onnx-community/mobilenetv4_conv_small.e2400_r224_in1k,fp16,webgpu,"park bench",0.063,1,,,,,,,,,480,640,66
1788566590119,40.02418029,-83.02166078,4.748651530191781,1788566588998,onnx-community/mobilenetv4_conv_small.e2400_r224_in1k,fp16,webgpu,"chainlink fence",0.023,2,,,,,,,,,480,640,66
1788566590119,40.02418029,-83.02166078,4.748651530191781,1788566588998,onnx-community/mobilenetv4_conv_small.e2400_r224_in1k,fp16,webgpu,"Appenzeller",0.023,3,,,,,,,,,480,640,66
1788566590900,40.02418029,-83.02166078,4.748651530191781,1788566588998,onnx-community/mobilenetv4_conv_small.e2400_r224_in1k,fp16,webgpu,"park bench",0.056,1,,,,,,,,,480,640,64
1788566590900,40.02418029,-83.02166078,4.748651530191781,1788566588998,onnx-community/mobilenetv4_conv_small.e2400_r224_in1k,fp16,webgpu,"mobile home, manufactured home",0.040,2,,,,,,,,,480,640,64
1788566590900,40.02418029,-83.02166078,4.748651530191781,1788566588998,onnx-community/mobilenetv4_conv_small.e2400_r224_in1k,fp16,webgpu,"patio, terrace",0.029,3,,,,,,,,,480,640,64
1788566591684,40.02418029,-83.02166078,4.748651530191781,1788566588998,onnx-community/mobilenetv4_conv_small.e2400_r224_in1k,fp16,webgpu,"mountain bike, all-terrain bike, off-roader",0.038,1,,,,,,,,,480,640,66
1788566591684,40.02418029,-83.02166078,4.748651530191781,1788566588998,onnx-community/mobilenetv4_conv_small.e2400_r224_in1k,fp16,webgpu,"unicycle, monocycle",0.032,2,,,,,,,,,480,640,66
1788566591684,40.02418029,-83.02166078,4.748651530191781,1788566588998,onnx-community/mobilenetv4_conv_small.e2400_r224_in1k,fp16,webgpu,"park bench",0.029,3,,,,,,,,,480,640,66
1788566592464,40.02418029,-83.02166078,4.748651530191781,1788566588998,onnx-community/mobilenetv4_conv_small.e2400_r224_in1k,fp16,webgpu,"park bench",0.080,1,,,,,,,,,480,640,63
1788566592464,40.02418029,-83.02166078,4.748651530191781,1788566588998,onnx-community/mobilenetv4_conv_small.e2400_r224_in1k,fp16,webgpu,"oxcart",0.046,2,,,,,,,,,480,640,63
1788566592464,40.02418029,-83.02166078,4.748651530191781,1788566588998,onnx-community/mobilenetv4_conv_small.e2400_r224_in1k,fp16,webgpu,"mobile home, manufactured home",0.035,3,,,,,,,,,480,640,63
1788566593251,40.02414353,-83.02164278,4.748651530191777,1788566591998,onnx-community/mobilenetv4_conv_small.e2400_r224_in1k,fp16,webgpu,"lakeside, lakeshore",0.082,1,,,,,,,,,480,640,67
1788566593251,40.02414353,-83.02164278,4.748651530191777,1788566591998,onnx-community/mobilenetv4_conv_small.e2400_r224_in1k,fp16,webgpu,"patio, terrace",0.063,2,,,,,,,,,480,640,67
1788566593251,40.02414353,-83.02164278,4.748651530191777,1788566591998,onnx-community/mobilenetv4_conv_small.e2400_r224_in1k,fp16,webgpu,"greenhouse, nursery, glasshouse",0.049,3,,,,,,,,,480,640,67
1788566594023,40.02414353,-83.02164278,4.748651530191777,1788566591998,onnx-community/mobilenetv4_conv_small.e2400_r224_in1k,fp16,webgpu,"mobile home, manufactured home",0.118,1,,,,,,,,,480,640,57
1788566594023,40.02414353,-83.02164278,4.748651530191777,1788566591998,onnx-community/mobilenetv4_conv_small.e2400_r224_in1k,fp16,webgpu,"park bench",0.052,2,,,,,,,,,480,640,57
1788566594023,40.02414353,-83.02164278,4.748651530191777,1788566591998,onnx-community/mobilenetv4_conv_small.e2400_r224_in1k,fp16,webgpu,"lakeside, lakeshore",0.036,3,,,,,,,,,480,640,57
1788566594801,40.02414353,-83.02164278,4.748651530191777,1788566591998,onnx-community/mobilenetv4_conv_small.e2400_r224_in1k,fp16,webgpu,"mobile home, manufactured home",0.124,1,,,,,,,,,480,640,69.00000000005821
1788566594801,40.02414353,-83.02164278,4.748651530191777,1788566591998,onnx-community/mobilenetv4_conv_small.e2400_r224_in1k,fp16,webgpu,"lakeside, lakeshore",0.063,2,,,,,,,,,480,640,69.00000000005821
1788566594801,40.02414353,-83.02164278,4.748651530191777,1788566591998,onnx-community/mobilenetv4_conv_small.e2400_r224_in1k,fp16,webgpu,"park bench",0.059,3,,,,,,,,,480,640,69.00000000005821
1788566595586,40.02414353,-83.02164278,4.748651530191777,1788566591998,onnx-community/mobilenetv4_conv_small.e2400_r224_in1k,fp16,webgpu,"lakeside, lakeshore",0.081,1,,,,,,,,,480,640,72
1788566595586,40.02414353,-83.02164278,4.748651530191777,1788566591998,onnx-community/mobilenetv4_conv_small.e2400_r224_in1k,fp16,webgpu,"park bench",0.073,2,,,,,,,,,480,640,72
1788566595586,40.02414353,-83.02164278,4.748651530191777,1788566591998,onnx-community/mobilenetv4_conv_small.e2400_r224_in1k,fp16,webgpu,"valley, vale",0.046,3,,,,,,,,,480,640,72
1788566596365,40.02411038,-83.02166042,4.288393701803571,1788566594998,onnx-community/mobilenetv4_conv_small.e2400_r224_in1k,fp16,webgpu,"chainlink fence",0.123,1,,,,,,,,,480,640,68
1788566596365,40.02411038,-83.02166042,4.288393701803571,1788566594998,onnx-community/mobilenetv4_conv_small.e2400_r224_in1k,fp16,webgpu,"mountain bike, all-terrain bike, off-roader",0.035,2,,,,,,,,,480,640,68
1788566596365,40.02411038,-83.02166042,4.288393701803571,1788566594998,onnx-community/mobilenetv4_conv_small.e2400_r224_in1k,fp16,webgpu,"park bench",0.032,3,,,,,,,,,480,640,68
1788566597151,40.02411038,-83.02166042,4.288393701803571,1788566594998,onnx-community/mobilenetv4_conv_small.e2400_r224_in1k,fp16,webgpu,"park bench",0.084,1,,,,,,,,,480,640,72
1788566597151,40.02411038,-83.02166042,4.288393701803571,1788566594998,onnx-community/mobilenetv4_conv_small.e2400_r224_in1k,fp16,webgpu,"lakeside, lakeshore",0.057,2,,,,,,,,,480,640,72
1788566597151,40.02411038,-83.02166042,4.288393701803571,1788566594998,onnx-community/mobilenetv4_conv_small.e2400_r224_in1k,fp16,webgpu,"valley, vale",0.040,3,,,,,,,,,480,640,72
1788566597930,40.02411038,-83.02166042,4.288393701803571,1788566594998,onnx-community/mobilenetv4_conv_small.e2400_r224_in1k,fp16,webgpu,"lakeside, lakeshore",0.062,1,,,,,,,,,480,640,68
1788566597930,40.02411038,-83.02166042,4.288393701803571,1788566594998,onnx-community/mobilenetv4_conv_small.e2400_r224_in1k,fp16,webgpu,"park bench",0.045,2,,,,,,,,,480,640,68
1788566597930,40.02411038,-83.02166042,4.288393701803571,1788566594998,onnx-community/mobilenetv4_conv_small.e2400_r224_in1k,fp16,webgpu,"oxcart",0.036,3,,,,,,,,,480,640,68
1788566598717,40.02411038,-83.02166042,4.288393701803571,1788566594998,onnx-community/mobilenetv4_conv_small.e2400_r224_in1k,fp16,webgpu,"lakeside, lakeshore",0.103,1,,,,,,,,,480,640,73
1788566598717,40.02411038,-83.02166042,4.288393701803571,1788566594998,onnx-community/mobilenetv4_conv_small.e2400_r224_in1k,fp16,webgpu,"park bench",0.079,2,,,,,,,,,480,640,73
1788566598717,40.02411038,-83.02166042,4.288393701803571,1788566594998,onnx-community/mobilenetv4_conv_small.e2400_r224_in1k,fp16,webgpu,"stone wall",0.069,3,,,,,,,,,480,640,73
1788566599502,40.02407501,-83.02165276,6.330791619606689,1788566597998,onnx-community/mobilenetv4_conv_small.e2400_r224_in1k,fp16,webgpu,"park bench",0.074,1,,,,,,,,,480,640,75.99999999994179
1788566599502,40.02407501,-83.02165276,6.330791619606689,1788566597998,onnx-community/mobilenetv4_conv_small.e2400_r224_in1k,fp16,webgpu,"lakeside, lakeshore",0.061,2,,,,,,,,,480,640,75.99999999994179
1788566599502,40.02407501,-83.02165276,6.330791619606689,1788566597998,onnx-community/mobilenetv4_conv_small.e2400_r224_in1k,fp16,webgpu,"breakwater, groin, groyne, mole, bulwark, seawall, jetty",0.035,3,,,,,,,,,480,640,75.99999999994179
1788566600282,40.02407501,-83.02165276,6.330791619606689,1788566597998,onnx-community/mobilenetv4_conv_small.e2400_r224_in1k,fp16,webgpu,"patio, terrace",0.084,1,,,,,,,,,480,640,61
1788566600282,40.02407501,-83.02165276,6.330791619606689,1788566597998,onnx-community/mobilenetv4_conv_small.e2400_r224_in1k,fp16,webgpu,"park bench",0.058,2,,,,,,,,,480,640,61
1788566600282,40.02407501,-83.02165276,6.330791619606689,1788566597998,onnx-community/mobilenetv4_conv_small.e2400_r224_in1k,fp16,webgpu,"chainlink fence",0.045,3,,,,,,,,,480,640,61
1788566601064,40.02407501,-83.02165276,6.330791619606689,1788566597998,onnx-community/mobilenetv4_conv_small.e2400_r224_in1k,fp16,webgpu,"park bench",0.133,1,,,,,,,,,480,640,72
1788566601064,40.02407501,-83.02165276,6.330791619606689,1788566597998,onnx-community/mobilenetv4_conv_small.e2400_r224_in1k,fp16,webgpu,"lakeside, lakeshore",0.079,2,,,,,,,,,480,640,72
1788566601064,40.02407501,-83.02165276,6.330791619606689,1788566597998,onnx-community/mobilenetv4_conv_small.e2400_r224_in1k,fp16,webgpu,"patio, terrace",0.030,3,,,,,,,,,480,640,72
1788566601847,40.02403970,-83.02163833,6.607795993372464,1788566600999,onnx-community/mobilenetv4_conv_small.e2400_r224_in1k,fp16,webgpu,"lakeside, lakeshore",0.224,1,,,,,,,,,480,640,72
1788566601847,40.02403970,-83.02163833,6.607795993372464,1788566600999,onnx-community/mobilenetv4_conv_small.e2400_r224_in1k,fp16,webgpu,"park bench",0.149,2,,,,,,,,,480,640,72
1788566601847,40.02403970,-83.02163833,6.607795993372464,1788566600999,onnx-community/mobilenetv4_conv_small.e2400_r224_in1k,fp16,webgpu,"stone wall",0.050,3,,,,,,,,,480,640,72
1788566602627,40.02403970,-83.02163833,6.607795993372464,1788566600999,onnx-community/mobilenetv4_conv_small.e2400_r224_in1k,fp16,webgpu,"lakeside, lakeshore",0.405,1,,,,,,,,,480,640,69
1788566602627,40.02403970,-83.02163833,6.607795993372464,1788566600999,onnx-community/mobilenetv4_conv_small.e2400_r224_in1k,fp16,webgpu,"park bench",0.075,2,,,,,,,,,480,640,69
1788566602627,40.02403970,-83.02163833,6.607795993372464,1788566600999,onnx-community/mobilenetv4_conv_small.e2400_r224_in1k,fp16,webgpu,"patio, terrace",0.016,3,,,,,,,,,480,640,69
1788566603416,40.02403970,-83.02163833,6.607795993372464,1788566600999,onnx-community/mobilenetv4_conv_small.e2400_r224_in1k,fp16,webgpu,"lakeside, lakeshore",0.259,1,,,,,,,,,480,640,76
1788566603416,40.02403970,-83.02163833,6.607795993372464,1788566600999,onnx-community/mobilenetv4_conv_small.e2400_r224_in1k,fp16,webgpu,"park bench",0.132,2,,,,,,,,,480,640,76
1788566603416,40.02403970,-83.02163833,6.607795993372464,1788566600999,onnx-community/mobilenetv4_conv_small.e2400_r224_in1k,fp16,webgpu,"stone wall",0.040,3,,,,,,,,,480,640,76
1788566604194,40.02403970,-83.02163833,6.607795993372464,1788566600999,onnx-community/mobilenetv4_conv_small.e2400_r224_in1k,fp16,webgpu,"lakeside, lakeshore",0.173,1,,,,,,,,,480,640,72
1788566604194,40.02403970,-83.02163833,6.607795993372464,1788566600999,onnx-community/mobilenetv4_conv_small.e2400_r224_in1k,fp16,webgpu,"park bench",0.084,2,,,,,,,,,480,640,72
1788566604194,40.02403970,-83.02163833,6.607795993372464,1788566600999,onnx-community/mobilenetv4_conv_small.e2400_r224_in1k,fp16,webgpu,"stone wall",0.040,3,,,,,,,,,480,640,72
1788566604975,40.02401522,-83.02162790,6.134027836291668,1788566603999,onnx-community/mobilenetv4_conv_small.e2400_r224_in1k,fp16,webgpu,"lakeside, lakeshore",0.189,1,,,,,,,,,480,640,71
1788566604975,40.02401522,-83.02162790,6.134027836291668,1788566603999,onnx-community/mobilenetv4_conv_small.e2400_r224_in1k,fp16,webgpu,"park bench",0.066,2,,,,,,,,,480,640,71
1788566604975,40.02401522,-83.02162790,6.134027836291668,1788566603999,onnx-community/mobilenetv4_conv_small.e2400_r224_in1k,fp16,webgpu,"stone wall",0.032,3,,,,,,,,,480,640,71
1788566605761,40.02401522,-83.02162790,6.134027836291668,1788566603999,onnx-community/mobilenetv4_conv_small.e2400_r224_in1k,fp16,webgpu,"stone wall",0.147,1,,,,,,,,,480,640,74
1788566605761,40.02401522,-83.02162790,6.134027836291668,1788566603999,onnx-community/mobilenetv4_conv_small.e2400_r224_in1k,fp16,webgpu,"lakeside, lakeshore",0.096,2,,,,,,,,,480,640,74
1788566605761,40.02401522,-83.02162790,6.134027836291668,1788566603999,onnx-community/mobilenetv4_conv_small.e2400_r224_in1k,fp16,webgpu,"park bench",0.049,3,,,,,,,,,480,640,74
1788566606543,40.02401522,-83.02162790,6.134027836291668,1788566603999,onnx-community/mobilenetv4_conv_small.e2400_r224_in1k,fp16,webgpu,"lakeside, lakeshore",0.185,1,,,,,,,,,480,640,73
1788566606543,40.02401522,-83.02162790,6.134027836291668,1788566603999,onnx-community/mobilenetv4_conv_small.e2400_r224_in1k,fp16,webgpu,"park bench",0.104,2,,,,,,,,,480,640,73
1788566606543,40.02401522,-83.02162790,6.134027836291668,1788566603999,onnx-community/mobilenetv4_conv_small.e2400_r224_in1k,fp16,webgpu,"stone wall",0.101,3,,,,,,,,,480,640,73
1788566607315,40.02401522,-83.02162790,6.134027836291668,1788566603999,onnx-community/mobilenetv4_conv_small.e2400_r224_in1k,fp16,webgpu,"lakeside, lakeshore",0.149,1,,,,,,,,,480,640,64
1788566607315,40.02401522,-83.02162790,6.134027836291668,1788566603999,onnx-community/mobilenetv4_conv_small.e2400_r224_in1k,fp16,webgpu,"park bench",0.133,2,,,,,,,,,480,640,64
1788566607315,40.02401522,-83.02162790,6.134027836291668,1788566603999,onnx-community/mobilenetv4_conv_small.e2400_r224_in1k,fp16,webgpu,"stone wall",0.036,3,,,,,,,,,480,640,64
1788566608102,40.02398829,-83.02161356,6.1767439240232855,1788566606999,onnx-community/mobilenetv4_conv_small.e2400_r224_in1k,fp16,webgpu,"lakeside, lakeshore",0.237,1,,,,,,,,,480,640,69
1788566608102,40.02398829,-83.02161356,6.1767439240232855,1788566606999,onnx-community/mobilenetv4_conv_small.e2400_r224_in1k,fp16,webgpu,"stone wall",0.121,2,,,,,,,,,480,640,69
1788566608102,40.02398829,-83.02161356,6.1767439240232855,1788566606999,onnx-community/mobilenetv4_conv_small.e2400_r224_in1k,fp16,webgpu,"park bench",0.096,3,,,,,,,,,480,640,69
1788566608886,40.02398829,-83.02161356,6.1767439240232855,1788566606999,onnx-community/mobilenetv4_conv_small.e2400_r224_in1k,fp16,webgpu,"lakeside, lakeshore",0.160,1,,,,,,,,,480,640,70
1788566608886,40.02398829,-83.02161356,6.1767439240232855,1788566606999,onnx-community/mobilenetv4_conv_small.e2400_r224_in1k,fp16,webgpu,"stone wall",0.137,2,,,,,,,,,480,640,70
1788566608886,40.02398829,-83.02161356,6.1767439240232855,1788566606999,onnx-community/mobilenetv4_conv_small.e2400_r224_in1k,fp16,webgpu,"park bench",0.123,3,,,,,,,,,480,640,70
1788566609670,40.02398829,-83.02161356,6.1767439240232855,1788566606999,onnx-community/mobilenetv4_conv_small.e2400_r224_in1k,fp16,webgpu,"park bench",0.212,1,,,,,,,,,480,640,71
1788566609670,40.02398829,-83.02161356,6.1767439240232855,1788566606999,onnx-community/mobilenetv4_conv_small.e2400_r224_in1k,fp16,webgpu,"lakeside, lakeshore",0.101,2,,,,,,,,,480,640,71
1788566609670,40.02398829,-83.02161356,6.1767439240232855,1788566606999,onnx-community/mobilenetv4_conv_small.e2400_r224_in1k,fp16,webgpu,"breakwater, groin, groyne, mole, bulwark, seawall, jetty",0.044,3,,,,,,,,,480,640,71
1788566610451,40.02398829,-83.02161356,6.1767439240232855,1788566606999,onnx-community/mobilenetv4_conv_small.e2400_r224_in1k,fp16,webgpu,"park bench",0.145,1,,,,,,,,,480,640,71.00000000005821
1788566610451,40.02398829,-83.02161356,6.1767439240232855,1788566606999,onnx-community/mobilenetv4_conv_small.e2400_r224_in1k,fp16,webgpu,"lakeside, lakeshore",0.105,2,,,,,,,,,480,640,71.00000000005821
1788566610451,40.02398829,-83.02161356,6.1767439240232855,1788566606999,onnx-community/mobilenetv4_conv_small.e2400_r224_in1k,fp16,webgpu,"picket fence, paling",0.087,3,,,,,,,,,480,640,71.00000000005821
1788566611237,40.02395987,-83.02161472,6.0956713924806145,1788566609999,onnx-community/mobilenetv4_conv_small.e2400_r224_in1k,fp16,webgpu,"breakwater, groin, groyne, mole, bulwark, seawall, jetty",0.083,1,,,,,,,,,480,640,72
1788566611237,40.02395987,-83.02161472,6.0956713924806145,1788566609999,onnx-community/mobilenetv4_conv_small.e2400_r224_in1k,fp16,webgpu,"dam, dike, dyke",0.049,2,,,,,,,,,480,640,72
1788566611237,40.02395987,-83.02161472,6.0956713924806145,1788566609999,onnx-community/mobilenetv4_conv_small.e2400_r224_in1k,fp16,webgpu,"lakeside, lakeshore",0.049,3,,,,,,,,,480,640,72
1788566612016,40.02395987,-83.02161472,6.0956713924806145,1788566609999,onnx-community/mobilenetv4_conv_small.e2400_r224_in1k,fp16,webgpu,"park bench",0.096,1,,,,,,,,,480,640,68.00000000005821
1788566612016,40.02395987,-83.02161472,6.0956713924806145,1788566609999,onnx-community/mobilenetv4_conv_small.e2400_r224_in1k,fp16,webgpu,"lakeside, lakeshore",0.061,2,,,,,,,,,480,640,68.00000000005821
1788566612016,40.02395987,-83.02161472,6.0956713924806145,1788566609999,onnx-community/mobilenetv4_conv_small.e2400_r224_in1k,fp16,webgpu,"breakwater, groin, groyne, mole, bulwark, seawall, jetty",0.040,3,,,,,,,,,480,640,68.00000000005821
1788566612830,40.02395987,-83.02161472,6.0956713924806145,1788566609999,onnx-community/mobilenetv4_conv_small.e2400_r224_in1k,fp16,webgpu,"lakeside, lakeshore",0.103,1,,,,,,,,,480,640,89
1788566612830,40.02395987,-83.02161472,6.0956713924806145,1788566609999,onnx-community/mobilenetv4_conv_small.e2400_r224_in1k,fp16,webgpu,"breakwater, groin, groyne, mole, bulwark, seawall, jetty",0.070,2,,,,,,,,,480,640,89
1788566612830,40.02395987,-83.02161472,6.0956713924806145,1788566609999,onnx-community/mobilenetv4_conv_small.e2400_r224_in1k,fp16,webgpu,"chainlink fence",0.024,3,,,,,,,,,480,640,89
1788566627047,40.02395987,-83.02161472,6.0956713924806145,1788566609999,onnx-community/mobilenetv4_conv_small.e2400_r224_in1k,fp16,webgpu,"stone wall",0.149,1,,,,,,,,,480,640,99.99999999994179
1788566627047,40.02395987,-83.02161472,6.0956713924806145,1788566609999,onnx-community/mobilenetv4_conv_small.e2400_r224_in1k,fp16,webgpu,"chainlink fence",0.104,2,,,,,,,,,480,640,99.99999999994179
1788566627047,40.02395987,-83.02161472,6.0956713924806145,1788566609999,onnx-community/mobilenetv4_conv_small.e2400_r224_in1k,fp16,webgpu,"lakeside, lakeshore",0.057,3,,,,,,,,,480,640,99.99999999994179
1788566627807,40.02388773,-83.02152388,8.99053124847141,1788566624472,onnx-community/mobilenetv4_conv_small.e2400_r224_in1k,fp16,webgpu,"park bench",0.081,1,,,,,,,,,480,640,59
1788566627807,40.02388773,-83.02152388,8.99053124847141,1788566624472,onnx-community/mobilenetv4_conv_small.e2400_r224_in1k,fp16,webgpu,"lakeside, lakeshore",0.066,2,,,,,,,,,480,640,59
1788566627807,40.02388773,-83.02152388,8.99053124847141,1788566624472,onnx-community/mobilenetv4_conv_small.e2400_r224_in1k,fp16,webgpu,"jeep, landrover",0.043,3,,,,,,,,,480,640,59
1788566628574,40.02386961,-83.02150588,9.49793608405018,1788566628082,onnx-community/mobilenetv4_conv_small.e2400_r224_in1k,fp16,webgpu,"park bench",0.097,1,,,,,,,,,480,640,60
1788566628574,40.02386961,-83.02150588,9.49793608405018,1788566628082,onnx-community/mobilenetv4_conv_small.e2400_r224_in1k,fp16,webgpu,"schipperke",0.074,2,,,,,,,,,480,640,60
1788566628574,40.02386961,-83.02150588,9.49793608405018,1788566628082,onnx-community/mobilenetv4_conv_small.e2400_r224_in1k,fp16,webgpu,"West Highland white terrier",0.037,3,,,,,,,,,480,640,60
1788566629358,40.02386961,-83.02150588,9.49793608405018,1788566628082,onnx-community/mobilenetv4_conv_small.e2400_r224_in1k,fp16,webgpu,"unicycle, monocycle",0.091,1,,,,,,,,,480,640,62
1788566629358,40.02386961,-83.02150588,9.49793608405018,1788566628082,onnx-community/mobilenetv4_conv_small.e2400_r224_in1k,fp16,webgpu,"Siberian husky",0.066,2,,,,,,,,,480,640,62
1788566629358,40.02386961,-83.02150588,9.49793608405018,1788566628082,onnx-community/mobilenetv4_conv_small.e2400_r224_in1k,fp16,webgpu,"schipperke",0.057,3,,,,,,,,,480,640,62
1788566630121,40.02386961,-83.02150588,9.49793608405018,1788566628082,onnx-community/mobilenetv4_conv_small.e2400_r224_in1k,fp16,webgpu,"unicycle, monocycle",0.104,1,,,,,,,,,480,640,55.99999999994179
1788566630121,40.02386961,-83.02150588,9.49793608405018,1788566628082,onnx-community/mobilenetv4_conv_small.e2400_r224_in1k,fp16,webgpu,"Siberian husky",0.036,2,,,,,,,,,480,640,55.99999999994179
1788566630121,40.02386961,-83.02150588,9.49793608405018,1788566628082,onnx-community/mobilenetv4_conv_small.e2400_r224_in1k,fp16,webgpu,"jinrikisha, ricksha, rickshaw",0.033,3,,,,,,,,,480,640,55.99999999994179
1788566630910,40.02386961,-83.02150588,9.49793608405018,1788566628082,onnx-community/mobilenetv4_conv_small.e2400_r224_in1k,fp16,webgpu,"unicycle, monocycle",0.151,1,,,,,,,,,480,640,83.00000000005821
1788566630910,40.02386961,-83.02150588,9.49793608405018,1788566628082,onnx-community/mobilenetv4_conv_small.e2400_r224_in1k,fp16,webgpu,"bicycle-built-for-two, tandem bicycle, tandem",0.048,2,,,,,,,,,480,640,83.00000000005821
1788566630910,40.02386961,-83.02150588,9.49793608405018,1788566628082,onnx-community/mobilenetv4_conv_small.e2400_r224_in1k,fp16,webgpu,"soft-coated wheaten terrier",0.031,3,,,,,,,,,480,640,83.00000000005821
1788566631693,40.02377008,-83.02134644,14,1788566628562,onnx-community/mobilenetv4_conv_small.e2400_r224_in1k,fp16,webgpu,"park bench",0.036,1,,,,,,,,,480,640,66
1788566631693,40.02377008,-83.02134644,14,1788566628562,onnx-community/mobilenetv4_conv_small.e2400_r224_in1k,fp16,webgpu,"valley, vale",0.028,2,,,,,,,,,480,640,66
1788566631693,40.02377008,-83.02134644,14,1788566628562,onnx-community/mobilenetv4_conv_small.e2400_r224_in1k,fp16,webgpu,"jeep, landrover",0.028,3,,,,,,,,,480,640,66
1788566632485,40.02377008,-83.02134644,14,1788566628562,onnx-community/mobilenetv4_conv_small.e2400_r224_in1k,fp16,webgpu,"park bench",0.186,1,,,,,,,,,480,640,74
1788566632485,40.02377008,-83.02134644,14,1788566628562,onnx-community/mobilenetv4_conv_small.e2400_r224_in1k,fp16,webgpu,"mailbox, letter box",0.041,2,,,,,,,,,480,640,74
1788566632485,40.02377008,-83.02134644,14,1788566628562,onnx-community/mobilenetv4_conv_small.e2400_r224_in1k,fp16,webgpu,"stone wall",0.022,3,,,,,,,,,480,640,74
1788566633261,40.02377008,-83.02134644,14,1788566628562,onnx-community/mobilenetv4_conv_small.e2400_r224_in1k,fp16,webgpu,"park bench",0.084,1,,,,,,,,,480,640,70
1788566633261,40.02377008,-83.02134644,14,1788566628562,onnx-community/mobilenetv4_conv_small.e2400_r224_in1k,fp16,webgpu,"stone wall",0.080,2,,,,,,,,,480,640,70
1788566633261,40.02377008,-83.02134644,14,1788566628562,onnx-community/mobilenetv4_conv_small.e2400_r224_in1k,fp16,webgpu,"mobile home, manufactured home",0.051,3,,,,,,,,,480,640,70
1788566634043,40.02377008,-83.02134644,14,1788566628562,onnx-community/mobilenetv4_conv_small.e2400_r224_in1k,fp16,webgpu,"stone wall",0.068,1,,,,,,,,,480,640,70
1788566634043,40.02377008,-83.02134644,14,1788566628562,onnx-community/mobilenetv4_conv_small.e2400_r224_in1k,fp16,webgpu,"park bench",0.060,2,,,,,,,,,480,640,70
1788566634043,40.02377008,-83.02134644,14,1788566628562,onnx-community/mobilenetv4_conv_small.e2400_r224_in1k,fp16,webgpu,"lakeside, lakeshore",0.033,3,,,,,,,,,480,640,70
1788566634829,40.02381063,-83.02140648,10.089298273658104,1788566631571,onnx-community/mobilenetv4_conv_small.e2400_r224_in1k,fp16,webgpu,"park bench",0.047,1,,,,,,,,,480,640,72
1788566634829,40.02381063,-83.02140648,10.089298273658104,1788566631571,onnx-community/mobilenetv4_conv_small.e2400_r224_in1k,fp16,webgpu,"stone wall",0.039,2,,,,,,,,,480,640,72
1788566634829,40.02381063,-83.02140648,10.089298273658104,1788566631571,onnx-community/mobilenetv4_conv_small.e2400_r224_in1k,fp16,webgpu,"mailbox, letter box",0.036,3,,,,,,,,,480,640,72
1788566635591,40.02381063,-83.02140648,10.089298273658104,1788566631571,onnx-community/mobilenetv4_conv_small.e2400_r224_in1k,fp16,webgpu,"park bench",0.082,1,,,,,,,,,480,640,52
1788566635591,40.02381063,-83.02140648,10.089298273658104,1788566631571,onnx-community/mobilenetv4_conv_small.e2400_r224_in1k,fp16,webgpu,"lakeside, lakeshore",0.072,2,,,,,,,,,480,640,52
1788566635591,40.02381063,-83.02140648,10.089298273658104,1788566631571,onnx-community/mobilenetv4_conv_small.e2400_r224_in1k,fp16,webgpu,"breakwater, groin, groyne, mole, bulwark, seawall, jetty",0.048,3,,,,,,,,,480,640,52
1788566636375,40.02381063,-83.02140648,10.089298273658104,1788566631571,onnx-community/mobilenetv4_conv_small.e2400_r224_in1k,fp16,webgpu,"lakeside, lakeshore",0.107,1,,,,,,,,,480,640,68
1788566636375,40.02381063,-83.02140648,10.089298273658104,1788566631571,onnx-community/mobilenetv4_conv_small.e2400_r224_in1k,fp16,webgpu,"park bench",0.070,2,,,,,,,,,480,640,68
1788566636375,40.02381063,-83.02140648,10.089298273658104,1788566631571,onnx-community/mobilenetv4_conv_small.e2400_r224_in1k,fp16,webgpu,"mobile home, manufactured home",0.037,3,,,,,,,,,480,640,68
1788566637146,40.02381063,-83.02140648,10.089298273658104,1788566631571,onnx-community/mobilenetv4_conv_small.e2400_r224_in1k,fp16,webgpu,"lakeside, lakeshore",0.107,1,,,,,,,,,480,640,62
1788566637146,40.02381063,-83.02140648,10.089298273658104,1788566631571,onnx-community/mobilenetv4_conv_small.e2400_r224_in1k,fp16,webgpu,"mobile home, manufactured home",0.048,2,,,,,,,,,480,640,62
1788566637146,40.02381063,-83.02140648,10.089298273658104,1788566631571,onnx-community/mobilenetv4_conv_small.e2400_r224_in1k,fp16,webgpu,"valley, vale",0.041,3,,,,,,,,,480,640,62
1788566637922,40.02378336,-83.02138739,10.845502235341561,1788566635402,onnx-community/mobilenetv4_conv_small.e2400_r224_in1k,fp16,webgpu,"lakeside, lakeshore",0.211,1,,,,,,,,,480,640,70.00000000005821
1788566637922,40.02378336,-83.02138739,10.845502235341561,1788566635402,onnx-community/mobilenetv4_conv_small.e2400_r224_in1k,fp16,webgpu,"breakwater, groin, groyne, mole, bulwark, seawall, jetty",0.074,2,,,,,,,,,480,640,70.00000000005821
1788566637922,40.02378336,-83.02138739,10.845502235341561,1788566635402,onnx-community/mobilenetv4_conv_small.e2400_r224_in1k,fp16,webgpu,"patio, terrace",0.069,3,,,,,,,,,480,640,70.00000000005821
1788566638710,40.02378336,-83.02138739,10.845502235341561,1788566635402,onnx-community/mobilenetv4_conv_small.e2400_r224_in1k,fp16,webgpu,"chainlink fence",0.230,1,,,,,,,,,480,640,75
1788566638710,40.02378336,-83.02138739,10.845502235341561,1788566635402,onnx-community/mobilenetv4_conv_small.e2400_r224_in1k,fp16,webgpu,"stone wall",0.107,2,,,,,,,,,480,640,75
1788566638710,40.02378336,-83.02138739,10.845502235341561,1788566635402,onnx-community/mobilenetv4_conv_small.e2400_r224_in1k,fp16,webgpu,"park bench",0.055,3,,,,,,,,,480,640,75
1788566639485,40.02378336,-83.02138739,10.845502235341561,1788566635402,onnx-community/mobilenetv4_conv_small.e2400_r224_in1k,fp16,webgpu,"park bench",0.123,1,,,,,,,,,480,640,66
1788566639485,40.02378336,-83.02138739,10.845502235341561,1788566635402,onnx-community/mobilenetv4_conv_small.e2400_r224_in1k,fp16,webgpu,"unicycle, monocycle",0.049,2,,,,,,,,,480,640,66
1788566639485,40.02378336,-83.02138739,10.845502235341561,1788566635402,onnx-community/mobilenetv4_conv_small.e2400_r224_in1k,fp16,webgpu,"oxcart",0.035,3,,,,,,,,,480,640,66
1788566640272,40.02378336,-83.02138739,10.845502235341561,1788566635402,onnx-community/mobilenetv4_conv_small.e2400_r224_in1k,fp16,webgpu,"park bench",0.079,1,,,,,,,,,480,640,69
1788566640272,40.02378336,-83.02138739,10.845502235341561,1788566635402,onnx-community/mobilenetv4_conv_small.e2400_r224_in1k,fp16,webgpu,"lakeside, lakeshore",0.025,2,,,,,,,,,480,640,69
1788566640272,40.02378336,-83.02138739,10.845502235341561,1788566635402,onnx-community/mobilenetv4_conv_small.e2400_r224_in1k,fp16,webgpu,"chainlink fence",0.024,3,,,,,,,,,480,640,69
1788566641052,40.02377572,-83.02138309,14.745191085976954,1788566637581,onnx-community/mobilenetv4_conv_small.e2400_r224_in1k,fp16,webgpu,"park bench",0.047,1,,,,,,,,,480,640,70
1788566641052,40.02377572,-83.02138309,14.745191085976954,1788566637581,onnx-community/mobilenetv4_conv_small.e2400_r224_in1k,fp16,webgpu,"lakeside, lakeshore",0.023,2,,,,,,,,,480,640,70
1788566641052,40.02377572,-83.02138309,14.745191085976954,1788566637581,onnx-community/mobilenetv4_conv_small.e2400_r224_in1k,fp16,webgpu,"patio, terrace",0.022,3,,,,,,,,,480,640,70
1788566641834,40.02377572,-83.02138309,14.745191085976954,1788566637581,onnx-community/mobilenetv4_conv_small.e2400_r224_in1k,fp16,webgpu,"park bench",0.136,1,,,,,,,,,480,640,68
1788566641834,40.02377572,-83.02138309,14.745191085976954,1788566637581,onnx-community/mobilenetv4_conv_small.e2400_r224_in1k,fp16,webgpu,"mobile home, manufactured home",0.100,2,,,,,,,,,480,640,68
1788566641834,40.02377572,-83.02138309,14.745191085976954,1788566637581,onnx-community/mobilenetv4_conv_small.e2400_r224_in1k,fp16,webgpu,"mailbox, letter box",0.053,3,,,,,,,,,480,640,68
1788566642623,40.02377572,-83.02138309,14.745191085976954,1788566637581,onnx-community/mobilenetv4_conv_small.e2400_r224_in1k,fp16,webgpu,"park bench",0.099,1,,,,,,,,,480,640,75
1788566642623,40.02377572,-83.02138309,14.745191085976954,1788566637581,onnx-community/mobilenetv4_conv_small.e2400_r224_in1k,fp16,webgpu,"stone wall",0.052,2,,,,,,,,,480,640,75
1788566642623,40.02377572,-83.02138309,14.745191085976954,1788566637581,onnx-community/mobilenetv4_conv_small.e2400_r224_in1k,fp16,webgpu,"lakeside, lakeshore",0.047,3,,,,,,,,,480,640,75
1788566643396,40.02377572,-83.02138309,14.745191085976954,1788566637581,onnx-community/mobilenetv4_conv_small.e2400_r224_in1k,fp16,webgpu,"patio, terrace",0.043,1,,,,,,,,,480,640,65
1788566643396,40.02377572,-83.02138309,14.745191085976954,1788566637581,onnx-community/mobilenetv4_conv_small.e2400_r224_in1k,fp16,webgpu,"park bench",0.037,2,,,,,,,,,480,640,65
1788566643396,40.02377572,-83.02138309,14.745191085976954,1788566637581,onnx-community/mobilenetv4_conv_small.e2400_r224_in1k,fp16,webgpu,"greenhouse, nursery, glasshouse",0.033,3,,,,,,,,,480,640,65
1788566644184,40.02376451,-83.02137026,15.394953906689702,1788566641194,onnx-community/mobilenetv4_conv_small.e2400_r224_in1k,fp16,webgpu,"park bench",0.166,1,,,,,,,,,480,640,69.00000000005821
1788566644184,40.02376451,-83.02137026,15.394953906689702,1788566641194,onnx-community/mobilenetv4_conv_small.e2400_r224_in1k,fp16,webgpu,"ashcan, trash can, garbage can, wastebin, ash bin, ash-bin, ashbin, dustbin, trash barrel, trash bin",0.044,2,,,,,,,,,480,640,69.00000000005821
1788566644184,40.02376451,-83.02137026,15.394953906689702,1788566641194,onnx-community/mobilenetv4_conv_small.e2400_r224_in1k,fp16,webgpu,"patio, terrace",0.038,3,,,,,,,,,480,640,69.00000000005821
1788566644966,40.02376451,-83.02137026,15.394953906689702,1788566641194,onnx-community/mobilenetv4_conv_small.e2400_r224_in1k,fp16,webgpu,"park bench",0.162,1,,,,,,,,,480,640,72
1788566644966,40.02376451,-83.02137026,15.394953906689702,1788566641194,onnx-community/mobilenetv4_conv_small.e2400_r224_in1k,fp16,webgpu,"lakeside, lakeshore",0.097,2,,,,,,,,,480,640,72
1788566644966,40.02376451,-83.02137026,15.394953906689702,1788566641194,onnx-community/mobilenetv4_conv_small.e2400_r224_in1k,fp16,webgpu,"patio, terrace",0.070,3,,,,,,,,,480,640,72
1788566645738,40.02376451,-83.02137026,15.394953906689702,1788566641194,onnx-community/mobilenetv4_conv_small.e2400_r224_in1k,fp16,webgpu,"park bench",0.225,1,,,,,,,,,480,640,60.99999999994179
1788566645738,40.02376451,-83.02137026,15.394953906689702,1788566641194,onnx-community/mobilenetv4_conv_small.e2400_r224_in1k,fp16,webgpu,"ashcan, trash can, garbage can, wastebin, ash bin, ash-bin, ashbin, dustbin, trash barrel, trash bin",0.049,2,,,,,,,,,480,640,60.99999999994179
1788566645738,40.02376451,-83.02137026,15.394953906689702,1788566641194,onnx-community/mobilenetv4_conv_small.e2400_r224_in1k,fp16,webgpu,"mailbox, letter box",0.044,3,,,,,,,,,480,640,60.99999999994179
1788566646507,40.02376451,-83.02137026,15.394953906689702,1788566641194,onnx-community/mobilenetv4_conv_small.e2400_r224_in1k,fp16,webgpu,"park bench",0.197,1,,,,,,,,,480,640,63
1788566646507,40.02376451,-83.02137026,15.394953906689702,1788566641194,onnx-community/mobilenetv4_conv_small.e2400_r224_in1k,fp16,webgpu,"mailbox, letter box",0.036,2,,,,,,,,,480,640,63
1788566646507,40.02376451,-83.02137026,15.394953906689702,1788566641194,onnx-community/mobilenetv4_conv_small.e2400_r224_in1k,fp16,webgpu,"chainlink fence",0.029,3,,,,,,,,,480,640,63
1788566647274,40.02381924,-83.02119796,15.155926344735818,1788566643590,onnx-community/mobilenetv4_conv_small.e2400_r224_in1k,fp16,webgpu,"park bench",0.162,1,,,,,,,,,480,640,64
1788566647274,40.02381924,-83.02119796,15.155926344735818,1788566643590,onnx-community/mobilenetv4_conv_small.e2400_r224_in1k,fp16,webgpu,"lakeside, lakeshore",0.067,2,,,,,,,,,480,640,64
1788566647274,40.02381924,-83.02119796,15.155926344735818,1788566643590,onnx-community/mobilenetv4_conv_small.e2400_r224_in1k,fp16,webgpu,"stone wall",0.023,3,,,,,,,,,480,640,64
1788566648058,40.02381924,-83.02119796,15.155926344735818,1788566643590,onnx-community/mobilenetv4_conv_small.e2400_r224_in1k,fp16,webgpu,"park bench",0.110,1,,,,,,,,,480,640,63
1788566648058,40.02381924,-83.02119796,15.155926344735818,1788566643590,onnx-community/mobilenetv4_conv_small.e2400_r224_in1k,fp16,webgpu,"lakeside, lakeshore",0.033,2,,,,,,,,,480,640,63
1788566648058,40.02381924,-83.02119796,15.155926344735818,1788566643590,onnx-community/mobilenetv4_conv_small.e2400_r224_in1k,fp16,webgpu,"unicycle, monocycle",0.027,3,,,,,,,,,480,640,63
1788566648837,40.02381924,-83.02119796,15.155926344735818,1788566643590,onnx-community/mobilenetv4_conv_small.e2400_r224_in1k,fp16,webgpu,"lakeside, lakeshore",0.164,1,,,,,,,,,480,640,62.99999999994179
1788566648837,40.02381924,-83.02119796,15.155926344735818,1788566643590,onnx-community/mobilenetv4_conv_small.e2400_r224_in1k,fp16,webgpu,"park bench",0.150,2,,,,,,,,,480,640,62.99999999994179
1788566648837,40.02381924,-83.02119796,15.155926344735818,1788566643590,onnx-community/mobilenetv4_conv_small.e2400_r224_in1k,fp16,webgpu,"valley, vale",0.041,3,,,,,,,,,480,640,62.99999999994179
1788566649609,40.02383512,-83.02117095,15.254676694139274,1788566647948,onnx-community/mobilenetv4_conv_small.e2400_r224_in1k,fp16,webgpu,"park bench",0.126,1,,,,,,,,,480,640,67.99999999994179
1788566649609,40.02383512,-83.02117095,15.254676694139274,1788566647948,onnx-community/mobilenetv4_conv_small.e2400_r224_in1k,fp16,webgpu,"mobile home, manufactured home",0.041,2,,,,,,,,,480,640,67.99999999994179
1788566649609,40.02383512,-83.02117095,15.254676694139274,1788566647948,onnx-community/mobilenetv4_conv_small.e2400_r224_in1k,fp16,webgpu,"oxcart",0.039,3,,,,,,,,,480,640,67.99999999994179
1788566650394,40.02383512,-83.02117095,15.254676694139274,1788566647948,onnx-community/mobilenetv4_conv_small.e2400_r224_in1k,fp16,webgpu,"park bench",0.137,1,,,,,,,,,480,640,71
1788566650394,40.02383512,-83.02117095,15.254676694139274,1788566647948,onnx-community/mobilenetv4_conv_small.e2400_r224_in1k,fp16,webgpu,"lakeside, lakeshore",0.034,2,,,,,,,,,480,640,71
1788566650394,40.02383512,-83.02117095,15.254676694139274,1788566647948,onnx-community/mobilenetv4_conv_small.e2400_r224_in1k,fp16,webgpu,"mobile home, manufactured home",0.031,3,,,,,,,,,480,640,71
1788566651176,40.02383512,-83.02117095,15.254676694139274,1788566647948,onnx-community/mobilenetv4_conv_small.e2400_r224_in1k,fp16,webgpu,"park bench",0.224,1,,,,,,,,,480,640,69
1788566651176,40.02383512,-83.02117095,15.254676694139274,1788566647948,onnx-community/mobilenetv4_conv_small.e2400_r224_in1k,fp16,webgpu,"stone wall",0.037,2,,,,,,,,,480,640,69
1788566651176,40.02383512,-83.02117095,15.254676694139274,1788566647948,onnx-community/mobilenetv4_conv_small.e2400_r224_in1k,fp16,webgpu,"lakeside, lakeshore",0.035,3,,,,,,,,,480,640,69
1788566651961,40.02383512,-83.02117095,15.254676694139274,1788566647948,onnx-community/mobilenetv4_conv_small.e2400_r224_in1k,fp16,webgpu,"lakeside, lakeshore",0.116,1,,,,,,,,,480,640,70
1788566651961,40.02383512,-83.02117095,15.254676694139274,1788566647948,onnx-community/mobilenetv4_conv_small.e2400_r224_in1k,fp16,webgpu,"park bench",0.106,2,,,,,,,,,480,640,70
1788566651961,40.02383512,-83.02117095,15.254676694139274,1788566647948,onnx-community/mobilenetv4_conv_small.e2400_r224_in1k,fp16,webgpu,"mobile home, manufactured home",0.029,3,,,,,,,,,480,640,70
1788566652740,40.02384196,-83.02116706,17.4822511411818,1788566649598,onnx-community/mobilenetv4_conv_small.e2400_r224_in1k,fp16,webgpu,"park bench",0.259,1,,,,,,,,,480,640,67
1788566652740,40.02384196,-83.02116706,17.4822511411818,1788566649598,onnx-community/mobilenetv4_conv_small.e2400_r224_in1k,fp16,webgpu,"stone wall",0.049,2,,,,,,,,,480,640,67
1788566652740,40.02384196,-83.02116706,17.4822511411818,1788566649598,onnx-community/mobilenetv4_conv_small.e2400_r224_in1k,fp16,webgpu,"lakeside, lakeshore",0.046,3,,,,,,,,,480,640,67
1788566653520,40.02384196,-83.02116706,17.4822511411818,1788566649598,onnx-community/mobilenetv4_conv_small.e2400_r224_in1k,fp16,webgpu,"lakeside, lakeshore",0.323,1,,,,,,,,,480,640,67
1788566653520,40.02384196,-83.02116706,17.4822511411818,1788566649598,onnx-community/mobilenetv4_conv_small.e2400_r224_in1k,fp16,webgpu,"park bench",0.102,2,,,,,,,,,480,640,67
1788566653520,40.02384196,-83.02116706,17.4822511411818,1788566649598,onnx-community/mobilenetv4_conv_small.e2400_r224_in1k,fp16,webgpu,"valley, vale",0.020,3,,,,,,,,,480,640,67
1788566654314,40.02384196,-83.02116706,17.4822511411818,1788566649598,onnx-community/mobilenetv4_conv_small.e2400_r224_in1k,fp16,webgpu,"lakeside, lakeshore",0.124,1,,,,,,,,,480,640,77
1788566654314,40.02384196,-83.02116706,17.4822511411818,1788566649598,onnx-community/mobilenetv4_conv_small.e2400_r224_in1k,fp16,webgpu,"park bench",0.121,2,,,,,,,,,480,640,77
1788566654314,40.02384196,-83.02116706,17.4822511411818,1788566649598,onnx-community/mobilenetv4_conv_small.e2400_r224_in1k,fp16,webgpu,"mobile home, manufactured home",0.023,3,,,,,,,,,480,640,77
1788566655091,40.02384196,-83.02116706,17.4822511411818,1788566649598,onnx-community/mobilenetv4_conv_small.e2400_r224_in1k,fp16,webgpu,"lakeside, lakeshore",0.085,1,,,,,,,,,480,640,67
1788566655091,40.02384196,-83.02116706,17.4822511411818,1788566649598,onnx-community/mobilenetv4_conv_small.e2400_r224_in1k,fp16,webgpu,"mountain bike, all-terrain bike, off-roader",0.065,2,,,,,,,,,480,640,67
1788566655091,40.02384196,-83.02116706,17.4822511411818,1788566649598,onnx-community/mobilenetv4_conv_small.e2400_r224_in1k,fp16,webgpu,"valley, vale",0.052,3,,,,,,,,,480,640,67
1788566655875,40.02382389,-83.02111029,16.660576121777517,1788566653195,onnx-community/mobilenetv4_conv_small.e2400_r224_in1k,fp16,webgpu,"lakeside, lakeshore",0.113,1,,,,,,,,,480,640,72
1788566655875,40.02382389,-83.02111029,16.660576121777517,1788566653195,onnx-community/mobilenetv4_conv_small.e2400_r224_in1k,fp16,webgpu,"valley, vale",0.062,2,,,,,,,,,480,640,72
1788566655875,40.02382389,-83.02111029,16.660576121777517,1788566653195,onnx-community/mobilenetv4_conv_small.e2400_r224_in1k,fp16,webgpu,"park bench",0.054,3,,,,,,,,,480,640,72
1788566656656,40.02382389,-83.02111029,16.660576121777517,1788566653195,onnx-community/mobilenetv4_conv_small.e2400_r224_in1k,fp16,webgpu,"lakeside, lakeshore",0.106,1,,,,,,,,,480,640,69
1788566656656,40.02382389,-83.02111029,16.660576121777517,1788566653195,onnx-community/mobilenetv4_conv_small.e2400_r224_in1k,fp16,webgpu,"park bench",0.086,2,,,,,,,,,480,640,69
1788566656656,40.02382389,-83.02111029,16.660576121777517,1788566653195,onnx-community/mobilenetv4_conv_small.e2400_r224_in1k,fp16,webgpu,"picket fence, paling",0.041,3,,,,,,,,,480,640,69
1788566657435,40.02382389,-83.02111029,16.660576121777517,1788566653195,onnx-community/mobilenetv4_conv_small.e2400_r224_in1k,fp16,webgpu,"mountain bike, all-terrain bike, off-roader",0.077,1,,,,,,,,,480,640,69.00000000005821
1788566657435,40.02382389,-83.02111029,16.660576121777517,1788566653195,onnx-community/mobilenetv4_conv_small.e2400_r224_in1k,fp16,webgpu,"lakeside, lakeshore",0.062,2,,,,,,,,,480,640,69.00000000005821
1788566657435,40.02382389,-83.02111029,16.660576121777517,1788566653195,onnx-community/mobilenetv4_conv_small.e2400_r224_in1k,fp16,webgpu,"ashcan, trash can, garbage can, wastebin, ash bin, ash-bin, ashbin, dustbin, trash barrel, trash bin",0.038,3,,,,,,,,,480,640,69.00000000005821
1788566658224,40.02382389,-83.02111029,16.660576121777517,1788566653195,onnx-community/mobilenetv4_conv_small.e2400_r224_in1k,fp16,webgpu,"park bench",0.097,1,,,,,,,,,480,640,75.99999999994179
1788566658224,40.02382389,-83.02111029,16.660576121777517,1788566653195,onnx-community/mobilenetv4_conv_small.e2400_r224_in1k,fp16,webgpu,"lakeside, lakeshore",0.082,2,,,,,,,,,480,640,75.99999999994179
1788566658224,40.02382389,-83.02111029,16.660576121777517,1788566653195,onnx-community/mobilenetv4_conv_small.e2400_r224_in1k,fp16,webgpu,"patio, terrace",0.020,3,,,,,,,,,480,640,75.99999999994179
1788566659001,40.02381686,-83.02109800,18.624115808976764,1788566655613,onnx-community/mobilenetv4_conv_small.e2400_r224_in1k,fp16,webgpu,"park bench",0.068,1,,,,,,,,,480,640,69
1788566659001,40.02381686,-83.02109800,18.624115808976764,1788566655613,onnx-community/mobilenetv4_conv_small.e2400_r224_in1k,fp16,webgpu,"lakeside, lakeshore",0.040,2,,,,,,,,,480,640,69
1788566659001,40.02381686,-83.02109800,18.624115808976764,1788566655613,onnx-community/mobilenetv4_conv_small.e2400_r224_in1k,fp16,webgpu,"picket fence, paling",0.035,3,,,,,,,,,480,640,69
1788566659787,40.02381686,-83.02109800,18.624115808976764,1788566655613,onnx-community/mobilenetv4_conv_small.e2400_r224_in1k,fp16,webgpu,"lakeside, lakeshore",0.066,1,,,,,,,,,480,640,71
1788566659787,40.02381686,-83.02109800,18.624115808976764,1788566655613,onnx-community/mobilenetv4_conv_small.e2400_r224_in1k,fp16,webgpu,"jeep, landrover",0.025,2,,,,,,,,,480,640,71
1788566659787,40.02381686,-83.02109800,18.624115808976764,1788566655613,onnx-community/mobilenetv4_conv_small.e2400_r224_in1k,fp16,webgpu,"park bench",0.025,3,,,,,,,,,480,640,71
1788566660569,40.02381686,-83.02109800,18.624115808976764,1788566655613,onnx-community/mobilenetv4_conv_small.e2400_r224_in1k,fp16,webgpu,"lakeside, lakeshore",0.052,1,,,,,,,,,480,640,70
1788566660569,40.02381686,-83.02109800,18.624115808976764,1788566655613,onnx-community/mobilenetv4_conv_small.e2400_r224_in1k,fp16,webgpu,"park bench",0.051,2,,,,,,,,,480,640,70
1788566660569,40.02381686,-83.02109800,18.624115808976764,1788566655613,onnx-community/mobilenetv4_conv_small.e2400_r224_in1k,fp16,webgpu,"oxcart",0.046,3,,,,,,,,,480,640,70
1788566661342,40.02381686,-83.02109800,18.624115808976764,1788566655613,onnx-community/mobilenetv4_conv_small.e2400_r224_in1k,fp16,webgpu,"oxcart",0.059,1,,,,,,,,,480,640,64
1788566661342,40.02381686,-83.02109800,18.624115808976764,1788566655613,onnx-community/mobilenetv4_conv_small.e2400_r224_in1k,fp16,webgpu,"lakeside, lakeshore",0.043,2,,,,,,,,,480,640,64
1788566661342,40.02381686,-83.02109800,18.624115808976764,1788566655613,onnx-community/mobilenetv4_conv_small.e2400_r224_in1k,fp16,webgpu,"patio, terrace",0.038,3,,,,,,,,,480,640,64
1788566662124,40.02378216,-83.02107898,19.05513090508143,1788566659187,onnx-community/mobilenetv4_conv_small.e2400_r224_in1k,fp16,webgpu,"oxcart",0.085,1,,,,,,,,,480,640,63
1788566662124,40.02378216,-83.02107898,19.05513090508143,1788566659187,onnx-community/mobilenetv4_conv_small.e2400_r224_in1k,fp16,webgpu,"lakeside, lakeshore",0.043,2,,,,,,,,,480,640,63
1788566662124,40.02378216,-83.02107898,19.05513090508143,1788566659187,onnx-community/mobilenetv4_conv_small.e2400_r224_in1k,fp16,webgpu,"horse cart, horse-cart",0.032,3,,,,,,,,,480,640,63
1788566662900,40.02378216,-83.02107898,19.05513090508143,1788566659187,onnx-community/mobilenetv4_conv_small.e2400_r224_in1k,fp16,webgpu,"oxcart",0.073,1,,,,,,,,,480,640,73
1788566662900,40.02378216,-83.02107898,19.05513090508143,1788566659187,onnx-community/mobilenetv4_conv_small.e2400_r224_in1k,fp16,webgpu,"park bench",0.037,2,,,,,,,,,480,640,73
1788566662900,40.02378216,-83.02107898,19.05513090508143,1788566659187,onnx-community/mobilenetv4_conv_small.e2400_r224_in1k,fp16,webgpu,"picket fence, paling",0.034,3,,,,,,,,,480,640,73
1788566663681,40.02378216,-83.02107898,19.05513090508143,1788566659187,onnx-community/mobilenetv4_conv_small.e2400_r224_in1k,fp16,webgpu,"mobile home, manufactured home",0.041,1,,,,,,,,,480,640,70
1788566663681,40.02378216,-83.02107898,19.05513090508143,1788566659187,onnx-community/mobilenetv4_conv_small.e2400_r224_in1k,fp16,webgpu,"picket fence, paling",0.035,2,,,,,,,,,480,640,70
1788566663681,40.02378216,-83.02107898,19.05513090508143,1788566659187,onnx-community/mobilenetv4_conv_small.e2400_r224_in1k,fp16,webgpu,"oxcart",0.034,3,,,,,,,,,480,640,70
1788566664463,40.02378216,-83.02107898,19.05513090508143,1788566659187,onnx-community/mobilenetv4_conv_small.e2400_r224_in1k,fp16,webgpu,"oxcart",0.060,1,,,,,,,,,480,640,69.00000000005821
1788566664463,40.02378216,-83.02107898,19.05513090508143,1788566659187,onnx-community/mobilenetv4_conv_small.e2400_r224_in1k,fp16,webgpu,"horse cart, horse-cart",0.054,2,,,,,,,,,480,640,69.00000000005821
1788566664463,40.02378216,-83.02107898,19.05513090508143,1788566659187,onnx-community/mobilenetv4_conv_small.e2400_r224_in1k,fp16,webgpu,"picket fence, paling",0.046,3,,,,,,,,,480,640,69.00000000005821
1788566665244,40.02377929,-83.02107083,21.068515952541777,1788566661620,onnx-community/mobilenetv4_conv_small.e2400_r224_in1k,fp16,webgpu,"oxcart",0.127,1,,,,,,,,,480,640,71
1788566665244,40.02377929,-83.02107083,21.068515952541777,1788566661620,onnx-community/mobilenetv4_conv_small.e2400_r224_in1k,fp16,webgpu,"horse cart, horse-cart",0.045,2,,,,,,,,,480,640,71
1788566665244,40.02377929,-83.02107083,21.068515952541777,1788566661620,onnx-community/mobilenetv4_conv_small.e2400_r224_in1k,fp16,webgpu,"worm fence, snake fence, snake-rail fence, Virginia fence",0.026,3,,,,,,,,,480,640,71
1788566666027,40.02377929,-83.02107083,21.068515952541777,1788566661620,onnx-community/mobilenetv4_conv_small.e2400_r224_in1k,fp16,webgpu,"oxcart",0.052,1,,,,,,,,,480,640,70
1788566666027,40.02377929,-83.02107083,21.068515952541777,1788566661620,onnx-community/mobilenetv4_conv_small.e2400_r224_in1k,fp16,webgpu,"horse cart, horse-cart",0.044,2,,,,,,,,,480,640,70
1788566666027,40.02377929,-83.02107083,21.068515952541777,1788566661620,onnx-community/mobilenetv4_conv_small.e2400_r224_in1k,fp16,webgpu,"park bench",0.036,3,,,,,,,,,480,640,70
1788566666817,40.02377929,-83.02107083,21.068515952541777,1788566661620,onnx-community/mobilenetv4_conv_small.e2400_r224_in1k,fp16,webgpu,"oxcart",0.123,1,,,,,,,,,480,640,77
1788566666817,40.02377929,-83.02107083,21.068515952541777,1788566661620,onnx-community/mobilenetv4_conv_small.e2400_r224_in1k,fp16,webgpu,"jeep, landrover",0.028,2,,,,,,,,,480,640,77
1788566666817,40.02377929,-83.02107083,21.068515952541777,1788566661620,onnx-community/mobilenetv4_conv_small.e2400_r224_in1k,fp16,webgpu,"diamondback, diamondback rattlesnake, Crotalus adamanteus",0.024,3,,,,,,,,,480,640,77
1788566667586,40.02377929,-83.02107083,21.068515952541777,1788566661620,onnx-community/mobilenetv4_conv_small.e2400_r224_in1k,fp16,webgpu,"oxcart",0.086,1,,,,,,,,,480,640,62.99999999994179
1788566667586,40.02377929,-83.02107083,21.068515952541777,1788566661620,onnx-community/mobilenetv4_conv_small.e2400_r224_in1k,fp16,webgpu,"park bench",0.042,2,,,,,,,,,480,640,62.99999999994179
1788566667586,40.02377929,-83.02107083,21.068515952541777,1788566661620,onnx-community/mobilenetv4_conv_small.e2400_r224_in1k,fp16,webgpu,"unicycle, monocycle",0.041,3,,,,,,,,,480,640,62.99999999994179
1788566668352,40.02379485,-83.02105491,20.78902446408503,1788566665194,onnx-community/mobilenetv4_conv_small.e2400_r224_in1k,fp16,webgpu,"park bench",0.048,1,,,,,,,,,480,640,60.99999999994179
1788566668352,40.02379485,-83.02105491,20.78902446408503,1788566665194,onnx-community/mobilenetv4_conv_small.e2400_r224_in1k,fp16,webgpu,"oxcart",0.037,2,,,,,,,,,480,640,60.99999999994179
1788566668352,40.02379485,-83.02105491,20.78902446408503,1788566665194,onnx-community/mobilenetv4_conv_small.e2400_r224_in1k,fp16,webgpu,"horse cart, horse-cart",0.026,3,,,,,,,,,480,640,60.99999999994179
1788566669132,40.02379485,-83.02105491,20.78902446408503,1788566665194,onnx-community/mobilenetv4_conv_small.e2400_r224_in1k,fp16,webgpu,"oxcart",0.118,1,,,,,,,,,480,640,63
1788566669132,40.02379485,-83.02105491,20.78902446408503,1788566665194,onnx-community/mobilenetv4_conv_small.e2400_r224_in1k,fp16,webgpu,"sandbar, sand bar",0.037,2,,,,,,,,,480,640,63
1788566669132,40.02379485,-83.02105491,20.78902446408503,1788566665194,onnx-community/mobilenetv4_conv_small.e2400_r224_in1k,fp16,webgpu,"unicycle, monocycle",0.034,3,,,,,,,,,480,640,63
1788566669900,40.02379485,-83.02105491,20.78902446408503,1788566665194,onnx-community/mobilenetv4_conv_small.e2400_r224_in1k,fp16,webgpu,"oxcart",0.182,1,,,,,,,,,480,640,63
1788566669900,40.02379485,-83.02105491,20.78902446408503,1788566665194,onnx-community/mobilenetv4_conv_small.e2400_r224_in1k,fp16,webgpu,"horse cart, horse-cart",0.037,2,,,,,,,,,480,640,63
1788566669900,40.02379485,-83.02105491,20.78902446408503,1788566665194,onnx-community/mobilenetv4_conv_small.e2400_r224_in1k,fp16,webgpu,"mountain bike, all-terrain bike, off-roader",0.036,3,,,,,,,,,480,640,63
1788566670677,40.02379661,-83.02105077,22.115879848257485,1788566667624,onnx-community/mobilenetv4_conv_small.e2400_r224_in1k,fp16,webgpu,"oxcart",0.220,1,,,,,,,,,480,640,73.00000000005821
1788566670677,40.02379661,-83.02105077,22.115879848257485,1788566667624,onnx-community/mobilenetv4_conv_small.e2400_r224_in1k,fp16,webgpu,"horse cart, horse-cart",0.039,2,,,,,,,,,480,640,73.00000000005821
1788566670677,40.02379661,-83.02105077,22.115879848257485,1788566667624,onnx-community/mobilenetv4_conv_small.e2400_r224_in1k,fp16,webgpu,"sandbar, sand bar",0.037,3,,,,,,,,,480,640,73.00000000005821
1788566671459,40.02379661,-83.02105077,22.115879848257485,1788566667624,onnx-community/mobilenetv4_conv_small.e2400_r224_in1k,fp16,webgpu,"oxcart",0.111,1,,,,,,,,,480,640,72.99999999994179
1788566671459,40.02379661,-83.02105077,22.115879848257485,1788566667624,onnx-community/mobilenetv4_conv_small.e2400_r224_in1k,fp16,webgpu,"sandbar, sand bar",0.044,2,,,,,,,,,480,640,72.99999999994179
1788566671459,40.02379661,-83.02105077,22.115879848257485,1788566667624,onnx-community/mobilenetv4_conv_small.e2400_r224_in1k,fp16,webgpu,"unicycle, monocycle",0.035,3,,,,,,,,,480,640,72.99999999994179
1788566672240,40.02379661,-83.02105077,22.115879848257485,1788566667624,onnx-community/mobilenetv4_conv_small.e2400_r224_in1k,fp16,webgpu,"oxcart",0.218,1,,,,,,,,,480,640,70
1788566672240,40.02379661,-83.02105077,22.115879848257485,1788566667624,onnx-community/mobilenetv4_conv_small.e2400_r224_in1k,fp16,webgpu,"horse cart, horse-cart",0.046,2,,,,,,,,,480,640,70
1788566672240,40.02379661,-83.02105077,22.115879848257485,1788566667624,onnx-community/mobilenetv4_conv_small.e2400_r224_in1k,fp16,webgpu,"seashore, coast, seacoast, sea-coast",0.044,3,,,,,,,,,480,640,70
1788566673025,40.02379661,-83.02105077,22.115879848257485,1788566667624,onnx-community/mobilenetv4_conv_small.e2400_r224_in1k,fp16,webgpu,"oxcart",0.075,1,,,,,,,,,480,640,72
1788566673025,40.02379661,-83.02105077,22.115879848257485,1788566667624,onnx-community/mobilenetv4_conv_small.e2400_r224_in1k,fp16,webgpu,"horse cart, horse-cart",0.061,2,,,,,,,,,480,640,72
1788566673025,40.02379661,-83.02105077,22.115879848257485,1788566667624,onnx-community/mobilenetv4_conv_small.e2400_r224_in1k,fp16,webgpu,"unicycle, monocycle",0.029,3,,,,,,,,,480,640,72
1788566673789,40.02376256,-83.02097455,20.19049110515141,1788566671197,onnx-community/mobilenetv4_conv_small.e2400_r224_in1k,fp16,webgpu,"oxcart",0.192,1,,,,,,,,,480,640,58
1788566673789,40.02376256,-83.02097455,20.19049110515141,1788566671197,onnx-community/mobilenetv4_conv_small.e2400_r224_in1k,fp16,webgpu,"horse cart, horse-cart",0.049,2,,,,,,,,,480,640,58
1788566673789,40.02376256,-83.02097455,20.19049110515141,1788566671197,onnx-community/mobilenetv4_conv_small.e2400_r224_in1k,fp16,webgpu,"unicycle, monocycle",0.020,3,,,,,,,,,480,640,58
1788566674566,40.02376256,-83.02097455,20.19049110515141,1788566671197,onnx-community/mobilenetv4_conv_small.e2400_r224_in1k,fp16,webgpu,"oxcart",0.107,1,,,,,,,,,480,640,68
1788566674566,40.02376256,-83.02097455,20.19049110515141,1788566671197,onnx-community/mobilenetv4_conv_small.e2400_r224_in1k,fp16,webgpu,"horse cart, horse-cart",0.041,2,,,,,,,,,480,640,68
1788566674566,40.02376256,-83.02097455,20.19049110515141,1788566671197,onnx-community/mobilenetv4_conv_small.e2400_r224_in1k,fp16,webgpu,"moped",0.025,3,,,,,,,,,480,640,68
1788566675351,40.02376256,-83.02097455,20.19049110515141,1788566671197,onnx-community/mobilenetv4_conv_small.e2400_r224_in1k,fp16,webgpu,"oxcart",0.067,1,,,,,,,,,480,640,68.00000000005821
1788566675351,40.02376256,-83.02097455,20.19049110515141,1788566671197,onnx-community/mobilenetv4_conv_small.e2400_r224_in1k,fp16,webgpu,"chainlink fence",0.036,2,,,,,,,,,480,640,68.00000000005821
1788566675351,40.02376256,-83.02097455,20.19049110515141,1788566671197,onnx-community/mobilenetv4_conv_small.e2400_r224_in1k,fp16,webgpu,"valley, vale",0.027,3,,,,,,,,,480,640,68.00000000005821
1788566676137,40.02376256,-83.02097455,20.19049110515141,1788566671197,onnx-community/mobilenetv4_conv_small.e2400_r224_in1k,fp16,webgpu,"valley, vale",0.078,1,,,,,,,,,480,640,70.00000000005821
1788566676137,40.02376256,-83.02097455,20.19049110515141,1788566671197,onnx-community/mobilenetv4_conv_small.e2400_r224_in1k,fp16,webgpu,"oxcart",0.064,2,,,,,,,,,480,640,70.00000000005821
1788566676137,40.02376256,-83.02097455,20.19049110515141,1788566671197,onnx-community/mobilenetv4_conv_small.e2400_r224_in1k,fp16,webgpu,"volcano",0.045,3,,,,,,,,,480,640,70.00000000005821
1788566676921,40.02373851,-83.02092991,21.647267988029206,1788566673673,onnx-community/mobilenetv4_conv_small.e2400_r224_in1k,fp16,webgpu,"volcano",0.133,1,,,,,,,,,480,640,71
1788566676921,40.02373851,-83.02092991,21.647267988029206,1788566673673,onnx-community/mobilenetv4_conv_small.e2400_r224_in1k,fp16,webgpu,"oxcart",0.086,2,,,,,,,,,480,640,71
1788566676921,40.02373851,-83.02092991,21.647267988029206,1788566673673,onnx-community/mobilenetv4_conv_small.e2400_r224_in1k,fp16,webgpu,"yurt",0.054,3,,,,,,,,,480,640,71
1788566677688,40.02373851,-83.02092991,21.647267988029206,1788566673673,onnx-community/mobilenetv4_conv_small.e2400_r224_in1k,fp16,webgpu,"oxcart",0.058,1,,,,,,,,,480,640,61
1788566677688,40.02373851,-83.02092991,21.647267988029206,1788566673673,onnx-community/mobilenetv4_conv_small.e2400_r224_in1k,fp16,webgpu,"valley, vale",0.024,2,,,,,,,,,480,640,61
1788566677688,40.02373851,-83.02092991,21.647267988029206,1788566673673,onnx-community/mobilenetv4_conv_small.e2400_r224_in1k,fp16,webgpu,"yurt",0.023,3,,,,,,,,,480,640,61
1788566678464,40.02373851,-83.02092991,21.647267988029206,1788566673673,onnx-community/mobilenetv4_conv_small.e2400_r224_in1k,fp16,webgpu,"West Highland white terrier",0.043,1,,,,,,,,,480,640,69.00000000005821
1788566678464,40.02373851,-83.02092991,21.647267988029206,1788566673673,onnx-community/mobilenetv4_conv_small.e2400_r224_in1k,fp16,webgpu,"mountain bike, all-terrain bike, off-roader",0.034,2,,,,,,,,,480,640,69.00000000005821
1788566678464,40.02373851,-83.02092991,21.647267988029206,1788566673673,onnx-community/mobilenetv4_conv_small.e2400_r224_in1k,fp16,webgpu,"oxcart",0.027,3,,,,,,,,,480,640,69.00000000005821
1788566679249,40.02373851,-83.02092991,21.647267988029206,1788566673673,onnx-community/mobilenetv4_conv_small.e2400_r224_in1k,fp16,webgpu,"valley, vale",0.075,1,,,,,,,,,480,640,63.99999999994179
1788566679249,40.02373851,-83.02092991,21.647267988029206,1788566673673,onnx-community/mobilenetv4_conv_small.e2400_r224_in1k,fp16,webgpu,"lakeside, lakeshore",0.030,2,,,,,,,,,480,640,63.99999999994179
1788566679249,40.02373851,-83.02092991,21.647267988029206,1788566673673,onnx-community/mobilenetv4_conv_small.e2400_r224_in1k,fp16,webgpu,"West Highland white terrier",0.023,3,,,,,,,,,480,640,63.99999999994179
1788566680031,40.02363016,-83.02078255,19.64769191255605,1788566676677,onnx-community/mobilenetv4_conv_small.e2400_r224_in1k,fp16,webgpu,"picket fence, paling",0.050,1,,,,,,,,,480,640,69
1788566680031,40.02363016,-83.02078255,19.64769191255605,1788566676677,onnx-community/mobilenetv4_conv_small.e2400_r224_in1k,fp16,webgpu,"motor scooter, scooter",0.036,2,,,,,,,,,480,640,69
1788566680031,40.02363016,-83.02078255,19.64769191255605,1788566676677,onnx-community/mobilenetv4_conv_small.e2400_r224_in1k,fp16,webgpu,"oxcart",0.032,3,,,,,,,,,480,640,69
1788566680815,40.02363016,-83.02078255,19.64769191255605,1788566676677,onnx-community/mobilenetv4_conv_small.e2400_r224_in1k,fp16,webgpu,"yurt",0.022,1,,,,,,,,,480,640,70.00000000005821
1788566680815,40.02363016,-83.02078255,19.64769191255605,1788566676677,onnx-community/mobilenetv4_conv_small.e2400_r224_in1k,fp16,webgpu,"suspension bridge",0.018,2,,,,,,,,,480,640,70.00000000005821
1788566680815,40.02363016,-83.02078255,19.64769191255605,1788566676677,onnx-community/mobilenetv4_conv_small.e2400_r224_in1k,fp16,webgpu,"tub, vat",0.018,3,,,,,,,,,480,640,70.00000000005821
1788566681591,40.02363016,-83.02078255,19.64769191255605,1788566676677,onnx-community/mobilenetv4_conv_small.e2400_r224_in1k,fp16,webgpu,"patio, terrace",0.033,1,,,,,,,,,480,640,66.99999999994179
1788566681591,40.02363016,-83.02078255,19.64769191255605,1788566676677,onnx-community/mobilenetv4_conv_small.e2400_r224_in1k,fp16,webgpu,"lakeside, lakeshore",0.028,2,,,,,,,,,480,640,66.99999999994179
1788566681591,40.02363016,-83.02078255,19.64769191255605,1788566676677,onnx-community/mobilenetv4_conv_small.e2400_r224_in1k,fp16,webgpu,"park bench",0.027,3,,,,,,,,,480,640,66.99999999994179
1788566682377,40.02363016,-83.02078255,19.64769191255605,1788566676677,onnx-community/mobilenetv4_conv_small.e2400_r224_in1k,fp16,webgpu,"lakeside, lakeshore",0.029,1,,,,,,,,,480,640,69
1788566682377,40.02363016,-83.02078255,19.64769191255605,1788566676677,onnx-community/mobilenetv4_conv_small.e2400_r224_in1k,fp16,webgpu,"lawn mower, mower",0.026,2,,,,,,,,,480,640,69
1788566682377,40.02363016,-83.02078255,19.64769191255605,1788566676677,onnx-community/mobilenetv4_conv_small.e2400_r224_in1k,fp16,webgpu,"jeep, landrover",0.024,3,,,,,,,,,480,640,69
1788566683166,40.02358712,-83.02073597,18.249767239742656,1788566681010,onnx-community/mobilenetv4_conv_small.e2400_r224_in1k,fp16,webgpu,"unicycle, monocycle",0.046,1,,,,,,,,,480,640,74.00000000005821
1788566683166,40.02358712,-83.02073597,18.249767239742656,1788566681010,onnx-community/mobilenetv4_conv_small.e2400_r224_in1k,fp16,webgpu,"mountain bike, all-terrain bike, off-roader",0.039,2,,,,,,,,,480,640,74.00000000005821
1788566683166,40.02358712,-83.02073597,18.249767239742656,1788566681010,onnx-community/mobilenetv4_conv_small.e2400_r224_in1k,fp16,webgpu,"picket fence, paling",0.022,3,,,,,,,,,480,640,74.00000000005821
1788566683928,40.02358712,-83.02073597,18.249767239742656,1788566681010,onnx-community/mobilenetv4_conv_small.e2400_r224_in1k,fp16,webgpu,"unicycle, monocycle",0.038,1,,,,,,,,,480,640,54.00000000005821
1788566683928,40.02358712,-83.02073597,18.249767239742656,1788566681010,onnx-community/mobilenetv4_conv_small.e2400_r224_in1k,fp16,webgpu,"park bench",0.033,2,,,,,,,,,480,640,54.00000000005821
1788566683928,40.02358712,-83.02073597,18.249767239742656,1788566681010,onnx-community/mobilenetv4_conv_small.e2400_r224_in1k,fp16,webgpu,"greenhouse, nursery, glasshouse",0.031,3,,,,,,,,,480,640,54.00000000005821
1788566684693,40.02358712,-83.02073597,18.249767239742656,1788566681010,onnx-community/mobilenetv4_conv_small.e2400_r224_in1k,fp16,webgpu,"oxcart",0.088,1,,,,,,,,,480,640,53
1788566684693,40.02358712,-83.02073597,18.249767239742656,1788566681010,onnx-community/mobilenetv4_conv_small.e2400_r224_in1k,fp16,webgpu,"thatch, thatched roof",0.046,2,,,,,,,,,480,640,53
1788566684693,40.02358712,-83.02073597,18.249767239742656,1788566681010,onnx-community/mobilenetv4_conv_small.e2400_r224_in1k,fp16,webgpu,"unicycle, monocycle",0.044,3,,,,,,,,,480,640,53
1788566685467,40.02358712,-83.02073597,18.249767239742656,1788566681010,onnx-community/mobilenetv4_conv_small.e2400_r224_in1k,fp16,webgpu,"oxcart",0.100,1,,,,,,,,,480,640,62.99999999994179
1788566685467,40.02358712,-83.02073597,18.249767239742656,1788566681010,onnx-community/mobilenetv4_conv_small.e2400_r224_in1k,fp16,webgpu,"park bench",0.035,2,,,,,,,,,480,640,62.99999999994179
1788566685467,40.02358712,-83.02073597,18.249767239742656,1788566681010,onnx-community/mobilenetv4_conv_small.e2400_r224_in1k,fp16,webgpu,"horse cart, horse-cart",0.026,3,,,,,,,,,480,640,62.99999999994179
1788566686254,40.02358476,-83.02073022,18.47568117427054,1788566682685,onnx-community/mobilenetv4_conv_small.e2400_r224_in1k,fp16,webgpu,"oxcart",0.100,1,,,,,,,,,480,640,68.99999999994179
1788566686254,40.02358476,-83.02073022,18.47568117427054,1788566682685,onnx-community/mobilenetv4_conv_small.e2400_r224_in1k,fp16,webgpu,"suspension bridge",0.054,2,,,,,,,,,480,640,68.99999999994179
1788566686254,40.02358476,-83.02073022,18.47568117427054,1788566682685,onnx-community/mobilenetv4_conv_small.e2400_r224_in1k,fp16,webgpu,"horse cart, horse-cart",0.028,3,,,,,,,,,480,640,68.99999999994179
1788566687034,40.02358476,-83.02073022,18.47568117427054,1788566682685,onnx-community/mobilenetv4_conv_small.e2400_r224_in1k,fp16,webgpu,"oxcart",0.078,1,,,,,,,,,480,640,64
1788566687034,40.02358476,-83.02073022,18.47568117427054,1788566682685,onnx-community/mobilenetv4_conv_small.e2400_r224_in1k,fp16,webgpu,"suspension bridge",0.049,2,,,,,,,,,480,640,64
1788566687034,40.02358476,-83.02073022,18.47568117427054,1788566682685,onnx-community/mobilenetv4_conv_small.e2400_r224_in1k,fp16,webgpu,"streetcar, tram, tramcar, trolley, trolley car",0.036,3,,,,,,,,,480,640,64
1788566687822,40.02358476,-83.02073022,18.47568117427054,1788566682685,onnx-community/mobilenetv4_conv_small.e2400_r224_in1k,fp16,webgpu,"oxcart",0.113,1,,,,,,,,,480,640,69.00000000005821
1788566687822,40.02358476,-83.02073022,18.47568117427054,1788566682685,onnx-community/mobilenetv4_conv_small.e2400_r224_in1k,fp16,webgpu,"horse cart, horse-cart",0.076,2,,,,,,,,,480,640,69.00000000005821
1788566687822,40.02358476,-83.02073022,18.47568117427054,1788566682685,onnx-community/mobilenetv4_conv_small.e2400_r224_in1k,fp16,webgpu,"unicycle, monocycle",0.043,3,,,,,,,,,480,640,69.00000000005821
1788566688604,40.02358476,-83.02073022,18.47568117427054,1788566682685,onnx-community/mobilenetv4_conv_small.e2400_r224_in1k,fp16,webgpu,"valley, vale",0.078,1,,,,,,,,,480,640,67
1788566688604,40.02358476,-83.02073022,18.47568117427054,1788566682685,onnx-community/mobilenetv4_conv_small.e2400_r224_in1k,fp16,webgpu,"suspension bridge",0.074,2,,,,,,,,,480,640,67
1788566688604,40.02358476,-83.02073022,18.47568117427054,1788566682685,onnx-community/mobilenetv4_conv_small.e2400_r224_in1k,fp16,webgpu,"oxcart",0.073,3,,,,,,,,,480,640,67
1788566689386,40.02357776,-83.02072210,18.930084074018726,1788566686180,onnx-community/mobilenetv4_conv_small.e2400_r224_in1k,fp16,webgpu,"oxcart",0.130,1,,,,,,,,,480,640,70
1788566689386,40.02357776,-83.02072210,18.930084074018726,1788566686180,onnx-community/mobilenetv4_conv_small.e2400_r224_in1k,fp16,webgpu,"horse cart, horse-cart",0.088,2,,,,,,,,,480,640,70
1788566689386,40.02357776,-83.02072210,18.930084074018726,1788566686180,onnx-community/mobilenetv4_conv_small.e2400_r224_in1k,fp16,webgpu,"valley, vale",0.040,3,,,,,,,,,480,640,70
1788566690167,40.02357776,-83.02072210,18.930084074018726,1788566686180,onnx-community/mobilenetv4_conv_small.e2400_r224_in1k,fp16,webgpu,"oxcart",0.109,1,,,,,,,,,480,640,68
1788566690167,40.02357776,-83.02072210,18.930084074018726,1788566686180,onnx-community/mobilenetv4_conv_small.e2400_r224_in1k,fp16,webgpu,"horse cart, horse-cart",0.074,2,,,,,,,,,480,640,68
1788566690167,40.02357776,-83.02072210,18.930084074018726,1788566686180,onnx-community/mobilenetv4_conv_small.e2400_r224_in1k,fp16,webgpu,"jeep, landrover",0.036,3,,,,,,,,,480,640,68
1788566690952,40.02357776,-83.02072210,18.930084074018726,1788566686180,onnx-community/mobilenetv4_conv_small.e2400_r224_in1k,fp16,webgpu,"horse cart, horse-cart",0.060,1,,,,,,,,,480,640,70.00000000005821
1788566690952,40.02357776,-83.02072210,18.930084074018726,1788566686180,onnx-community/mobilenetv4_conv_small.e2400_r224_in1k,fp16,webgpu,"unicycle, monocycle",0.054,2,,,,,,,,,480,640,70.00000000005821
1788566690952,40.02357776,-83.02072210,18.930084074018726,1788566686180,onnx-community/mobilenetv4_conv_small.e2400_r224_in1k,fp16,webgpu,"mountain bike, all-terrain bike, off-roader",0.038,3,,,,,,,,,480,640,70.00000000005821
1788566691738,40.02357779,-83.02071906,21.046020472389195,1788566688691,onnx-community/mobilenetv4_conv_small.e2400_r224_in1k,fp16,webgpu,"oxcart",0.071,1,,,,,,,,,480,640,72
1788566691738,40.02357779,-83.02071906,21.046020472389195,1788566688691,onnx-community/mobilenetv4_conv_small.e2400_r224_in1k,fp16,webgpu,"chainlink fence",0.048,2,,,,,,,,,480,640,72
1788566691738,40.02357779,-83.02071906,21.046020472389195,1788566688691,onnx-community/mobilenetv4_conv_small.e2400_r224_in1k,fp16,webgpu,"horse cart, horse-cart",0.042,3,,,,,,,,,480,640,72
1788566692516,40.02357779,-83.02071906,21.046020472389195,1788566688691,onnx-community/mobilenetv4_conv_small.e2400_r224_in1k,fp16,webgpu,"oxcart",0.197,1,,,,,,,,,480,640,67
1788566692516,40.02357779,-83.02071906,21.046020472389195,1788566688691,onnx-community/mobilenetv4_conv_small.e2400_r224_in1k,fp16,webgpu,"horse cart, horse-cart",0.063,2,,,,,,,,,480,640,67
1788566692516,40.02357779,-83.02071906,21.046020472389195,1788566688691,onnx-community/mobilenetv4_conv_small.e2400_r224_in1k,fp16,webgpu,"valley, vale",0.047,3,,,,,,,,,480,640,67
1788566693297,40.02357779,-83.02071906,21.046020472389195,1788566688691,onnx-community/mobilenetv4_conv_small.e2400_r224_in1k,fp16,webgpu,"oxcart",0.084,1,,,,,,,,,480,640,70.00000000005821
1788566693297,40.02357779,-83.02071906,21.046020472389195,1788566688691,onnx-community/mobilenetv4_conv_small.e2400_r224_in1k,fp16,webgpu,"valley, vale",0.081,2,,,,,,,,,480,640,70.00000000005821
1788566693297,40.02357779,-83.02071906,21.046020472389195,1788566688691,onnx-community/mobilenetv4_conv_small.e2400_r224_in1k,fp16,webgpu,"horse cart, horse-cart",0.045,3,,,,,,,,,480,640,70.00000000005821
1788566694083,40.02357779,-83.02071906,21.046020472389195,1788566688691,onnx-community/mobilenetv4_conv_small.e2400_r224_in1k,fp16,webgpu,"mountain bike, all-terrain bike, off-roader",0.241,1,,,,,,,,,480,640,72
1788566694083,40.02357779,-83.02071906,21.046020472389195,1788566688691,onnx-community/mobilenetv4_conv_small.e2400_r224_in1k,fp16,webgpu,"unicycle, monocycle",0.066,2,,,,,,,,,480,640,72
1788566694083,40.02357779,-83.02071906,21.046020472389195,1788566688691,onnx-community/mobilenetv4_conv_small.e2400_r224_in1k,fp16,webgpu,"bicycle-built-for-two, tandem bicycle, tandem",0.041,3,,,,,,,,,480,640,72
1788566694861,40.02353331,-83.02065302,20.787405258235626,1788566692311,onnx-community/mobilenetv4_conv_small.e2400_r224_in1k,fp16,webgpu,"mountain bike, all-terrain bike, off-roader",0.095,1,,,,,,,,,480,640,68
1788566694861,40.02353331,-83.02065302,20.787405258235626,1788566692311,onnx-community/mobilenetv4_conv_small.e2400_r224_in1k,fp16,webgpu,"unicycle, monocycle",0.064,2,,,,,,,,,480,640,68
1788566694861,40.02353331,-83.02065302,20.787405258235626,1788566692311,onnx-community/mobilenetv4_conv_small.e2400_r224_in1k,fp16,webgpu,"horse cart, horse-cart",0.036,3,,,,,,,,,480,640,68
1788566695649,40.02353331,-83.02065302,20.787405258235626,1788566692311,onnx-community/mobilenetv4_conv_small.e2400_r224_in1k,fp16,webgpu,"park bench",0.067,1,,,,,,,,,480,640,71.00000000005821
1788566695649,40.02353331,-83.02065302,20.787405258235626,1788566692311,onnx-community/mobilenetv4_conv_small.e2400_r224_in1k,fp16,webgpu,"suspension bridge",0.056,2,,,,,,,,,480,640,71.00000000005821
1788566695649,40.02353331,-83.02065302,20.787405258235626,1788566692311,onnx-community/mobilenetv4_conv_small.e2400_r224_in1k,fp16,webgpu,"oxcart",0.036,3,,,,,,,,,480,640,71.00000000005821
1788566696431,40.02353331,-83.02065302,20.787405258235626,1788566692311,onnx-community/mobilenetv4_conv_small.e2400_r224_in1k,fp16,webgpu,"horse cart, horse-cart",0.056,1,,,,,,,,,480,640,69
1788566696431,40.02353331,-83.02065302,20.787405258235626,1788566692311,onnx-community/mobilenetv4_conv_small.e2400_r224_in1k,fp16,webgpu,"unicycle, monocycle",0.041,2,,,,,,,,,480,640,69
1788566696431,40.02353331,-83.02065302,20.787405258235626,1788566692311,onnx-community/mobilenetv4_conv_small.e2400_r224_in1k,fp16,webgpu,"suspension bridge",0.033,3,,,,,,,,,480,640,69
1788566697216,40.02353331,-83.02065302,20.787405258235626,1788566692311,onnx-community/mobilenetv4_conv_small.e2400_r224_in1k,fp16,webgpu,"valley, vale",0.044,1,,,,,,,,,480,640,75
1788566697216,40.02353331,-83.02065302,20.787405258235626,1788566692311,onnx-community/mobilenetv4_conv_small.e2400_r224_in1k,fp16,webgpu,"oxcart",0.040,2,,,,,,,,,480,640,75
1788566697216,40.02353331,-83.02065302,20.787405258235626,1788566692311,onnx-community/mobilenetv4_conv_small.e2400_r224_in1k,fp16,webgpu,"horse cart, horse-cart",0.039,3,,,,,,,,,480,640,75
1788566697991,40.02352538,-83.02064429,22.318314156070098,1788566694735,onnx-community/mobilenetv4_conv_small.e2400_r224_in1k,fp16,webgpu,"oxcart",0.043,1,,,,,,,,,480,640,66
1788566697991,40.02352538,-83.02064429,22.318314156070098,1788566694735,onnx-community/mobilenetv4_conv_small.e2400_r224_in1k,fp16,webgpu,"jeep, landrover",0.041,2,,,,,,,,,480,640,66
1788566697991,40.02352538,-83.02064429,22.318314156070098,1788566694735,onnx-community/mobilenetv4_conv_small.e2400_r224_in1k,fp16,webgpu,"park bench",0.035,3,,,,,,,,,480,640,66
1788566698770,40.02352538,-83.02064429,22.318314156070098,1788566694735,onnx-community/mobilenetv4_conv_small.e2400_r224_in1k,fp16,webgpu,"pot, flowerpot",0.052,1,,,,,,,,,480,640,62
1788566698770,40.02352538,-83.02064429,22.318314156070098,1788566694735,onnx-community/mobilenetv4_conv_small.e2400_r224_in1k,fp16,webgpu,"greenhouse, nursery, glasshouse",0.037,2,,,,,,,,,480,640,62
1788566698770,40.02352538,-83.02064429,22.318314156070098,1788566694735,onnx-community/mobilenetv4_conv_small.e2400_r224_in1k,fp16,webgpu,"oxcart",0.028,3,,,,,,,,,480,640,62
1788566699547,40.02352538,-83.02064429,22.318314156070098,1788566694735,onnx-community/mobilenetv4_conv_small.e2400_r224_in1k,fp16,webgpu,"West Highland white terrier",0.035,1,,,,,,,,,480,640,73
1788566699547,40.02352538,-83.02064429,22.318314156070098,1788566694735,onnx-community/mobilenetv4_conv_small.e2400_r224_in1k,fp16,webgpu,"Siberian husky",0.035,2,,,,,,,,,480,640,73
1788566699547,40.02352538,-83.02064429,22.318314156070098,1788566694735,onnx-community/mobilenetv4_conv_small.e2400_r224_in1k,fp16,webgpu,"park bench",0.035,3,,,,,,,,,480,640,73
1788566700328,40.02352538,-83.02064429,22.318314156070098,1788566694735,onnx-community/mobilenetv4_conv_small.e2400_r224_in1k,fp16,webgpu,"lakeside, lakeshore",0.045,1,,,,,,,,,480,640,69
1788566700328,40.02352538,-83.02064429,22.318314156070098,1788566694735,onnx-community/mobilenetv4_conv_small.e2400_r224_in1k,fp16,webgpu,"oxcart",0.034,2,,,,,,,,,480,640,69
1788566700328,40.02352538,-83.02064429,22.318314156070098,1788566694735,onnx-community/mobilenetv4_conv_small.e2400_r224_in1k,fp16,webgpu,"valley, vale",0.034,3,,,,,,,,,480,640,69
1788566701108,40.02353654,-83.02067597,20.236685231580473,1788566698311,onnx-community/mobilenetv4_conv_small.e2400_r224_in1k,fp16,webgpu,"soft-coated wheaten terrier",0.044,1,,,,,,,,,480,640,74.00000000005821
1788566701108,40.02353654,-83.02067597,20.236685231580473,1788566698311,onnx-community/mobilenetv4_conv_small.e2400_r224_in1k,fp16,webgpu,"West Highland white terrier",0.028,2,,,,,,,,,480,640,74.00000000005821
1788566701108,40.02353654,-83.02067597,20.236685231580473,1788566698311,onnx-community/mobilenetv4_conv_small.e2400_r224_in1k,fp16,webgpu,"oxcart",0.026,3,,,,,,,,,480,640,74.00000000005821
1788566701889,40.02353654,-83.02067597,20.236685231580473,1788566698311,onnx-community/mobilenetv4_conv_small.e2400_r224_in1k,fp16,webgpu,"lakeside, lakeshore",0.073,1,,,,,,,,,480,640,69
1788566701889,40.02353654,-83.02067597,20.236685231580473,1788566698311,onnx-community/mobilenetv4_conv_small.e2400_r224_in1k,fp16,webgpu,"soft-coated wheaten terrier",0.056,2,,,,,,,,,480,640,69
1788566701889,40.02353654,-83.02067597,20.236685231580473,1788566698311,onnx-community/mobilenetv4_conv_small.e2400_r224_in1k,fp16,webgpu,"park bench",0.049,3,,,,,,,,,480,640,69
1788566702676,40.02353654,-83.02067597,20.236685231580473,1788566698311,onnx-community/mobilenetv4_conv_small.e2400_r224_in1k,fp16,webgpu,"valley, vale",0.072,1,,,,,,,,,480,640,74
1788566702676,40.02353654,-83.02067597,20.236685231580473,1788566698311,onnx-community/mobilenetv4_conv_small.e2400_r224_in1k,fp16,webgpu,"lakeside, lakeshore",0.050,2,,,,,,,,,480,640,74
1788566702676,40.02353654,-83.02067597,20.236685231580473,1788566698311,onnx-community/mobilenetv4_conv_small.e2400_r224_in1k,fp16,webgpu,"park bench",0.034,3,,,,,,,,,480,640,74
1788566703459,40.02353654,-83.02067597,20.236685231580473,1788566698311,onnx-community/mobilenetv4_conv_small.e2400_r224_in1k,fp16,webgpu,"park bench",0.078,1,,,,,,,,,480,640,67
1788566703459,40.02353654,-83.02067597,20.236685231580473,1788566698311,onnx-community/mobilenetv4_conv_small.e2400_r224_in1k,fp16,webgpu,"lakeside, lakeshore",0.074,2,,,,,,,,,480,640,67
1788566703459,40.02353654,-83.02067597,20.236685231580473,1788566698311,onnx-community/mobilenetv4_conv_small.e2400_r224_in1k,fp16,webgpu,"oxcart",0.046,3,,,,,,,,,480,640,67
1788566704241,40.02354112,-83.02068128,21.537786431288442,1788566700742,onnx-community/mobilenetv4_conv_small.e2400_r224_in1k,fp16,webgpu,"mountain bike, all-terrain bike, off-roader",0.083,1,,,,,,,,,480,640,71
1788566704241,40.02354112,-83.02068128,21.537786431288442,1788566700742,onnx-community/mobilenetv4_conv_small.e2400_r224_in1k,fp16,webgpu,"West Highland white terrier",0.063,2,,,,,,,,,480,640,71
1788566704241,40.02354112,-83.02068128,21.537786431288442,1788566700742,onnx-community/mobilenetv4_conv_small.e2400_r224_in1k,fp16,webgpu,"sandbar, sand bar",0.063,3,,,,,,,,,480,640,71
1788566705017,40.02354112,-83.02068128,21.537786431288442,1788566700742,onnx-community/mobilenetv4_conv_small.e2400_r224_in1k,fp16,webgpu,"West Highland white terrier",0.129,1,,,,,,,,,480,640,68.00000000005821
1788566705017,40.02354112,-83.02068128,21.537786431288442,1788566700742,onnx-community/mobilenetv4_conv_small.e2400_r224_in1k,fp16,webgpu,"mountain bike, all-terrain bike, off-roader",0.113,2,,,,,,,,,480,640,68.00000000005821
1788566705017,40.02354112,-83.02068128,21.537786431288442,1788566700742,onnx-community/mobilenetv4_conv_small.e2400_r224_in1k,fp16,webgpu,"jeep, landrover",0.045,3,,,,,,,,,480,640,68.00000000005821
1788566705809,40.02354112,-83.02068128,21.537786431288442,1788566700742,onnx-community/mobilenetv4_conv_small.e2400_r224_in1k,fp16,webgpu,"mountain bike, all-terrain bike, off-roader",0.066,1,,,,,,,,,480,640,77
1788566705809,40.02354112,-83.02068128,21.537786431288442,1788566700742,onnx-community/mobilenetv4_conv_small.e2400_r224_in1k,fp16,webgpu,"valley, vale",0.064,2,,,,,,,,,480,640,77
1788566705809,40.02354112,-83.02068128,21.537786431288442,1788566700742,onnx-community/mobilenetv4_conv_small.e2400_r224_in1k,fp16,webgpu,"lakeside, lakeshore",0.036,3,,,,,,,,,480,640,77
1788566706579,40.02354112,-83.02068128,21.537786431288442,1788566700742,onnx-community/mobilenetv4_conv_small.e2400_r224_in1k,fp16,webgpu,"West Highland white terrier",0.108,1,,,,,,,,,480,640,63
1788566706579,40.02354112,-83.02068128,21.537786431288442,1788566700742,onnx-community/mobilenetv4_conv_small.e2400_r224_in1k,fp16,webgpu,"Siberian husky",0.062,2,,,,,,,,,480,640,63
1788566706579,40.02354112,-83.02068128,21.537786431288442,1788566700742,onnx-community/mobilenetv4_conv_small.e2400_r224_in1k,fp16,webgpu,"jeep, landrover",0.057,3,,,,,,,,,480,640,63
1788566707350,40.02348847,-83.02057127,21.857484027507155,1788566704465,onnx-community/mobilenetv4_conv_small.e2400_r224_in1k,fp16,webgpu,"oxcart",0.063,1,,,,,,,,,480,640,68
1788566707350,40.02348847,-83.02057127,21.857484027507155,1788566704465,onnx-community/mobilenetv4_conv_small.e2400_r224_in1k,fp16,webgpu,"West Highland white terrier",0.038,2,,,,,,,,,480,640,68
1788566707350,40.02348847,-83.02057127,21.857484027507155,1788566704465,onnx-community/mobilenetv4_conv_small.e2400_r224_in1k,fp16,webgpu,"jeep, landrover",0.031,3,,,,,,,,,480,640,68
1788566708135,40.02348847,-83.02057127,21.857484027507155,1788566704465,onnx-community/mobilenetv4_conv_small.e2400_r224_in1k,fp16,webgpu,"park bench",0.102,1,,,,,,,,,480,640,69
1788566708135,40.02348847,-83.02057127,21.857484027507155,1788566704465,onnx-community/mobilenetv4_conv_small.e2400_r224_in1k,fp16,webgpu,"lakeside, lakeshore",0.093,2,,,,,,,,,480,640,69
1788566708135,40.02348847,-83.02057127,21.857484027507155,1788566704465,onnx-community/mobilenetv4_conv_small.e2400_r224_in1k,fp16,webgpu,"mountain bike, all-terrain bike, off-roader",0.039,3,,,,,,,,,480,640,69
1788566708915,40.02348847,-83.02057127,21.857484027507155,1788566704465,onnx-community/mobilenetv4_conv_small.e2400_r224_in1k,fp16,webgpu,"mountain bike, all-terrain bike, off-roader",0.200,1,,,,,,,,,480,640,70
1788566708915,40.02348847,-83.02057127,21.857484027507155,1788566704465,onnx-community/mobilenetv4_conv_small.e2400_r224_in1k,fp16,webgpu,"swing",0.060,2,,,,,,,,,480,640,70
1788566708915,40.02348847,-83.02057127,21.857484027507155,1788566704465,onnx-community/mobilenetv4_conv_small.e2400_r224_in1k,fp16,webgpu,"bicycle-built-for-two, tandem bicycle, tandem",0.047,3,,,,,,,,,480,640,70
1788566709698,40.02348847,-83.02057127,21.857484027507155,1788566704465,onnx-community/mobilenetv4_conv_small.e2400_r224_in1k,fp16,webgpu,"unicycle, monocycle",0.068,1,,,,,,,,,480,640,70
1788566709698,40.02348847,-83.02057127,21.857484027507155,1788566704465,onnx-community/mobilenetv4_conv_small.e2400_r224_in1k,fp16,webgpu,"West Highland white terrier",0.046,2,,,,,,,,,480,640,70
1788566709698,40.02348847,-83.02057127,21.857484027507155,1788566704465,onnx-community/mobilenetv4_conv_small.e2400_r224_in1k,fp16,webgpu,"park bench",0.029,3,,,,,,,,,480,640,70
1788566710480,40.02348325,-83.02055748,23.65282112869276,1788566706750,onnx-community/mobilenetv4_conv_small.e2400_r224_in1k,fp16,webgpu,"lakeside, lakeshore",0.221,1,,,,,,,,,480,640,68.99999999994179
1788566710480,40.02348325,-83.02055748,23.65282112869276,1788566706750,onnx-community/mobilenetv4_conv_small.e2400_r224_in1k,fp16,webgpu,"valley, vale",0.109,2,,,,,,,,,480,640,68.99999999994179
1788566710480,40.02348325,-83.02055748,23.65282112869276,1788566706750,onnx-community/mobilenetv4_conv_small.e2400_r224_in1k,fp16,webgpu,"park bench",0.029,3,,,,,,,,,480,640,68.99999999994179
1788566711264,40.02348325,-83.02055748,23.65282112869276,1788566706750,onnx-community/mobilenetv4_conv_small.e2400_r224_in1k,fp16,webgpu,"valley, vale",0.152,1,,,,,,,,,480,640,69
1788566711264,40.02348325,-83.02055748,23.65282112869276,1788566706750,onnx-community/mobilenetv4_conv_small.e2400_r224_in1k,fp16,webgpu,"lakeside, lakeshore",0.126,2,,,,,,,,,480,640,69
1788566711264,40.02348325,-83.02055748,23.65282112869276,1788566706750,onnx-community/mobilenetv4_conv_small.e2400_r224_in1k,fp16,webgpu,"park bench",0.040,3,,,,,,,,,480,640,69
1788566712052,40.02348325,-83.02055748,23.65282112869276,1788566706750,onnx-community/mobilenetv4_conv_small.e2400_r224_in1k,fp16,webgpu,"lakeside, lakeshore",0.362,1,,,,,,,,,480,640,74
1788566712052,40.02348325,-83.02055748,23.65282112869276,1788566706750,onnx-community/mobilenetv4_conv_small.e2400_r224_in1k,fp16,webgpu,"valley, vale",0.102,2,,,,,,,,,480,640,74
1788566712052,40.02348325,-83.02055748,23.65282112869276,1788566706750,onnx-community/mobilenetv4_conv_small.e2400_r224_in1k,fp16,webgpu,"park bench",0.026,3,,,,,,,,,480,640,74
1788566712817,40.02345102,-83.02049199,22.36544784141183,1788566710308,onnx-community/mobilenetv4_conv_small.e2400_r224_in1k,fp16,webgpu,"oxcart",0.079,1,,,,,,,,,480,640,54
1788566712817,40.02345102,-83.02049199,22.36544784141183,1788566710308,onnx-community/mobilenetv4_conv_small.e2400_r224_in1k,fp16,webgpu,"valley, vale",0.073,2,,,,,,,,,480,640,54
1788566712817,40.02345102,-83.02049199,22.36544784141183,1788566710308,onnx-community/mobilenetv4_conv_small.e2400_r224_in1k,fp16,webgpu,"park bench",0.044,3,,,,,,,,,480,640,54
1788566713588,40.02345102,-83.02049199,22.36544784141183,1788566710308,onnx-community/mobilenetv4_conv_small.e2400_r224_in1k,fp16,webgpu,"lakeside, lakeshore",0.130,1,,,,,,,,,480,640,63.99999999994179
1788566713588,40.02345102,-83.02049199,22.36544784141183,1788566710308,onnx-community/mobilenetv4_conv_small.e2400_r224_in1k,fp16,webgpu,"valley, vale",0.130,2,,,,,,,,,480,640,63.99999999994179
1788566713588,40.02345102,-83.02049199,22.36544784141183,1788566710308,onnx-community/mobilenetv4_conv_small.e2400_r224_in1k,fp16,webgpu,"park bench",0.034,3,,,,,,,,,480,640,63.99999999994179
1788566714371,40.02345102,-83.02049199,22.36544784141183,1788566710308,onnx-community/mobilenetv4_conv_small.e2400_r224_in1k,fp16,webgpu,"lakeside, lakeshore",0.141,1,,,,,,,,,480,640,64
1788566714371,40.02345102,-83.02049199,22.36544784141183,1788566710308,onnx-community/mobilenetv4_conv_small.e2400_r224_in1k,fp16,webgpu,"valley, vale",0.060,2,,,,,,,,,480,640,64
1788566714371,40.02345102,-83.02049199,22.36544784141183,1788566710308,onnx-community/mobilenetv4_conv_small.e2400_r224_in1k,fp16,webgpu,"park bench",0.025,3,,,,,,,,,480,640,64
1788566715163,40.02345102,-83.02049199,22.36544784141183,1788566710308,onnx-community/mobilenetv4_conv_small.e2400_r224_in1k,fp16,webgpu,"lakeside, lakeshore",0.065,1,,,,,,,,,480,640,71
1788566715163,40.02345102,-83.02049199,22.36544784141183,1788566710308,onnx-community/mobilenetv4_conv_small.e2400_r224_in1k,fp16,webgpu,"valley, vale",0.060,2,,,,,,,,,480,640,71
1788566715163,40.02345102,-83.02049199,22.36544784141183,1788566710308,onnx-community/mobilenetv4_conv_small.e2400_r224_in1k,fp16,webgpu,"oxcart",0.055,3,,,,,,,,,480,640,71
1788566715947,40.02344288,-83.02048741,23.68670412418598,1788566712790,onnx-community/mobilenetv4_conv_small.e2400_r224_in1k,fp16,webgpu,"park bench",0.136,1,,,,,,,,,480,640,73.00000000005821
1788566715947,40.02344288,-83.02048741,23.68670412418598,1788566712790,onnx-community/mobilenetv4_conv_small.e2400_r224_in1k,fp16,webgpu,"stone wall",0.128,2,,,,,,,,,480,640,73.00000000005821
1788566715947,40.02344288,-83.02048741,23.68670412418598,1788566712790,onnx-community/mobilenetv4_conv_small.e2400_r224_in1k,fp16,webgpu,"lakeside, lakeshore",0.054,3,,,,,,,,,480,640,73.00000000005821
1788566716722,40.02344288,-83.02048741,23.68670412418598,1788566712790,onnx-community/mobilenetv4_conv_small.e2400_r224_in1k,fp16,webgpu,"park bench",0.066,1,,,,,,,,,480,640,65.00000000005821
1788566716722,40.02344288,-83.02048741,23.68670412418598,1788566712790,onnx-community/mobilenetv4_conv_small.e2400_r224_in1k,fp16,webgpu,"lakeside, lakeshore",0.056,2,,,,,,,,,480,640,65.00000000005821
1788566716722,40.02344288,-83.02048741,23.68670412418598,1788566712790,onnx-community/mobilenetv4_conv_small.e2400_r224_in1k,fp16,webgpu,"stone wall",0.034,3,,,,,,,,,480,640,65.00000000005821
1788566717503,40.02344288,-83.02048741,23.68670412418598,1788566712790,onnx-community/mobilenetv4_conv_small.e2400_r224_in1k,fp16,webgpu,"park bench",0.108,1,,,,,,,,,480,640,67.99999999994179
1788566717503,40.02344288,-83.02048741,23.68670412418598,1788566712790,onnx-community/mobilenetv4_conv_small.e2400_r224_in1k,fp16,webgpu,"picket fence, paling",0.087,2,,,,,,,,,480,640,67.99999999994179
1788566717503,40.02344288,-83.02048741,23.68670412418598,1788566712790,onnx-community/mobilenetv4_conv_small.e2400_r224_in1k,fp16,webgpu,"lakeside, lakeshore",0.066,3,,,,,,,,,480,640,67.99999999994179
1788566718290,40.02344288,-83.02048741,23.68670412418598,1788566712790,onnx-community/mobilenetv4_conv_small.e2400_r224_in1k,fp16,webgpu,"picket fence, paling",0.138,1,,,,,,,,,480,640,70
1788566718290,40.02344288,-83.02048741,23.68670412418598,1788566712790,onnx-community/mobilenetv4_conv_small.e2400_r224_in1k,fp16,webgpu,"stone wall",0.092,2,,,,,,,,,480,640,70
1788566718290,40.02344288,-83.02048741,23.68670412418598,1788566712790,onnx-community/mobilenetv4_conv_small.e2400_r224_in1k,fp16,webgpu,"park bench",0.051,3,,,,,,,,,480,640,70
1788566719075,40.02342544,-83.02040315,22.739311247460062,1788566716303,onnx-community/mobilenetv4_conv_small.e2400_r224_in1k,fp16,webgpu,"suspension bridge",0.054,1,,,,,,,,,480,640,72
1788566719075,40.02342544,-83.02040315,22.739311247460062,1788566716303,onnx-community/mobilenetv4_conv_small.e2400_r224_in1k,fp16,webgpu,"picket fence, paling",0.050,2,,,,,,,,,480,640,72
1788566719075,40.02342544,-83.02040315,22.739311247460062,1788566716303,onnx-community/mobilenetv4_conv_small.e2400_r224_in1k,fp16,webgpu,"park bench",0.036,3,,,,,,,,,480,640,72
1788566719862,40.02342544,-83.02040315,22.739311247460062,1788566716303,onnx-community/mobilenetv4_conv_small.e2400_r224_in1k,fp16,webgpu,"lakeside, lakeshore",0.069,1,,,,,,,,,480,640,74
1788566719862,40.02342544,-83.02040315,22.739311247460062,1788566716303,onnx-community/mobilenetv4_conv_small.e2400_r224_in1k,fp16,webgpu,"patio, terrace",0.040,2,,,,,,,,,480,640,74
1788566719862,40.02342544,-83.02040315,22.739311247460062,1788566716303,onnx-community/mobilenetv4_conv_small.e2400_r224_in1k,fp16,webgpu,"oxcart",0.035,3,,,,,,,,,480,640,74
1788566720639,40.02342544,-83.02040315,22.739311247460062,1788566716303,onnx-community/mobilenetv4_conv_small.e2400_r224_in1k,fp16,webgpu,"chainlink fence",0.111,1,,,,,,,,,480,640,69
1788566720639,40.02342544,-83.02040315,22.739311247460062,1788566716303,onnx-community/mobilenetv4_conv_small.e2400_r224_in1k,fp16,webgpu,"oxcart",0.059,2,,,,,,,,,480,640,69
1788566720639,40.02342544,-83.02040315,22.739311247460062,1788566716303,onnx-community/mobilenetv4_conv_small.e2400_r224_in1k,fp16,webgpu,"lakeside, lakeshore",0.034,3,,,,,,,,,480,640,69
1788566721420,40.02342544,-83.02040315,22.739311247460062,1788566716303,onnx-community/mobilenetv4_conv_small.e2400_r224_in1k,fp16,webgpu,"lakeside, lakeshore",0.225,1,,,,,,,,,480,640,71
1788566721420,40.02342544,-83.02040315,22.739311247460062,1788566716303,onnx-community/mobilenetv4_conv_small.e2400_r224_in1k,fp16,webgpu,"sandbar, sand bar",0.051,2,,,,,,,,,480,640,71
1788566721420,40.02342544,-83.02040315,22.739311247460062,1788566716303,onnx-community/mobilenetv4_conv_small.e2400_r224_in1k,fp16,webgpu,"valley, vale",0.044,3,,,,,,,,,480,640,71
1788566722203,40.02342169,-83.02039121,23.849064304580974,1788566718766,onnx-community/mobilenetv4_conv_small.e2400_r224_in1k,fp16,webgpu,"lakeside, lakeshore",0.087,1,,,,,,,,,480,640,70
1788566722203,40.02342169,-83.02039121,23.849064304580974,1788566718766,onnx-community/mobilenetv4_conv_small.e2400_r224_in1k,fp16,webgpu,"mobile home, manufactured home",0.037,2,,,,,,,,,480,640,70
1788566722203,40.02342169,-83.02039121,23.849064304580974,1788566718766,onnx-community/mobilenetv4_conv_small.e2400_r224_in1k,fp16,webgpu,"oxcart",0.035,3,,,,,,,,,480,640,70
1788566722973,40.02342169,-83.02039121,23.849064304580974,1788566718766,onnx-community/mobilenetv4_conv_small.e2400_r224_in1k,fp16,webgpu,"lakeside, lakeshore",0.135,1,,,,,,,,,480,640,56.99999999994179
1788566722973,40.02342169,-83.02039121,23.849064304580974,1788566718766,onnx-community/mobilenetv4_conv_small.e2400_r224_in1k,fp16,webgpu,"park bench",0.057,2,,,,,,,,,480,640,56.99999999994179
1788566722973,40.02342169,-83.02039121,23.849064304580974,1788566718766,onnx-community/mobilenetv4_conv_small.e2400_r224_in1k,fp16,webgpu,"dam, dike, dyke",0.053,3,,,,,,,,,480,640,56.99999999994179
1788566723743,40.02342169,-83.02039121,23.849064304580974,1788566718766,onnx-community/mobilenetv4_conv_small.e2400_r224_in1k,fp16,webgpu,"lakeside, lakeshore",0.141,1,,,,,,,,,480,640,60
1788566723743,40.02342169,-83.02039121,23.849064304580974,1788566718766,onnx-community/mobilenetv4_conv_small.e2400_r224_in1k,fp16,webgpu,"chainlink fence",0.105,2,,,,,,,,,480,640,60
1788566723743,40.02342169,-83.02039121,23.849064304580974,1788566718766,onnx-community/mobilenetv4_conv_small.e2400_r224_in1k,fp16,webgpu,"park bench",0.052,3,,,,,,,,,480,640,60
1788566724513,40.02342169,-83.02039121,23.849064304580974,1788566718766,onnx-community/mobilenetv4_conv_small.e2400_r224_in1k,fp16,webgpu,"lakeside, lakeshore",0.127,1,,,,,,,,,480,640,52
1788566724513,40.02342169,-83.02039121,23.849064304580974,1788566718766,onnx-community/mobilenetv4_conv_small.e2400_r224_in1k,fp16,webgpu,"valley, vale",0.057,2,,,,,,,,,480,640,52
1788566724513,40.02342169,-83.02039121,23.849064304580974,1788566718766,onnx-community/mobilenetv4_conv_small.e2400_r224_in1k,fp16,webgpu,"mountain bike, all-terrain bike, off-roader",0.037,3,,,,,,,,,480,640,52
1788566725282,40.02333328,-83.02031926,24.051844280176436,1788566722470,onnx-community/mobilenetv4_conv_small.e2400_r224_in1k,fp16,webgpu,"mountain bike, all-terrain bike, off-roader",0.085,1,,,,,,,,,480,640,53
1788566725282,40.02333328,-83.02031926,24.051844280176436,1788566722470,onnx-community/mobilenetv4_conv_small.e2400_r224_in1k,fp16,webgpu,"chainlink fence",0.062,2,,,,,,,,,480,640,53
1788566725282,40.02333328,-83.02031926,24.051844280176436,1788566722470,onnx-community/mobilenetv4_conv_small.e2400_r224_in1k,fp16,webgpu,"lakeside, lakeshore",0.028,3,,,,,,,,,480,640,53
1788566726045,40.02333328,-83.02031926,24.051844280176436,1788566722470,onnx-community/mobilenetv4_conv_small.e2400_r224_in1k,fp16,webgpu,"lakeside, lakeshore",0.047,1,,,,,,,,,480,640,48.99999999994179
1788566726045,40.02333328,-83.02031926,24.051844280176436,1788566722470,onnx-community/mobilenetv4_conv_small.e2400_r224_in1k,fp16,webgpu,"stone wall",0.044,2,,,,,,,,,480,640,48.99999999994179
1788566726045,40.02333328,-83.02031926,24.051844280176436,1788566722470,onnx-community/mobilenetv4_conv_small.e2400_r224_in1k,fp16,webgpu,"mountain bike, all-terrain bike, off-roader",0.038,3,,,,,,,,,480,640,48.99999999994179
1788566726810,40.02333328,-83.02031926,24.051844280176436,1788566722470,onnx-community/mobilenetv4_conv_small.e2400_r224_in1k,fp16,webgpu,"lakeside, lakeshore",0.123,1,,,,,,,,,480,640,49.00000000005821
1788566726810,40.02333328,-83.02031926,24.051844280176436,1788566722470,onnx-community/mobilenetv4_conv_small.e2400_r224_in1k,fp16,webgpu,"chainlink fence",0.085,2,,,,,,,,,480,640,49.00000000005821
1788566726810,40.02333328,-83.02031926,24.051844280176436,1788566722470,onnx-community/mobilenetv4_conv_small.e2400_r224_in1k,fp16,webgpu,"valley, vale",0.050,3,,,,,,,,,480,640,49.00000000005821
1788566727579,40.02333328,-83.02031926,24.051844280176436,1788566722470,onnx-community/mobilenetv4_conv_small.e2400_r224_in1k,fp16,webgpu,"suspension bridge",0.136,1,,,,,,,,,480,640,51
1788566727579,40.02333328,-83.02031926,24.051844280176436,1788566722470,onnx-community/mobilenetv4_conv_small.e2400_r224_in1k,fp16,webgpu,"chainlink fence",0.082,2,,,,,,,,,480,640,51
1788566727579,40.02333328,-83.02031926,24.051844280176436,1788566722470,onnx-community/mobilenetv4_conv_small.e2400_r224_in1k,fp16,webgpu,"valley, vale",0.063,3,,,,,,,,,480,640,51
1788566728342,40.02332185,-83.02030959,25.695604811323417,1788566724774,onnx-community/mobilenetv4_conv_small.e2400_r224_in1k,fp16,webgpu,"chainlink fence",0.081,1,,,,,,,,,480,640,50.99999999994179
1788566728342,40.02332185,-83.02030959,25.695604811323417,1788566724774,onnx-community/mobilenetv4_conv_small.e2400_r224_in1k,fp16,webgpu,"suspension bridge",0.056,2,,,,,,,,,480,640,50.99999999994179
1788566728342,40.02332185,-83.02030959,25.695604811323417,1788566724774,onnx-community/mobilenetv4_conv_small.e2400_r224_in1k,fp16,webgpu,"stone wall",0.039,3,,,,,,,,,480,640,50.99999999994179
1788566729108,40.02332185,-83.02030959,25.695604811323417,1788566724774,onnx-community/mobilenetv4_conv_small.e2400_r224_in1k,fp16,webgpu,"mountain bike, all-terrain bike, off-roader",0.082,1,,,,,,,,,480,640,50
1788566729108,40.02332185,-83.02030959,25.695604811323417,1788566724774,onnx-community/mobilenetv4_conv_small.e2400_r224_in1k,fp16,webgpu,"suspension bridge",0.065,2,,,,,,,,,480,640,50
1788566729108,40.02332185,-83.02030959,25.695604811323417,1788566724774,onnx-community/mobilenetv4_conv_small.e2400_r224_in1k,fp16,webgpu,"schipperke",0.048,3,,,,,,,,,480,640,50
1788566729883,40.02332185,-83.02030959,25.695604811323417,1788566724774,onnx-community/mobilenetv4_conv_small.e2400_r224_in1k,fp16,webgpu,"picket fence, paling",0.045,1,,,,,,,,,480,640,59
1788566729883,40.02332185,-83.02030959,25.695604811323417,1788566724774,onnx-community/mobilenetv4_conv_small.e2400_r224_in1k,fp16,webgpu,"oxcart",0.044,2,,,,,,,,,480,640,59
1788566729883,40.02332185,-83.02030959,25.695604811323417,1788566724774,onnx-community/mobilenetv4_conv_small.e2400_r224_in1k,fp16,webgpu,"park bench",0.034,3,,,,,,,,,480,640,59
1788566730649,40.02332185,-83.02030959,25.695604811323417,1788566724774,onnx-community/mobilenetv4_conv_small.e2400_r224_in1k,fp16,webgpu,"horse cart, horse-cart",0.051,1,,,,,,,,,480,640,58.00000000005821
1788566730649,40.02332185,-83.02030959,25.695604811323417,1788566724774,onnx-community/mobilenetv4_conv_small.e2400_r224_in1k,fp16,webgpu,"park bench",0.044,2,,,,,,,,,480,640,58.00000000005821
1788566730649,40.02332185,-83.02030959,25.695604811323417,1788566724774,onnx-community/mobilenetv4_conv_small.e2400_r224_in1k,fp16,webgpu,"greenhouse, nursery, glasshouse",0.039,3,,,,,,,,,480,640,58.00000000005821
1788566731415,40.02338550,-83.02032636,25.88328946231009,1788566728465,onnx-community/mobilenetv4_conv_small.e2400_r224_in1k,fp16,webgpu,"oxcart",0.045,1,,,,,,,,,480,640,56
1788566731415,40.02338550,-83.02032636,25.88328946231009,1788566728465,onnx-community/mobilenetv4_conv_small.e2400_r224_in1k,fp16,webgpu,"horse cart, horse-cart",0.031,2,,,,,,,,,480,640,56
1788566731415,40.02338550,-83.02032636,25.88328946231009,1788566728465,onnx-community/mobilenetv4_conv_small.e2400_r224_in1k,fp16,webgpu,"mountain bike, all-terrain bike, off-roader",0.025,3,,,,,,,,,480,640,56
1788566732184,40.02338550,-83.02032636,25.88328946231009,1788566728465,onnx-community/mobilenetv4_conv_small.e2400_r224_in1k,fp16,webgpu,"oxcart",0.049,1,,,,,,,,,480,640,63.99999999994179
1788566732184,40.02338550,-83.02032636,25.88328946231009,1788566728465,onnx-community/mobilenetv4_conv_small.e2400_r224_in1k,fp16,webgpu,"picket fence, paling",0.048,2,,,,,,,,,480,640,63.99999999994179
1788566732184,40.02338550,-83.02032636,25.88328946231009,1788566728465,onnx-community/mobilenetv4_conv_small.e2400_r224_in1k,fp16,webgpu,"suspension bridge",0.047,3,,,,,,,,,480,640,63.99999999994179
1788566732955,40.02338550,-83.02032636,25.88328946231009,1788566728465,onnx-community/mobilenetv4_conv_small.e2400_r224_in1k,fp16,webgpu,"oxcart",0.067,1,,,,,,,,,480,640,52
1788566732955,40.02338550,-83.02032636,25.88328946231009,1788566728465,onnx-community/mobilenetv4_conv_small.e2400_r224_in1k,fp16,webgpu,"picket fence, paling",0.062,2,,,,,,,,,480,640,52
1788566732955,40.02338550,-83.02032636,25.88328946231009,1788566728465,onnx-community/mobilenetv4_conv_small.e2400_r224_in1k,fp16,webgpu,"suspension bridge",0.043,3,,,,,,,,,480,640,52
1788566733726,40.02338550,-83.02032636,25.88328946231009,1788566728465,onnx-community/mobilenetv4_conv_small.e2400_r224_in1k,fp16,webgpu,"horse cart, horse-cart",0.071,1,,,,,,,,,480,640,57.00000000005821
1788566733726,40.02338550,-83.02032636,25.88328946231009,1788566728465,onnx-community/mobilenetv4_conv_small.e2400_r224_in1k,fp16,webgpu,"oxcart",0.050,2,,,,,,,,,480,640,57.00000000005821
1788566733726,40.02338550,-83.02032636,25.88328946231009,1788566728465,onnx-community/mobilenetv4_conv_small.e2400_r224_in1k,fp16,webgpu,"picket fence, paling",0.040,3,,,,,,,,,480,640,57.00000000005821
1788566734498,40.02339629,-83.02032461,27.232806514676962,1788566730783,onnx-community/mobilenetv4_conv_small.e2400_r224_in1k,fp16,webgpu,"picket fence, paling",0.085,1,,,,,,,,,480,640,61
1788566734498,40.02339629,-83.02032461,27.232806514676962,1788566730783,onnx-community/mobilenetv4_conv_small.e2400_r224_in1k,fp16,webgpu,"oxcart",0.045,2,,,,,,,,,480,640,61
1788566734498,40.02339629,-83.02032461,27.232806514676962,1788566730783,onnx-community/mobilenetv4_conv_small.e2400_r224_in1k,fp16,webgpu,"park bench",0.043,3,,,,,,,,,480,640,61
1788566735273,40.02339629,-83.02032461,27.232806514676962,1788566730783,onnx-community/mobilenetv4_conv_small.e2400_r224_in1k,fp16,webgpu,"picket fence, paling",0.107,1,,,,,,,,,480,640,70
1788566735273,40.02339629,-83.02032461,27.232806514676962,1788566730783,onnx-community/mobilenetv4_conv_small.e2400_r224_in1k,fp16,webgpu,"park bench",0.053,2,,,,,,,,,480,640,70
1788566735273,40.02339629,-83.02032461,27.232806514676962,1788566730783,onnx-community/mobilenetv4_conv_small.e2400_r224_in1k,fp16,webgpu,"horse cart, horse-cart",0.044,3,,,,,,,,,480,640,70
1788566736052,40.02339629,-83.02032461,27.232806514676962,1788566730783,onnx-community/mobilenetv4_conv_small.e2400_r224_in1k,fp16,webgpu,"picket fence, paling",0.156,1,,,,,,,,,480,640,62.99999999994179
1788566736052,40.02339629,-83.02032461,27.232806514676962,1788566730783,onnx-community/mobilenetv4_conv_small.e2400_r224_in1k,fp16,webgpu,"greenhouse, nursery, glasshouse",0.036,2,,,,,,,,,480,640,62.99999999994179
1788566736052,40.02339629,-83.02032461,27.232806514676962,1788566730783,onnx-community/mobilenetv4_conv_small.e2400_r224_in1k,fp16,webgpu,"oxcart",0.032,3,,,,,,,,,480,640,62.99999999994179
1788566736819,40.02330050,-83.02025272,24.3362956051788,1788566734467,onnx-community/mobilenetv4_conv_small.e2400_r224_in1k,fp16,webgpu,"oxcart",0.064,1,,,,,,,,,480,640,53
1788566736819,40.02330050,-83.02025272,24.3362956051788,1788566734467,onnx-community/mobilenetv4_conv_small.e2400_r224_in1k,fp16,webgpu,"suspension bridge",0.037,2,,,,,,,,,480,640,53
1788566736819,40.02330050,-83.02025272,24.3362956051788,1788566734467,onnx-community/mobilenetv4_conv_small.e2400_r224_in1k,fp16,webgpu,"park bench",0.036,3,,,,,,,,,480,640,53
1788566737590,40.02330050,-83.02025272,24.3362956051788,1788566734467,onnx-community/mobilenetv4_conv_small.e2400_r224_in1k,fp16,webgpu,"oxcart",0.045,1,,,,,,,,,480,640,57.00000000005821
1788566737590,40.02330050,-83.02025272,24.3362956051788,1788566734467,onnx-community/mobilenetv4_conv_small.e2400_r224_in1k,fp16,webgpu,"park bench",0.038,2,,,,,,,,,480,640,57.00000000005821
1788566737590,40.02330050,-83.02025272,24.3362956051788,1788566734467,onnx-community/mobilenetv4_conv_small.e2400_r224_in1k,fp16,webgpu,"suspension bridge",0.033,3,,,,,,,,,480,640,57.00000000005821
1788566738359,40.02330050,-83.02025272,24.3362956051788,1788566734467,onnx-community/mobilenetv4_conv_small.e2400_r224_in1k,fp16,webgpu,"chainlink fence",0.046,1,,,,,,,,,480,640,59
1788566738359,40.02330050,-83.02025272,24.3362956051788,1788566734467,onnx-community/mobilenetv4_conv_small.e2400_r224_in1k,fp16,webgpu,"suspension bridge",0.026,2,,,,,,,,,480,640,59
1788566738359,40.02330050,-83.02025272,24.3362956051788,1788566734467,onnx-community/mobilenetv4_conv_small.e2400_r224_in1k,fp16,webgpu,"mountain bike, all-terrain bike, off-roader",0.022,3,,,,,,,,,480,640,59
1788566739122,40.02330050,-83.02025272,24.3362956051788,1788566734467,onnx-community/mobilenetv4_conv_small.e2400_r224_in1k,fp16,webgpu,"picket fence, paling",0.061,1,,,,,,,,,480,640,55
1788566739122,40.02330050,-83.02025272,24.3362956051788,1788566734467,onnx-community/mobilenetv4_conv_small.e2400_r224_in1k,fp16,webgpu,"horse cart, horse-cart",0.051,2,,,,,,,,,480,640,55
1788566739122,40.02330050,-83.02025272,24.3362956051788,1788566734467,onnx-community/mobilenetv4_conv_small.e2400_r224_in1k,fp16,webgpu,"lakeside, lakeshore",0.047,3,,,,,,,,,480,640,55
1788566739870,40.02324035,-83.02020955,22.90264088760632,1788566736811,onnx-community/mobilenetv4_conv_small.e2400_r224_in1k,fp16,webgpu,"oxcart",0.056,1,,,,,,,,,480,640,34
1788566739870,40.02324035,-83.02020955,22.90264088760632,1788566736811,onnx-community/mobilenetv4_conv_small.e2400_r224_in1k,fp16,webgpu,"unicycle, monocycle",0.036,2,,,,,,,,,480,640,34
1788566739870,40.02324035,-83.02020955,22.90264088760632,1788566736811,onnx-community/mobilenetv4_conv_small.e2400_r224_in1k,fp16,webgpu,"horse cart, horse-cart",0.036,3,,,,,,,,,480,640,34
1788566740648,40.02324035,-83.02020955,22.90264088760632,1788566736811,onnx-community/mobilenetv4_conv_small.e2400_r224_in1k,fp16,webgpu,"yurt",0.083,1,,,,,,,,,480,640,70
1788566740648,40.02324035,-83.02020955,22.90264088760632,1788566736811,onnx-community/mobilenetv4_conv_small.e2400_r224_in1k,fp16,webgpu,"greenhouse, nursery, glasshouse",0.025,2,,,,,,,,,480,640,70
1788566740648,40.02324035,-83.02020955,22.90264088760632,1788566736811,onnx-community/mobilenetv4_conv_small.e2400_r224_in1k,fp16,webgpu,"oxcart",0.025,3,,,,,,,,,480,640,70
1788566741432,40.02324035,-83.02020955,22.90264088760632,1788566736811,onnx-community/mobilenetv4_conv_small.e2400_r224_in1k,fp16,webgpu,"oxcart",0.082,1,,,,,,,,,480,640,70
1788566741432,40.02324035,-83.02020955,22.90264088760632,1788566736811,onnx-community/mobilenetv4_conv_small.e2400_r224_in1k,fp16,webgpu,"suspension bridge",0.062,2,,,,,,,,,480,640,70
1788566741432,40.02324035,-83.02020955,22.90264088760632,1788566736811,onnx-community/mobilenetv4_conv_small.e2400_r224_in1k,fp16,webgpu,"picket fence, paling",0.053,3,,,,,,,,,480,640,70
1788566742216,40.02324035,-83.02020955,22.90264088760632,1788566736811,onnx-community/mobilenetv4_conv_small.e2400_r224_in1k,fp16,webgpu,"oxcart",0.093,1,,,,,,,,,480,640,71.00000000005821
1788566742216,40.02324035,-83.02020955,22.90264088760632,1788566736811,onnx-community/mobilenetv4_conv_small.e2400_r224_in1k,fp16,webgpu,"chainlink fence",0.056,2,,,,,,,,,480,640,71.00000000005821
1788566742216,40.02324035,-83.02020955,22.90264088760632,1788566736811,onnx-community/mobilenetv4_conv_small.e2400_r224_in1k,fp16,webgpu,"horse cart, horse-cart",0.037,3,,,,,,,,,480,640,71.00000000005821
1788566742996,40.02319037,-83.02014651,22.426952247829913,1788566740264,onnx-community/mobilenetv4_conv_small.e2400_r224_in1k,fp16,webgpu,"suspension bridge",0.076,1,,,,,,,,,480,640,65.99999999988358
1788566742996,40.02319037,-83.02014651,22.426952247829913,1788566740264,onnx-community/mobilenetv4_conv_small.e2400_r224_in1k,fp16,webgpu,"horse cart, horse-cart",0.072,2,,,,,,,,,480,640,65.99999999988358
1788566742996,40.02319037,-83.02014651,22.426952247829913,1788566740264,onnx-community/mobilenetv4_conv_small.e2400_r224_in1k,fp16,webgpu,"oxcart",0.050,3,,,,,,,,,480,640,65.99999999988358
1788566743775,40.02319037,-83.02014651,22.426952247829913,1788566740264,onnx-community/mobilenetv4_conv_small.e2400_r224_in1k,fp16,webgpu,"horse cart, horse-cart",0.078,1,,,,,,,,,480,640,63
1788566743775,40.02319037,-83.02014651,22.426952247829913,1788566740264,onnx-community/mobilenetv4_conv_small.e2400_r224_in1k,fp16,webgpu,"suspension bridge",0.042,2,,,,,,,,,480,640,63
1788566743775,40.02319037,-83.02014651,22.426952247829913,1788566740264,onnx-community/mobilenetv4_conv_small.e2400_r224_in1k,fp16,webgpu,"park bench",0.040,3,,,,,,,,,480,640,63
1788566744543,40.02319037,-83.02014651,22.426952247829913,1788566740264,onnx-community/mobilenetv4_conv_small.e2400_r224_in1k,fp16,webgpu,"suspension bridge",0.056,1,,,,,,,,,480,640,49
1788566744543,40.02319037,-83.02014651,22.426952247829913,1788566740264,onnx-community/mobilenetv4_conv_small.e2400_r224_in1k,fp16,webgpu,"breakwater, groin, groyne, mole, bulwark, seawall, jetty",0.055,2,,,,,,,,,480,640,49
1788566744543,40.02319037,-83.02014651,22.426952247829913,1788566740264,onnx-community/mobilenetv4_conv_small.e2400_r224_in1k,fp16,webgpu,"bannister, banister, balustrade, balusters, handrail",0.043,3,,,,,,,,,480,640,49
1788566745319,40.02319037,-83.02014651,22.426952247829913,1788566740264,onnx-community/mobilenetv4_conv_small.e2400_r224_in1k,fp16,webgpu,"park bench",0.056,1,,,,,,,,,480,640,60.999999999883585
1788566745319,40.02319037,-83.02014651,22.426952247829913,1788566740264,onnx-community/mobilenetv4_conv_small.e2400_r224_in1k,fp16,webgpu,"horse cart, horse-cart",0.054,2,,,,,,,,,480,640,60.999999999883585
1788566745319,40.02319037,-83.02014651,22.426952247829913,1788566740264,onnx-community/mobilenetv4_conv_small.e2400_r224_in1k,fp16,webgpu,"suspension bridge",0.048,3,,,,,,,,,480,640,60.999999999883585
1788566746089,40.02318298,-83.02013477,23.989076913384498,1788566742822,onnx-community/mobilenetv4_conv_small.e2400_r224_in1k,fp16,webgpu,"oxcart",0.093,1,,,,,,,,,480,640,65.00000000005821
1788566746089,40.02318298,-83.02013477,23.989076913384498,1788566742822,onnx-community/mobilenetv4_conv_small.e2400_r224_in1k,fp16,webgpu,"lakeside, lakeshore",0.074,2,,,,,,,,,480,640,65.00000000005821
1788566746089,40.02318298,-83.02013477,23.989076913384498,1788566742822,onnx-community/mobilenetv4_conv_small.e2400_r224_in1k,fp16,webgpu,"horse cart, horse-cart",0.066,3,,,,,,,,,480,640,65.00000000005821
1788566746873,40.02318298,-83.02013477,23.989076913384498,1788566742822,onnx-community/mobilenetv4_conv_small.e2400_r224_in1k,fp16,webgpu,"lakeside, lakeshore",0.099,1,,,,,,,,,480,640,65.00000000005821
1788566746873,40.02318298,-83.02013477,23.989076913384498,1788566742822,onnx-community/mobilenetv4_conv_small.e2400_r224_in1k,fp16,webgpu,"horse cart, horse-cart",0.051,2,,,,,,,,,480,640,65.00000000005821
1788566746873,40.02318298,-83.02013477,23.989076913384498,1788566742822,onnx-community/mobilenetv4_conv_small.e2400_r224_in1k,fp16,webgpu,"oxcart",0.045,3,,,,,,,,,480,640,65.00000000005821
1788566747650,40.02318298,-83.02013477,23.989076913384498,1788566742822,onnx-community/mobilenetv4_conv_small.e2400_r224_in1k,fp16,webgpu,"horse cart, horse-cart",0.102,1,,,,,,,,,480,640,57.00000000005821
1788566747650,40.02318298,-83.02013477,23.989076913384498,1788566742822,onnx-community/mobilenetv4_conv_small.e2400_r224_in1k,fp16,webgpu,"oxcart",0.098,2,,,,,,,,,480,640,57.00000000005821
1788566747650,40.02318298,-83.02013477,23.989076913384498,1788566742822,onnx-community/mobilenetv4_conv_small.e2400_r224_in1k,fp16,webgpu,"breakwater, groin, groyne, mole, bulwark, seawall, jetty",0.044,3,,,,,,,,,480,640,57.00000000005821
1788566748408,40.02318298,-83.02013477,23.989076913384498,1788566742822,onnx-community/mobilenetv4_conv_small.e2400_r224_in1k,fp16,webgpu,"breakwater, groin, groyne, mole, bulwark, seawall, jetty",0.047,1,,,,,,,,,480,640,54.99999999994179
1788566748408,40.02318298,-83.02013477,23.989076913384498,1788566742822,onnx-community/mobilenetv4_conv_small.e2400_r224_in1k,fp16,webgpu,"lakeside, lakeshore",0.037,2,,,,,,,,,480,640,54.99999999994179
1788566748408,40.02318298,-83.02013477,23.989076913384498,1788566742822,onnx-community/mobilenetv4_conv_small.e2400_r224_in1k,fp16,webgpu,"mountain bike, all-terrain bike, off-roader",0.035,3,,,,,,,,,480,640,54.99999999994179
1788566749176,40.02308344,-83.02005896,21.65888385314579,1788566746419,onnx-community/mobilenetv4_conv_small.e2400_r224_in1k,fp16,webgpu,"lakeside, lakeshore",0.063,1,,,,,,,,,480,640,55.00000000005821
1788566749176,40.02308344,-83.02005896,21.65888385314579,1788566746419,onnx-community/mobilenetv4_conv_small.e2400_r224_in1k,fp16,webgpu,"breakwater, groin, groyne, mole, bulwark, seawall, jetty",0.049,2,,,,,,,,,480,640,55.00000000005821
1788566749176,40.02308344,-83.02005896,21.65888385314579,1788566746419,onnx-community/mobilenetv4_conv_small.e2400_r224_in1k,fp16,webgpu,"greenhouse, nursery, glasshouse",0.043,3,,,,,,,,,480,640,55.00000000005821
1788566749941,40.02308344,-83.02005896,21.65888385314579,1788566746419,onnx-community/mobilenetv4_conv_small.e2400_r224_in1k,fp16,webgpu,"greenhouse, nursery, glasshouse",0.074,1,,,,,,,,,480,640,53.99999999994179
1788566749941,40.02308344,-83.02005896,21.65888385314579,1788566746419,onnx-community/mobilenetv4_conv_small.e2400_r224_in1k,fp16,webgpu,"breakwater, groin, groyne, mole, bulwark, seawall, jetty",0.073,2,,,,,,,,,480,640,53.99999999994179
1788566749941,40.02308344,-83.02005896,21.65888385314579,1788566746419,onnx-community/mobilenetv4_conv_small.e2400_r224_in1k,fp16,webgpu,"park bench",0.066,3,,,,,,,,,480,640,53.99999999994179
1788566750709,40.02308344,-83.02005896,21.65888385314579,1788566746419,onnx-community/mobilenetv4_conv_small.e2400_r224_in1k,fp16,webgpu,"breakwater, groin, groyne, mole, bulwark, seawall, jetty",0.133,1,,,,,,,,,480,640,54.00000000005821
1788566750709,40.02308344,-83.02005896,21.65888385314579,1788566746419,onnx-community/mobilenetv4_conv_small.e2400_r224_in1k,fp16,webgpu,"lakeside, lakeshore",0.076,2,,,,,,,,,480,640,54.00000000005821
1788566750709,40.02308344,-83.02005896,21.65888385314579,1788566746419,onnx-community/mobilenetv4_conv_small.e2400_r224_in1k,fp16,webgpu,"park bench",0.023,3,,,,,,,,,480,640,54.00000000005821
1788566751474,40.02308344,-83.02005896,21.65888385314579,1788566746419,onnx-community/mobilenetv4_conv_small.e2400_r224_in1k,fp16,webgpu,"breakwater, groin, groyne, mole, bulwark, seawall, jetty",0.061,1,,,,,,,,,480,640,53
1788566751474,40.02308344,-83.02005896,21.65888385314579,1788566746419,onnx-community/mobilenetv4_conv_small.e2400_r224_in1k,fp16,webgpu,"worm fence, snake fence, snake-rail fence, Virginia fence",0.052,2,,,,,,,,,480,640,53
1788566751474,40.02308344,-83.02005896,21.65888385314579,1788566746419,onnx-community/mobilenetv4_conv_small.e2400_r224_in1k,fp16,webgpu,"horse cart, horse-cart",0.051,3,,,,,,,,,480,640,53
1788566752237,40.02309064,-83.02005115,21.64208214451312,1788566748829,onnx-community/mobilenetv4_conv_small.e2400_r224_in1k,fp16,webgpu,"park bench",0.128,1,,,,,,,,,480,640,53.99999999994179
1788566752237,40.02309064,-83.02005115,21.64208214451312,1788566748829,onnx-community/mobilenetv4_conv_small.e2400_r224_in1k,fp16,webgpu,"lakeside, lakeshore",0.073,2,,,,,,,,,480,640,53.99999999994179
1788566752237,40.02309064,-83.02005115,21.64208214451312,1788566748829,onnx-community/mobilenetv4_conv_small.e2400_r224_in1k,fp16,webgpu,"stone wall",0.043,3,,,,,,,,,480,640,53.99999999994179
1788566753007,40.02309064,-83.02005115,21.64208214451312,1788566748829,onnx-community/mobilenetv4_conv_small.e2400_r224_in1k,fp16,webgpu,"lakeside, lakeshore",0.089,1,,,,,,,,,480,640,57
1788566753007,40.02309064,-83.02005115,21.64208214451312,1788566748829,onnx-community/mobilenetv4_conv_small.e2400_r224_in1k,fp16,webgpu,"picket fence, paling",0.064,2,,,,,,,,,480,640,57
1788566753007,40.02309064,-83.02005115,21.64208214451312,1788566748829,onnx-community/mobilenetv4_conv_small.e2400_r224_in1k,fp16,webgpu,"breakwater, groin, groyne, mole, bulwark, seawall, jetty",0.048,3,,,,,,,,,480,640,57
1788566753770,40.02309064,-83.02005115,21.64208214451312,1788566748829,onnx-community/mobilenetv4_conv_small.e2400_r224_in1k,fp16,webgpu,"park bench",0.071,1,,,,,,,,,480,640,53
1788566753770,40.02309064,-83.02005115,21.64208214451312,1788566748829,onnx-community/mobilenetv4_conv_small.e2400_r224_in1k,fp16,webgpu,"breakwater, groin, groyne, mole, bulwark, seawall, jetty",0.051,2,,,,,,,,,480,640,53
1788566753770,40.02309064,-83.02005115,21.64208214451312,1788566748829,onnx-community/mobilenetv4_conv_small.e2400_r224_in1k,fp16,webgpu,"lakeside, lakeshore",0.048,3,,,,,,,,,480,640,53
1788566754535,40.02309064,-83.02005115,21.64208214451312,1788566748829,onnx-community/mobilenetv4_conv_small.e2400_r224_in1k,fp16,webgpu,"park bench",0.077,1,,,,,,,,,480,640,54.000000000116415
1788566754535,40.02309064,-83.02005115,21.64208214451312,1788566748829,onnx-community/mobilenetv4_conv_small.e2400_r224_in1k,fp16,webgpu,"greenhouse, nursery, glasshouse",0.050,2,,,,,,,,,480,640,54.000000000116415
1788566754535,40.02309064,-83.02005115,21.64208214451312,1788566748829,onnx-community/mobilenetv4_conv_small.e2400_r224_in1k,fp16,webgpu,"picket fence, paling",0.033,3,,,,,,,,,480,640,54.000000000116415
1788566755300,40.02301806,-83.01998696,19.058663214052977,1788566752250,onnx-community/mobilenetv4_conv_small.e2400_r224_in1k,fp16,webgpu,"greenhouse, nursery, glasshouse",0.086,1,,,,,,,,,480,640,50
1788566755300,40.02301806,-83.01998696,19.058663214052977,1788566752250,onnx-community/mobilenetv4_conv_small.e2400_r224_in1k,fp16,webgpu,"lakeside, lakeshore",0.068,2,,,,,,,,,480,640,50
1788566755300,40.02301806,-83.01998696,19.058663214052977,1788566752250,onnx-community/mobilenetv4_conv_small.e2400_r224_in1k,fp16,webgpu,"park bench",0.047,3,,,,,,,,,480,640,50
1788566756064,40.02301806,-83.01998696,19.058663214052977,1788566752250,onnx-community/mobilenetv4_conv_small.e2400_r224_in1k,fp16,webgpu,"chainlink fence",0.100,1,,,,,,,,,480,640,53
1788566756064,40.02301806,-83.01998696,19.058663214052977,1788566752250,onnx-community/mobilenetv4_conv_small.e2400_r224_in1k,fp16,webgpu,"suspension bridge",0.067,2,,,,,,,,,480,640,53
1788566756064,40.02301806,-83.01998696,19.058663214052977,1788566752250,onnx-community/mobilenetv4_conv_small.e2400_r224_in1k,fp16,webgpu,"greenhouse, nursery, glasshouse",0.062,3,,,,,,,,,480,640,53
1788566756850,40.02301806,-83.01998696,19.058663214052977,1788566752250,onnx-community/mobilenetv4_conv_small.e2400_r224_in1k,fp16,webgpu,"stone wall",0.089,1,,,,,,,,,480,640,71
1788566756850,40.02301806,-83.01998696,19.058663214052977,1788566752250,onnx-community/mobilenetv4_conv_small.e2400_r224_in1k,fp16,webgpu,"greenhouse, nursery, glasshouse",0.079,2,,,,,,,,,480,640,71
1788566756850,40.02301806,-83.01998696,19.058663214052977,1788566752250,onnx-community/mobilenetv4_conv_small.e2400_r224_in1k,fp16,webgpu,"picket fence, paling",0.077,3,,,,,,,,,480,640,71
1788566757623,40.02301806,-83.01998696,19.058663214052977,1788566752250,onnx-community/mobilenetv4_conv_small.e2400_r224_in1k,fp16,webgpu,"greenhouse, nursery, glasshouse",0.076,1,,,,,,,,,480,640,61
1788566757623,40.02301806,-83.01998696,19.058663214052977,1788566752250,onnx-community/mobilenetv4_conv_small.e2400_r224_in1k,fp16,webgpu,"park bench",0.075,2,,,,,,,,,480,640,61
1788566757623,40.02301806,-83.01998696,19.058663214052977,1788566752250,onnx-community/mobilenetv4_conv_small.e2400_r224_in1k,fp16,webgpu,"lakeside, lakeshore",0.066,3,,,,,,,,,480,640,61
1788566758389,40.02288114,-83.02001109,23.821981206297615,1788566757001,onnx-community/mobilenetv4_conv_small.e2400_r224_in1k,fp16,webgpu,"suspension bridge",0.131,1,,,,,,,,,480,640,60.999999999883585
1788566758389,40.02288114,-83.02001109,23.821981206297615,1788566757001,onnx-community/mobilenetv4_conv_small.e2400_r224_in1k,fp16,webgpu,"greenhouse, nursery, glasshouse",0.096,2,,,,,,,,,480,640,60.999999999883585
1788566758389,40.02288114,-83.02001109,23.821981206297615,1788566757001,onnx-community/mobilenetv4_conv_small.e2400_r224_in1k,fp16,webgpu,"picket fence, paling",0.073,3,,,,,,,,,480,640,60.999999999883585
1788566759162,40.02288114,-83.02001109,23.821981206297615,1788566757001,onnx-community/mobilenetv4_conv_small.e2400_r224_in1k,fp16,webgpu,"bannister, banister, balustrade, balusters, handrail",0.118,1,,,,,,,,,480,640,67
1788566759162,40.02288114,-83.02001109,23.821981206297615,1788566757001,onnx-community/mobilenetv4_conv_small.e2400_r224_in1k,fp16,webgpu,"greenhouse, nursery, glasshouse",0.111,2,,,,,,,,,480,640,67
1788566759162,40.02288114,-83.02001109,23.821981206297615,1788566757001,onnx-community/mobilenetv4_conv_small.e2400_r224_in1k,fp16,webgpu,"picket fence, paling",0.074,3,,,,,,,,,480,640,67
1788566759942,40.02288114,-83.02001109,23.821981206297615,1788566757001,onnx-community/mobilenetv4_conv_small.e2400_r224_in1k,fp16,webgpu,"greenhouse, nursery, glasshouse",0.114,1,,,,,,,,,480,640,63
1788566759942,40.02288114,-83.02001109,23.821981206297615,1788566757001,onnx-community/mobilenetv4_conv_small.e2400_r224_in1k,fp16,webgpu,"picket fence, paling",0.106,2,,,,,,,,,480,640,63
1788566759942,40.02288114,-83.02001109,23.821981206297615,1788566757001,onnx-community/mobilenetv4_conv_small.e2400_r224_in1k,fp16,webgpu,"chainlink fence",0.088,3,,,,,,,,,480,640,63
1788566760728,40.02288114,-83.02001109,23.821981206297615,1788566757001,onnx-community/mobilenetv4_conv_small.e2400_r224_in1k,fp16,webgpu,"greenhouse, nursery, glasshouse",0.149,1,,,,,,,,,480,640,70
1788566760728,40.02288114,-83.02001109,23.821981206297615,1788566757001,onnx-community/mobilenetv4_conv_small.e2400_r224_in1k,fp16,webgpu,"picket fence, paling",0.073,2,,,,,,,,,480,640,70
1788566760728,40.02288114,-83.02001109,23.821981206297615,1788566757001,onnx-community/mobilenetv4_conv_small.e2400_r224_in1k,fp16,webgpu,"mobile home, manufactured home",0.052,3,,,,,,,,,480,640,70
1788566761514,40.02268946,-83.02008322,3.163883078023749,1788566760001,onnx-community/mobilenetv4_conv_small.e2400_r224_in1k,fp16,webgpu,"lakeside, lakeshore",0.090,1,,,,,,,,,480,640,72
1788566761514,40.02268946,-83.02008322,3.163883078023749,1788566760001,onnx-community/mobilenetv4_conv_small.e2400_r224_in1k,fp16,webgpu,"suspension bridge",0.066,2,,,,,,,,,480,640,72
1788566761514,40.02268946,-83.02008322,3.163883078023749,1788566760001,onnx-community/mobilenetv4_conv_small.e2400_r224_in1k,fp16,webgpu,"greenhouse, nursery, glasshouse",0.059,3,,,,,,,,,480,640,72
1788566762299,40.02268946,-83.02008322,3.163883078023749,1788566760001,onnx-community/mobilenetv4_conv_small.e2400_r224_in1k,fp16,webgpu,"greenhouse, nursery, glasshouse",0.285,1,,,,,,,,,480,640,74
1788566762299,40.02268946,-83.02008322,3.163883078023749,1788566760001,onnx-community/mobilenetv4_conv_small.e2400_r224_in1k,fp16,webgpu,"picket fence, paling",0.106,2,,,,,,,,,480,640,74
1788566762299,40.02268946,-83.02008322,3.163883078023749,1788566760001,onnx-community/mobilenetv4_conv_small.e2400_r224_in1k,fp16,webgpu,"lakeside, lakeshore",0.033,3,,,,,,,,,480,640,74
1788566763079,40.02268946,-83.02008322,3.163883078023749,1788566760001,onnx-community/mobilenetv4_conv_small.e2400_r224_in1k,fp16,webgpu,"chainlink fence",0.238,1,,,,,,,,,480,640,70.00000000011642
1788566763079,40.02268946,-83.02008322,3.163883078023749,1788566760001,onnx-community/mobilenetv4_conv_small.e2400_r224_in1k,fp16,webgpu,"greenhouse, nursery, glasshouse",0.070,2,,,,,,,,,480,640,70.00000000011642
1788566763079,40.02268946,-83.02008322,3.163883078023749,1788566760001,onnx-community/mobilenetv4_conv_small.e2400_r224_in1k,fp16,webgpu,"spider web, spider's web",0.043,3,,,,,,,,,480,640,70.00000000011642
1788566763853,40.02266691,-83.02007010,3.2805670680292875,1788566762999,onnx-community/mobilenetv4_conv_small.e2400_r224_in1k,fp16,webgpu,"picket fence, paling",0.049,1,,,,,,,,,480,640,65.00000000011642
1788566763853,40.02266691,-83.02007010,3.2805670680292875,1788566762999,onnx-community/mobilenetv4_conv_small.e2400_r224_in1k,fp16,webgpu,"oxcart",0.039,2,,,,,,,,,480,640,65.00000000011642
1788566763853,40.02266691,-83.02007010,3.2805670680292875,1788566762999,onnx-community/mobilenetv4_conv_small.e2400_r224_in1k,fp16,webgpu,"breakwater, groin, groyne, mole, bulwark, seawall, jetty",0.035,3,,,,,,,,,480,640,65.00000000011642
1788566764644,40.02266691,-83.02007010,3.2805670680292875,1788566762999,onnx-community/mobilenetv4_conv_small.e2400_r224_in1k,fp16,webgpu,"park bench",0.081,1,,,,,,,,,480,640,73
1788566764644,40.02266691,-83.02007010,3.2805670680292875,1788566762999,onnx-community/mobilenetv4_conv_small.e2400_r224_in1k,fp16,webgpu,"picket fence, paling",0.066,2,,,,,,,,,480,640,73
1788566764644,40.02266691,-83.02007010,3.2805670680292875,1788566762999,onnx-community/mobilenetv4_conv_small.e2400_r224_in1k,fp16,webgpu,"greenhouse, nursery, glasshouse",0.054,3,,,,,,,,,480,640,73
1788566765423,40.02266691,-83.02007010,3.2805670680292875,1788566762999,onnx-community/mobilenetv4_conv_small.e2400_r224_in1k,fp16,webgpu,"picket fence, paling",0.137,1,,,,,,,,,480,640,70
1788566765423,40.02266691,-83.02007010,3.2805670680292875,1788566762999,onnx-community/mobilenetv4_conv_small.e2400_r224_in1k,fp16,webgpu,"worm fence, snake fence, snake-rail fence, Virginia fence",0.080,2,,,,,,,,,480,640,70
1788566765423,40.02266691,-83.02007010,3.2805670680292875,1788566762999,onnx-community/mobilenetv4_conv_small.e2400_r224_in1k,fp16,webgpu,"lakeside, lakeshore",0.080,3,,,,,,,,,480,640,70
1788566766207,40.02266691,-83.02007010,3.2805670680292875,1788566762999,onnx-community/mobilenetv4_conv_small.e2400_r224_in1k,fp16,webgpu,"worm fence, snake fence, snake-rail fence, Virginia fence",0.069,1,,,,,,,,,480,640,71
1788566766207,40.02266691,-83.02007010,3.2805670680292875,1788566762999,onnx-community/mobilenetv4_conv_small.e2400_r224_in1k,fp16,webgpu,"breakwater, groin, groyne, mole, bulwark, seawall, jetty",0.057,2,,,,,,,,,480,640,71
1788566766207,40.02266691,-83.02007010,3.2805670680292875,1788566762999,onnx-community/mobilenetv4_conv_small.e2400_r224_in1k,fp16,webgpu,"picket fence, paling",0.053,3,,,,,,,,,480,640,71
1788566766994,40.02265481,-83.02004124,3.2637472084262327,1788566765999,onnx-community/mobilenetv4_conv_small.e2400_r224_in1k,fp16,webgpu,"picket fence, paling",0.054,1,,,,,,,,,480,640,73
1788566766994,40.02265481,-83.02004124,3.2637472084262327,1788566765999,onnx-community/mobilenetv4_conv_small.e2400_r224_in1k,fp16,webgpu,"greenhouse, nursery, glasshouse",0.046,2,,,,,,,,,480,640,73
1788566766994,40.02265481,-83.02004124,3.2637472084262327,1788566765999,onnx-community/mobilenetv4_conv_small.e2400_r224_in1k,fp16,webgpu,"chainlink fence",0.039,3,,,,,,,,,480,640,73
1788566767763,40.02265481,-83.02004124,3.2637472084262327,1788566765999,onnx-community/mobilenetv4_conv_small.e2400_r224_in1k,fp16,webgpu,"worm fence, snake fence, snake-rail fence, Virginia fence",0.116,1,,,,,,,,,480,640,63
1788566767763,40.02265481,-83.02004124,3.2637472084262327,1788566765999,onnx-community/mobilenetv4_conv_small.e2400_r224_in1k,fp16,webgpu,"park bench",0.059,2,,,,,,,,,480,640,63
1788566767763,40.02265481,-83.02004124,3.2637472084262327,1788566765999,onnx-community/mobilenetv4_conv_small.e2400_r224_in1k,fp16,webgpu,"mobile home, manufactured home",0.045,3,,,,,,,,,480,640,63
1788566768536,40.02265481,-83.02004124,3.2637472084262327,1788566765999,onnx-community/mobilenetv4_conv_small.e2400_r224_in1k,fp16,webgpu,"worm fence, snake fence, snake-rail fence, Virginia fence",0.120,1,,,,,,,,,480,640,70.00000000011642
1788566768536,40.02265481,-83.02004124,3.2637472084262327,1788566765999,onnx-community/mobilenetv4_conv_small.e2400_r224_in1k,fp16,webgpu,"picket fence, paling",0.089,2,,,,,,,,,480,640,70.00000000011642
1788566768536,40.02265481,-83.02004124,3.2637472084262327,1788566765999,onnx-community/mobilenetv4_conv_small.e2400_r224_in1k,fp16,webgpu,"park bench",0.049,3,,,,,,,,,480,640,70.00000000011642
1788566769320,40.02265481,-83.02004124,3.2637472084262327,1788566765999,onnx-community/mobilenetv4_conv_small.e2400_r224_in1k,fp16,webgpu,"park bench",0.110,1,,,,,,,,,480,640,71
1788566769320,40.02265481,-83.02004124,3.2637472084262327,1788566765999,onnx-community/mobilenetv4_conv_small.e2400_r224_in1k,fp16,webgpu,"picket fence, paling",0.110,2,,,,,,,,,480,640,71
1788566769320,40.02265481,-83.02004124,3.2637472084262327,1788566765999,onnx-community/mobilenetv4_conv_small.e2400_r224_in1k,fp16,webgpu,"greenhouse, nursery, glasshouse",0.035,3,,,,,,,,,480,640,71
1788566770101,40.02263094,-83.02000899,3.0008103099522314,1788566768999,onnx-community/mobilenetv4_conv_small.e2400_r224_in1k,fp16,webgpu,"worm fence, snake fence, snake-rail fence, Virginia fence",0.319,1,,,,,,,,,480,640,68
1788566770101,40.02263094,-83.02000899,3.0008103099522314,1788566768999,onnx-community/mobilenetv4_conv_small.e2400_r224_in1k,fp16,webgpu,"picket fence, paling",0.099,2,,,,,,,,,480,640,68
1788566770101,40.02263094,-83.02000899,3.0008103099522314,1788566768999,onnx-community/mobilenetv4_conv_small.e2400_r224_in1k,fp16,webgpu,"greenhouse, nursery, glasshouse",0.032,3,,,,,,,,,480,640,68
1788566770892,40.02263094,-83.02000899,3.0008103099522314,1788566768999,onnx-community/mobilenetv4_conv_small.e2400_r224_in1k,fp16,webgpu,"worm fence, snake fence, snake-rail fence, Virginia fence",0.414,1,,,,,,,,,480,640,72
1788566770892,40.02263094,-83.02000899,3.0008103099522314,1788566768999,onnx-community/mobilenetv4_conv_small.e2400_r224_in1k,fp16,webgpu,"picket fence, paling",0.101,2,,,,,,,,,480,640,72
1788566770892,40.02263094,-83.02000899,3.0008103099522314,1788566768999,onnx-community/mobilenetv4_conv_small.e2400_r224_in1k,fp16,webgpu,"bannister, banister, balustrade, balusters, handrail",0.053,3,,,,,,,,,480,640,72
1788566771671,40.02263094,-83.02000899,3.0008103099522314,1788566768999,onnx-community/mobilenetv4_conv_small.e2400_r224_in1k,fp16,webgpu,"worm fence, snake fence, snake-rail fence, Virginia fence",0.391,1,,,,,,,,,480,640,71
1788566771671,40.02263094,-83.02000899,3.0008103099522314,1788566768999,onnx-community/mobilenetv4_conv_small.e2400_r224_in1k,fp16,webgpu,"picket fence, paling",0.161,2,,,,,,,,,480,640,71
1788566771671,40.02263094,-83.02000899,3.0008103099522314,1788566768999,onnx-community/mobilenetv4_conv_small.e2400_r224_in1k,fp16,webgpu,"bannister, banister, balustrade, balusters, handrail",0.051,3,,,,,,,,,480,640,71
1788566772450,40.02263094,-83.02000899,3.0008103099522314,1788566768999,onnx-community/mobilenetv4_conv_small.e2400_r224_in1k,fp16,webgpu,"worm fence, snake fence, snake-rail fence, Virginia fence",0.490,1,,,,,,,,,480,640,71
1788566772450,40.02263094,-83.02000899,3.0008103099522314,1788566768999,onnx-community/mobilenetv4_conv_small.e2400_r224_in1k,fp16,webgpu,"park bench",0.085,2,,,,,,,,,480,640,71
1788566772450,40.02263094,-83.02000899,3.0008103099522314,1788566768999,onnx-community/mobilenetv4_conv_small.e2400_r224_in1k,fp16,webgpu,"picket fence, paling",0.058,3,,,,,,,,,480,640,71
1788566773234,40.02261435,-83.01998284,3.4911537383793636,1788566771999,onnx-community/mobilenetv4_conv_small.e2400_r224_in1k,fp16,webgpu,"worm fence, snake fence, snake-rail fence, Virginia fence",0.269,1,,,,,,,,,480,640,73
1788566773234,40.02261435,-83.01998284,3.4911537383793636,1788566771999,onnx-community/mobilenetv4_conv_small.e2400_r224_in1k,fp16,webgpu,"picket fence, paling",0.068,2,,,,,,,,,480,640,73
1788566773234,40.02261435,-83.01998284,3.4911537383793636,1788566771999,onnx-community/mobilenetv4_conv_small.e2400_r224_in1k,fp16,webgpu,"park bench",0.044,3,,,,,,,,,480,640,73
1788566774008,40.02261435,-83.01998284,3.4911537383793636,1788566771999,onnx-community/mobilenetv4_conv_small.e2400_r224_in1k,fp16,webgpu,"worm fence, snake fence, snake-rail fence, Virginia fence",0.431,1,,,,,,,,,480,640,62
1788566774008,40.02261435,-83.01998284,3.4911537383793636,1788566771999,onnx-community/mobilenetv4_conv_small.e2400_r224_in1k,fp16,webgpu,"picket fence, paling",0.059,2,,,,,,,,,480,640,62
1788566774008,40.02261435,-83.01998284,3.4911537383793636,1788566771999,onnx-community/mobilenetv4_conv_small.e2400_r224_in1k,fp16,webgpu,"park bench",0.032,3,,,,,,,,,480,640,62
1788566774781,40.02261435,-83.01998284,3.4911537383793636,1788566771999,onnx-community/mobilenetv4_conv_small.e2400_r224_in1k,fp16,webgpu,"worm fence, snake fence, snake-rail fence, Virginia fence",0.732,1,,,,,,,,,480,640,69
1788566774781,40.02261435,-83.01998284,3.4911537383793636,1788566771999,onnx-community/mobilenetv4_conv_small.e2400_r224_in1k,fp16,webgpu,"picket fence, paling",0.067,2,,,,,,,,,480,640,69
1788566774781,40.02261435,-83.01998284,3.4911537383793636,1788566771999,onnx-community/mobilenetv4_conv_small.e2400_r224_in1k,fp16,webgpu,"park bench",0.024,3,,,,,,,,,480,640,69
1788566775557,40.02261435,-83.01998284,3.4911537383793636,1788566771999,onnx-community/mobilenetv4_conv_small.e2400_r224_in1k,fp16,webgpu,"worm fence, snake fence, snake-rail fence, Virginia fence",0.893,1,,,,,,,,,480,640,60
1788566775557,40.02261435,-83.01998284,3.4911537383793636,1788566771999,onnx-community/mobilenetv4_conv_small.e2400_r224_in1k,fp16,webgpu,"park bench",0.027,2,,,,,,,,,480,640,60
1788566775557,40.02261435,-83.01998284,3.4911537383793636,1788566771999,onnx-community/mobilenetv4_conv_small.e2400_r224_in1k,fp16,webgpu,"picket fence, paling",0.012,3,,,,,,,,,480,640,60
1788566776338,40.02258843,-83.01995764,3.745506807332109,1788566775000,onnx-community/mobilenetv4_conv_small.e2400_r224_in1k,fp16,webgpu,"worm fence, snake fence, snake-rail fence, Virginia fence",0.927,1,,,,,,,,,480,640,63
1788566776338,40.02258843,-83.01995764,3.745506807332109,1788566775000,onnx-community/mobilenetv4_conv_small.e2400_r224_in1k,fp16,webgpu,"picket fence, paling",0.029,2,,,,,,,,,480,640,63
1788566776338,40.02258843,-83.01995764,3.745506807332109,1788566775000,onnx-community/mobilenetv4_conv_small.e2400_r224_in1k,fp16,webgpu,"park bench",0.015,3,,,,,,,,,480,640,63
1788566777105,40.02258843,-83.01995764,3.745506807332109,1788566775000,onnx-community/mobilenetv4_conv_small.e2400_r224_in1k,fp16,webgpu,"worm fence, snake fence, snake-rail fence, Virginia fence",0.844,1,,,,,,,,,480,640,63
1788566777105,40.02258843,-83.01995764,3.745506807332109,1788566775000,onnx-community/mobilenetv4_conv_small.e2400_r224_in1k,fp16,webgpu,"picket fence, paling",0.033,2,,,,,,,,,480,640,63
1788566777105,40.02258843,-83.01995764,3.745506807332109,1788566775000,onnx-community/mobilenetv4_conv_small.e2400_r224_in1k,fp16,webgpu,"stone wall",0.025,3,,,,,,,,,480,640,63
1788566777866,40.02258843,-83.01995764,3.745506807332109,1788566775000,onnx-community/mobilenetv4_conv_small.e2400_r224_in1k,fp16,webgpu,"worm fence, snake fence, snake-rail fence, Virginia fence",0.961,1,,,,,,,,,480,640,58
1788566777866,40.02258843,-83.01995764,3.745506807332109,1788566775000,onnx-community/mobilenetv4_conv_small.e2400_r224_in1k,fp16,webgpu,"park bench",0.011,2,,,,,,,,,480,640,58
1788566777866,40.02258843,-83.01995764,3.745506807332109,1788566775000,onnx-community/mobilenetv4_conv_small.e2400_r224_in1k,fp16,webgpu,"stone wall",0.007,3,,,,,,,,,480,640,58
1788566778629,40.02258843,-83.01995764,3.745506807332109,1788566775000,onnx-community/mobilenetv4_conv_small.e2400_r224_in1k,fp16,webgpu,"worm fence, snake fence, snake-rail fence, Virginia fence",0.948,1,,,,,,,,,480,640,54
1788566778629,40.02258843,-83.01995764,3.745506807332109,1788566775000,onnx-community/mobilenetv4_conv_small.e2400_r224_in1k,fp16,webgpu,"stone wall",0.011,2,,,,,,,,,480,640,54
1788566778629,40.02258843,-83.01995764,3.745506807332109,1788566775000,onnx-community/mobilenetv4_conv_small.e2400_r224_in1k,fp16,webgpu,"park bench",0.008,3,,,,,,,,,480,640,54
1788566779400,40.02253400,-83.01992129,4.74865153019178,1788566778000,onnx-community/mobilenetv4_conv_small.e2400_r224_in1k,fp16,webgpu,"worm fence, snake fence, snake-rail fence, Virginia fence",0.851,1,,,,,,,,,480,640,58
1788566779400,40.02253400,-83.01992129,4.74865153019178,1788566778000,onnx-community/mobilenetv4_conv_small.e2400_r224_in1k,fp16,webgpu,"stone wall",0.031,2,,,,,,,,,480,640,58
1788566779400,40.02253400,-83.01992129,4.74865153019178,1788566778000,onnx-community/mobilenetv4_conv_small.e2400_r224_in1k,fp16,webgpu,"park bench",0.018,3,,,,,,,,,480,640,58
1788566780156,40.02253400,-83.01992129,4.74865153019178,1788566778000,onnx-community/mobilenetv4_conv_small.e2400_r224_in1k,fp16,webgpu,"worm fence, snake fence, snake-rail fence, Virginia fence",0.889,1,,,,,,,,,480,640,52.000000000116415
1788566780156,40.02253400,-83.01992129,4.74865153019178,1788566778000,onnx-community/mobilenetv4_conv_small.e2400_r224_in1k,fp16,webgpu,"stone wall",0.020,2,,,,,,,,,480,640,52.000000000116415
1788566780156,40.02253400,-83.01992129,4.74865153019178,1788566778000,onnx-community/mobilenetv4_conv_small.e2400_r224_in1k,fp16,webgpu,"park bench",0.020,3,,,,,,,,,480,640,52.000000000116415
1788566780923,40.02253400,-83.01992129,4.74865153019178,1788566778000,onnx-community/mobilenetv4_conv_small.e2400_r224_in1k,fp16,webgpu,"worm fence, snake fence, snake-rail fence, Virginia fence",0.790,1,,,,,,,,,480,640,52
1788566780923,40.02253400,-83.01992129,4.74865153019178,1788566778000,onnx-community/mobilenetv4_conv_small.e2400_r224_in1k,fp16,webgpu,"park bench",0.058,2,,,,,,,,,480,640,52
1788566780923,40.02253400,-83.01992129,4.74865153019178,1788566778000,onnx-community/mobilenetv4_conv_small.e2400_r224_in1k,fp16,webgpu,"picket fence, paling",0.014,3,,,,,,,,,480,640,52
1788566781696,40.02253400,-83.01992129,4.74865153019178,1788566778000,onnx-community/mobilenetv4_conv_small.e2400_r224_in1k,fp16,webgpu,"worm fence, snake fence, snake-rail fence, Virginia fence",0.574,1,,,,,,,,,480,640,59
1788566781696,40.02253400,-83.01992129,4.74865153019178,1788566778000,onnx-community/mobilenetv4_conv_small.e2400_r224_in1k,fp16,webgpu,"park bench",0.165,2,,,,,,,,,480,640,59
1788566781696,40.02253400,-83.01992129,4.74865153019178,1788566778000,onnx-community/mobilenetv4_conv_small.e2400_r224_in1k,fp16,webgpu,"stone wall",0.025,3,,,,,,,,,480,640,59
1788566782460,40.02250145,-83.01990357,4.748651530191779,1788566781000,onnx-community/mobilenetv4_conv_small.e2400_r224_in1k,fp16,webgpu,"worm fence, snake fence, snake-rail fence, Virginia fence",0.436,1,,,,,,,,,480,640,51
1788566782460,40.02250145,-83.01990357,4.748651530191779,1788566781000,onnx-community/mobilenetv4_conv_small.e2400_r224_in1k,fp16,webgpu,"stone wall",0.060,2,,,,,,,,,480,640,51
1788566782460,40.02250145,-83.01990357,4.748651530191779,1788566781000,onnx-community/mobilenetv4_conv_small.e2400_r224_in1k,fp16,webgpu,"picket fence, paling",0.044,3,,,,,,,,,480,640,51
1788566783223,40.02250145,-83.01990357,4.748651530191779,1788566781000,onnx-community/mobilenetv4_conv_small.e2400_r224_in1k,fp16,webgpu,"worm fence, snake fence, snake-rail fence, Virginia fence",0.828,1,,,,,,,,,480,640,53
1788566783223,40.02250145,-83.01990357,4.748651530191779,1788566781000,onnx-community/mobilenetv4_conv_small.e2400_r224_in1k,fp16,webgpu,"stone wall",0.034,2,,,,,,,,,480,640,53
1788566783223,40.02250145,-83.01990357,4.748651530191779,1788566781000,onnx-community/mobilenetv4_conv_small.e2400_r224_in1k,fp16,webgpu,"park bench",0.022,3,,,,,,,,,480,640,53
1788566783985,40.02250145,-83.01990357,4.748651530191779,1788566781000,onnx-community/mobilenetv4_conv_small.e2400_r224_in1k,fp16,webgpu,"worm fence, snake fence, snake-rail fence, Virginia fence",0.696,1,,,,,,,,,480,640,52
1788566783985,40.02250145,-83.01990357,4.748651530191779,1788566781000,onnx-community/mobilenetv4_conv_small.e2400_r224_in1k,fp16,webgpu,"park bench",0.051,2,,,,,,,,,480,640,52
1788566783985,40.02250145,-83.01990357,4.748651530191779,1788566781000,onnx-community/mobilenetv4_conv_small.e2400_r224_in1k,fp16,webgpu,"pier",0.021,3,,,,,,,,,480,640,52
1788566784758,40.02250145,-83.01990357,4.748651530191779,1788566781000,onnx-community/mobilenetv4_conv_small.e2400_r224_in1k,fp16,webgpu,"worm fence, snake fence, snake-rail fence, Virginia fence",0.428,1,,,,,,,,,480,640,58
1788566784758,40.02250145,-83.01990357,4.748651530191779,1788566781000,onnx-community/mobilenetv4_conv_small.e2400_r224_in1k,fp16,webgpu,"park bench",0.222,2,,,,,,,,,480,640,58
1788566784758,40.02250145,-83.01990357,4.748651530191779,1788566781000,onnx-community/mobilenetv4_conv_small.e2400_r224_in1k,fp16,webgpu,"breakwater, groin, groyne, mole, bulwark, seawall, jetty",0.028,3,,,,,,,,,480,640,58
1788566785519,40.02246343,-83.01989631,4.748651530191781,1788566784000,onnx-community/mobilenetv4_conv_small.e2400_r224_in1k,fp16,webgpu,"worm fence, snake fence, snake-rail fence, Virginia fence",0.367,1,,,,,,,,,480,640,48
1788566785519,40.02246343,-83.01989631,4.748651530191781,1788566784000,onnx-community/mobilenetv4_conv_small.e2400_r224_in1k,fp16,webgpu,"stone wall",0.100,2,,,,,,,,,480,640,48
1788566785519,40.02246343,-83.01989631,4.748651530191781,1788566784000,onnx-community/mobilenetv4_conv_small.e2400_r224_in1k,fp16,webgpu,"park bench",0.072,3,,,,,,,,,480,640,48
1788566786287,40.02246343,-83.01989631,4.748651530191781,1788566784000,onnx-community/mobilenetv4_conv_small.e2400_r224_in1k,fp16,webgpu,"worm fence, snake fence, snake-rail fence, Virginia fence",0.535,1,,,,,,,,,480,640,54
1788566786287,40.02246343,-83.01989631,4.748651530191781,1788566784000,onnx-community/mobilenetv4_conv_small.e2400_r224_in1k,fp16,webgpu,"breakwater, groin, groyne, mole, bulwark, seawall, jetty",0.046,2,,,,,,,,,480,640,54
1788566786287,40.02246343,-83.01989631,4.748651530191781,1788566784000,onnx-community/mobilenetv4_conv_small.e2400_r224_in1k,fp16,webgpu,"park bench",0.045,3,,,,,,,,,480,640,54
1788566787054,40.02246343,-83.01989631,4.748651530191781,1788566784000,onnx-community/mobilenetv4_conv_small.e2400_r224_in1k,fp16,webgpu,"worm fence, snake fence, snake-rail fence, Virginia fence",0.642,1,,,,,,,,,480,640,54
1788566787054,40.02246343,-83.01989631,4.748651530191781,1788566784000,onnx-community/mobilenetv4_conv_small.e2400_r224_in1k,fp16,webgpu,"park bench",0.063,2,,,,,,,,,480,640,54
1788566787054,40.02246343,-83.01989631,4.748651530191781,1788566784000,onnx-community/mobilenetv4_conv_small.e2400_r224_in1k,fp16,webgpu,"breakwater, groin, groyne, mole, bulwark, seawall, jetty",0.037,3,,,,,,,,,480,640,54
1788566787815,40.02246343,-83.01989631,4.748651530191781,1788566784000,onnx-community/mobilenetv4_conv_small.e2400_r224_in1k,fp16,webgpu,"worm fence, snake fence, snake-rail fence, Virginia fence",0.654,1,,,,,,,,,480,640,53
1788566787815,40.02246343,-83.01989631,4.748651530191781,1788566784000,onnx-community/mobilenetv4_conv_small.e2400_r224_in1k,fp16,webgpu,"breakwater, groin, groyne, mole, bulwark, seawall, jetty",0.027,2,,,,,,,,,480,640,53
1788566787815,40.02246343,-83.01989631,4.748651530191781,1788566784000,onnx-community/mobilenetv4_conv_small.e2400_r224_in1k,fp16,webgpu,"stone wall",0.024,3,,,,,,,,,480,640,53
1788566788580,40.02242272,-83.01989047,4.748651530191797,1788566787000,onnx-community/mobilenetv4_conv_small.e2400_r224_in1k,fp16,webgpu,"worm fence, snake fence, snake-rail fence, Virginia fence",0.450,1,,,,,,,,,480,640,51
1788566788580,40.02242272,-83.01989047,4.748651530191797,1788566787000,onnx-community/mobilenetv4_conv_small.e2400_r224_in1k,fp16,webgpu,"pier",0.056,2,,,,,,,,,480,640,51
1788566788580,40.02242272,-83.01989047,4.748651530191797,1788566787000,onnx-community/mobilenetv4_conv_small.e2400_r224_in1k,fp16,webgpu,"breakwater, groin, groyne, mole, bulwark, seawall, jetty",0.041,3,,,,,,,,,480,640,51
1788566789348,40.02242272,-83.01989047,4.748651530191797,1788566787000,onnx-community/mobilenetv4_conv_small.e2400_r224_in1k,fp16,webgpu,"worm fence, snake fence, snake-rail fence, Virginia fence",0.875,1,,,,,,,,,480,640,52
1788566789348,40.02242272,-83.01989047,4.748651530191797,1788566787000,onnx-community/mobilenetv4_conv_small.e2400_r224_in1k,fp16,webgpu,"stone wall",0.015,2,,,,,,,,,480,640,52
1788566789348,40.02242272,-83.01989047,4.748651530191797,1788566787000,onnx-community/mobilenetv4_conv_small.e2400_r224_in1k,fp16,webgpu,"pier",0.008,3,,,,,,,,,480,640,52
1788566790117,40.02242272,-83.01989047,4.748651530191797,1788566787000,onnx-community/mobilenetv4_conv_small.e2400_r224_in1k,fp16,webgpu,"worm fence, snake fence, snake-rail fence, Virginia fence",0.314,1,,,,,,,,,480,640,55
1788566790117,40.02242272,-83.01989047,4.748651530191797,1788566787000,onnx-community/mobilenetv4_conv_small.e2400_r224_in1k,fp16,webgpu,"go-kart",0.058,2,,,,,,,,,480,640,55
1788566790117,40.02242272,-83.01989047,4.748651530191797,1788566787000,onnx-community/mobilenetv4_conv_small.e2400_r224_in1k,fp16,webgpu,"stone wall",0.040,3,,,,,,,,,480,640,55
1788566790885,40.02234988,-83.01989491,6.267262758512018,1788566790000,onnx-community/mobilenetv4_conv_small.e2400_r224_in1k,fp16,webgpu,"worm fence, snake fence, snake-rail fence, Virginia fence",0.612,1,,,,,,,,,480,640,55
1788566790885,40.02234988,-83.01989491,6.267262758512018,1788566790000,onnx-community/mobilenetv4_conv_small.e2400_r224_in1k,fp16,webgpu,"stone wall",0.078,2,,,,,,,,,480,640,55
1788566790885,40.02234988,-83.01989491,6.267262758512018,1788566790000,onnx-community/mobilenetv4_conv_small.e2400_r224_in1k,fp16,webgpu,"breakwater, groin, groyne, mole, bulwark, seawall, jetty",0.031,3,,,,,,,,,480,640,55
1788566791654,40.02234988,-83.01989491,6.267262758512018,1788566790000,onnx-community/mobilenetv4_conv_small.e2400_r224_in1k,fp16,webgpu,"worm fence, snake fence, snake-rail fence, Virginia fence",0.770,1,,,,,,,,,480,640,62
1788566791654,40.02234988,-83.01989491,6.267262758512018,1788566790000,onnx-community/mobilenetv4_conv_small.e2400_r224_in1k,fp16,webgpu,"stone wall",0.028,2,,,,,,,,,480,640,62
1788566791654,40.02234988,-83.01989491,6.267262758512018,1788566790000,onnx-community/mobilenetv4_conv_small.e2400_r224_in1k,fp16,webgpu,"breakwater, groin, groyne, mole, bulwark, seawall, jetty",0.019,3,,,,,,,,,480,640,62
1788566792417,40.02234988,-83.01989491,6.267262758512018,1788566790000,onnx-community/mobilenetv4_conv_small.e2400_r224_in1k,fp16,webgpu,"worm fence, snake fence, snake-rail fence, Virginia fence",0.262,1,,,,,,,,,480,640,58
1788566792417,40.02234988,-83.01989491,6.267262758512018,1788566790000,onnx-community/mobilenetv4_conv_small.e2400_r224_in1k,fp16,webgpu,"pier",0.040,2,,,,,,,,,480,640,58
1788566792417,40.02234988,-83.01989491,6.267262758512018,1788566790000,onnx-community/mobilenetv4_conv_small.e2400_r224_in1k,fp16,webgpu,"suspension bridge",0.038,3,,,,,,,,,480,640,58
1788566793182,40.02234988,-83.01989491,6.267262758512018,1788566790000,onnx-community/mobilenetv4_conv_small.e2400_r224_in1k,fp16,webgpu,"worm fence, snake fence, snake-rail fence, Virginia fence",0.366,1,,,,,,,,,480,640,56
1788566793182,40.02234988,-83.01989491,6.267262758512018,1788566790000,onnx-community/mobilenetv4_conv_small.e2400_r224_in1k,fp16,webgpu,"pier",0.049,2,,,,,,,,,480,640,56
1788566793182,40.02234988,-83.01989491,6.267262758512018,1788566790000,onnx-community/mobilenetv4_conv_small.e2400_r224_in1k,fp16,webgpu,"stone wall",0.039,3,,,,,,,,,480,640,56
1788566793954,40.02231213,-83.01988975,5.577709031137522,1788566793000,onnx-community/mobilenetv4_conv_small.e2400_r224_in1k,fp16,webgpu,"worm fence, snake fence, snake-rail fence, Virginia fence",0.322,1,,,,,,,,,480,640,56.000000000116415
1788566793954,40.02231213,-83.01988975,5.577709031137522,1788566793000,onnx-community/mobilenetv4_conv_small.e2400_r224_in1k,fp16,webgpu,"stone wall",0.085,2,,,,,,,,,480,640,56.000000000116415
1788566793954,40.02231213,-83.01988975,5.577709031137522,1788566793000,onnx-community/mobilenetv4_conv_small.e2400_r224_in1k,fp16,webgpu,"breakwater, groin, groyne, mole, bulwark, seawall, jetty",0.065,3,,,,,,,,,480,640,56.000000000116415
1788566794731,40.02231213,-83.01988975,5.577709031137522,1788566793000,onnx-community/mobilenetv4_conv_small.e2400_r224_in1k,fp16,webgpu,"worm fence, snake fence, snake-rail fence, Virginia fence",0.467,1,,,,,,,,,480,640,71
1788566794731,40.02231213,-83.01988975,5.577709031137522,1788566793000,onnx-community/mobilenetv4_conv_small.e2400_r224_in1k,fp16,webgpu,"stone wall",0.109,2,,,,,,,,,480,640,71
1788566794731,40.02231213,-83.01988975,5.577709031137522,1788566793000,onnx-community/mobilenetv4_conv_small.e2400_r224_in1k,fp16,webgpu,"dam, dike, dyke",0.028,3,,,,,,,,,480,640,71
1788566795508,40.02231213,-83.01988975,5.577709031137522,1788566793000,onnx-community/mobilenetv4_conv_small.e2400_r224_in1k,fp16,webgpu,"worm fence, snake fence, snake-rail fence, Virginia fence",0.745,1,,,,,,,,,480,640,70
1788566795508,40.02231213,-83.01988975,5.577709031137522,1788566793000,onnx-community/mobilenetv4_conv_small.e2400_r224_in1k,fp16,webgpu,"stone wall",0.042,2,,,,,,,,,480,640,70
1788566795508,40.02231213,-83.01988975,5.577709031137522,1788566793000,onnx-community/mobilenetv4_conv_small.e2400_r224_in1k,fp16,webgpu,"breakwater, groin, groyne, mole, bulwark, seawall, jetty",0.034,3,,,,,,,,,480,640,70
1788566796289,40.02231213,-83.01988975,5.577709031137522,1788566793000,onnx-community/mobilenetv4_conv_small.e2400_r224_in1k,fp16,webgpu,"worm fence, snake fence, snake-rail fence, Virginia fence",0.526,1,,,,,,,,,480,640,68
1788566796289,40.02231213,-83.01988975,5.577709031137522,1788566793000,onnx-community/mobilenetv4_conv_small.e2400_r224_in1k,fp16,webgpu,"stone wall",0.179,2,,,,,,,,,480,640,68
1788566796289,40.02231213,-83.01988975,5.577709031137522,1788566793000,onnx-community/mobilenetv4_conv_small.e2400_r224_in1k,fp16,webgpu,"picket fence, paling",0.023,3,,,,,,,,,480,640,68
1788566797077,40.02228272,-83.01989371,5.434025046850739,1788566796000,onnx-community/mobilenetv4_conv_small.e2400_r224_in1k,fp16,webgpu,"worm fence, snake fence, snake-rail fence, Virginia fence",0.356,1,,,,,,,,,480,640,72
1788566797077,40.02228272,-83.01989371,5.434025046850739,1788566796000,onnx-community/mobilenetv4_conv_small.e2400_r224_in1k,fp16,webgpu,"stone wall",0.241,2,,,,,,,,,480,640,72
1788566797077,40.02228272,-83.01989371,5.434025046850739,1788566796000,onnx-community/mobilenetv4_conv_small.e2400_r224_in1k,fp16,webgpu,"breakwater, groin, groyne, mole, bulwark, seawall, jetty",0.078,3,,,,,,,,,480,640,72
1788566797857,40.02228272,-83.01989371,5.434025046850739,1788566796000,onnx-community/mobilenetv4_conv_small.e2400_r224_in1k,fp16,webgpu,"worm fence, snake fence, snake-rail fence, Virginia fence",0.633,1,,,,,,,,,480,640,71.00000000011642
1788566797857,40.02228272,-83.01989371,5.434025046850739,1788566796000,onnx-community/mobilenetv4_conv_small.e2400_r224_in1k,fp16,webgpu,"stone wall",0.127,2,,,,,,,,,480,640,71.00000000011642
1788566797857,40.02228272,-83.01989371,5.434025046850739,1788566796000,onnx-community/mobilenetv4_conv_small.e2400_r224_in1k,fp16,webgpu,"breakwater, groin, groyne, mole, bulwark, seawall, jetty",0.034,3,,,,,,,,,480,640,71.00000000011642
1788566798640,40.02228272,-83.01989371,5.434025046850739,1788566796000,onnx-community/mobilenetv4_conv_small.e2400_r224_in1k,fp16,webgpu,"worm fence, snake fence, snake-rail fence, Virginia fence",0.365,1,,,,,,,,,480,640,68
1788566798640,40.02228272,-83.01989371,5.434025046850739,1788566796000,onnx-community/mobilenetv4_conv_small.e2400_r224_in1k,fp16,webgpu,"stone wall",0.251,2,,,,,,,,,480,640,68
1788566798640,40.02228272,-83.01989371,5.434025046850739,1788566796000,onnx-community/mobilenetv4_conv_small.e2400_r224_in1k,fp16,webgpu,"breakwater, groin, groyne, mole, bulwark, seawall, jetty",0.060,3,,,,,,,,,480,640,68
1788566799422,40.02228272,-83.01989371,5.434025046850739,1788566796000,onnx-community/mobilenetv4_conv_small.e2400_r224_in1k,fp16,webgpu,"worm fence, snake fence, snake-rail fence, Virginia fence",0.896,1,,,,,,,,,480,640,72
1788566799422,40.02228272,-83.01989371,5.434025046850739,1788566796000,onnx-community/mobilenetv4_conv_small.e2400_r224_in1k,fp16,webgpu,"stone wall",0.013,2,,,,,,,,,480,640,72
1788566799422,40.02228272,-83.01989371,5.434025046850739,1788566796000,onnx-community/mobilenetv4_conv_small.e2400_r224_in1k,fp16,webgpu,"unicycle, monocycle",0.007,3,,,,,,,,,480,640,72
1788566800196,40.02224746,-83.01989442,5.229331264558199,1788566799000,onnx-community/mobilenetv4_conv_small.e2400_r224_in1k,fp16,webgpu,"worm fence, snake fence, snake-rail fence, Virginia fence",0.795,1,,,,,,,,,480,640,63
1788566800196,40.02224746,-83.01989442,5.229331264558199,1788566799000,onnx-community/mobilenetv4_conv_small.e2400_r224_in1k,fp16,webgpu,"stone wall",0.072,2,,,,,,,,,480,640,63
1788566800196,40.02224746,-83.01989442,5.229331264558199,1788566799000,onnx-community/mobilenetv4_conv_small.e2400_r224_in1k,fp16,webgpu,"breakwater, groin, groyne, mole, bulwark, seawall, jetty",0.037,3,,,,,,,,,480,640,63
1788566800964,40.02224746,-83.01989442,5.229331264558199,1788566799000,onnx-community/mobilenetv4_conv_small.e2400_r224_in1k,fp16,webgpu,"worm fence, snake fence, snake-rail fence, Virginia fence",0.678,1,,,,,,,,,480,640,66
1788566800964,40.02224746,-83.01989442,5.229331264558199,1788566799000,onnx-community/mobilenetv4_conv_small.e2400_r224_in1k,fp16,webgpu,"stone wall",0.041,2,,,,,,,,,480,640,66
1788566800964,40.02224746,-83.01989442,5.229331264558199,1788566799000,onnx-community/mobilenetv4_conv_small.e2400_r224_in1k,fp16,webgpu,"park bench",0.025,3,,,,,,,,,480,640,66
1788566801744,40.02224746,-83.01989442,5.229331264558199,1788566799000,onnx-community/mobilenetv4_conv_small.e2400_r224_in1k,fp16,webgpu,"worm fence, snake fence, snake-rail fence, Virginia fence",0.567,1,,,,,,,,,480,640,61
1788566801744,40.02224746,-83.01989442,5.229331264558199,1788566799000,onnx-community/mobilenetv4_conv_small.e2400_r224_in1k,fp16,webgpu,"stone wall",0.063,2,,,,,,,,,480,640,61
1788566801744,40.02224746,-83.01989442,5.229331264558199,1788566799000,onnx-community/mobilenetv4_conv_small.e2400_r224_in1k,fp16,webgpu,"breakwater, groin, groyne, mole, bulwark, seawall, jetty",0.047,3,,,,,,,,,480,640,61
1788566802514,40.02224746,-83.01989442,5.229331264558199,1788566799000,onnx-community/mobilenetv4_conv_small.e2400_r224_in1k,fp16,webgpu,"worm fence, snake fence, snake-rail fence, Virginia fence",0.404,1,,,,,,,,,480,640,60
1788566802514,40.02224746,-83.01989442,5.229331264558199,1788566799000,onnx-community/mobilenetv4_conv_small.e2400_r224_in1k,fp16,webgpu,"stone wall",0.107,2,,,,,,,,,480,640,60
1788566802514,40.02224746,-83.01989442,5.229331264558199,1788566799000,onnx-community/mobilenetv4_conv_small.e2400_r224_in1k,fp16,webgpu,"breakwater, groin, groyne, mole, bulwark, seawall, jetty",0.098,3,,,,,,,,,480,640,60
1788566803293,40.02221676,-83.01990203,5.024917945117629,1788566802000,onnx-community/mobilenetv4_conv_small.e2400_r224_in1k,fp16,webgpu,"worm fence, snake fence, snake-rail fence, Virginia fence",0.565,1,,,,,,,,,480,640,66
1788566803293,40.02221676,-83.01990203,5.024917945117629,1788566802000,onnx-community/mobilenetv4_conv_small.e2400_r224_in1k,fp16,webgpu,"stone wall",0.080,2,,,,,,,,,480,640,66
1788566803293,40.02221676,-83.01990203,5.024917945117629,1788566802000,onnx-community/mobilenetv4_conv_small.e2400_r224_in1k,fp16,webgpu,"breakwater, groin, groyne, mole, bulwark, seawall, jetty",0.046,3,,,,,,,,,480,640,66
1788566804083,40.02221676,-83.01990203,5.024917945117629,1788566802000,onnx-community/mobilenetv4_conv_small.e2400_r224_in1k,fp16,webgpu,"worm fence, snake fence, snake-rail fence, Virginia fence",0.494,1,,,,,,,,,480,640,70
1788566804083,40.02221676,-83.01990203,5.024917945117629,1788566802000,onnx-community/mobilenetv4_conv_small.e2400_r224_in1k,fp16,webgpu,"stone wall",0.107,2,,,,,,,,,480,640,70
1788566804083,40.02221676,-83.01990203,5.024917945117629,1788566802000,onnx-community/mobilenetv4_conv_small.e2400_r224_in1k,fp16,webgpu,"breakwater, groin, groyne, mole, bulwark, seawall, jetty",0.025,3,,,,,,,,,480,640,70
1788566804844,40.02221676,-83.01990203,5.024917945117629,1788566802000,onnx-community/mobilenetv4_conv_small.e2400_r224_in1k,fp16,webgpu,"worm fence, snake fence, snake-rail fence, Virginia fence",0.770,1,,,,,,,,,480,640,50
1788566804844,40.02221676,-83.01990203,5.024917945117629,1788566802000,onnx-community/mobilenetv4_conv_small.e2400_r224_in1k,fp16,webgpu,"stone wall",0.022,2,,,,,,,,,480,640,50
1788566804844,40.02221676,-83.01990203,5.024917945117629,1788566802000,onnx-community/mobilenetv4_conv_small.e2400_r224_in1k,fp16,webgpu,"breakwater, groin, groyne, mole, bulwark, seawall, jetty",0.012,3,,,,,,,,,480,640,50
1788566805635,40.02221676,-83.01990203,5.024917945117629,1788566802000,onnx-community/mobilenetv4_conv_small.e2400_r224_in1k,fp16,webgpu,"worm fence, snake fence, snake-rail fence, Virginia fence",0.564,1,,,,,,,,,480,640,72
1788566805635,40.02221676,-83.01990203,5.024917945117629,1788566802000,onnx-community/mobilenetv4_conv_small.e2400_r224_in1k,fp16,webgpu,"stone wall",0.058,2,,,,,,,,,480,640,72
1788566805635,40.02221676,-83.01990203,5.024917945117629,1788566802000,onnx-community/mobilenetv4_conv_small.e2400_r224_in1k,fp16,webgpu,"park bench",0.029,3,,,,,,,,,480,640,72
1788566806423,40.02218871,-83.01989753,4.926759916008889,1788566805000,onnx-community/mobilenetv4_conv_small.e2400_r224_in1k,fp16,webgpu,"worm fence, snake fence, snake-rail fence, Virginia fence",0.636,1,,,,,,,,,480,640,76
1788566806423,40.02218871,-83.01989753,4.926759916008889,1788566805000,onnx-community/mobilenetv4_conv_small.e2400_r224_in1k,fp16,webgpu,"stone wall",0.089,2,,,,,,,,,480,640,76
1788566806423,40.02218871,-83.01989753,4.926759916008889,1788566805000,onnx-community/mobilenetv4_conv_small.e2400_r224_in1k,fp16,webgpu,"breakwater, groin, groyne, mole, bulwark, seawall, jetty",0.059,3,,,,,,,,,480,640,76
1788566807207,40.02218871,-83.01989753,4.926759916008889,1788566805000,onnx-community/mobilenetv4_conv_small.e2400_r224_in1k,fp16,webgpu,"worm fence, snake fence, snake-rail fence, Virginia fence",0.843,1,,,,,,,,,480,640,64
1788566807207,40.02218871,-83.01989753,4.926759916008889,1788566805000,onnx-community/mobilenetv4_conv_small.e2400_r224_in1k,fp16,webgpu,"picket fence, paling",0.027,2,,,,,,,,,480,640,64
1788566807207,40.02218871,-83.01989753,4.926759916008889,1788566805000,onnx-community/mobilenetv4_conv_small.e2400_r224_in1k,fp16,webgpu,"stone wall",0.017,3,,,,,,,,,480,640,64
1788566807979,40.02218871,-83.01989753,4.926759916008889,1788566805000,onnx-community/mobilenetv4_conv_small.e2400_r224_in1k,fp16,webgpu,"worm fence, snake fence, snake-rail fence, Virginia fence",0.735,1,,,,,,,,,480,640,54.000000000116415
1788566807979,40.02218871,-83.01989753,4.926759916008889,1788566805000,onnx-community/mobilenetv4_conv_small.e2400_r224_in1k,fp16,webgpu,"stone wall",0.043,2,,,,,,,,,480,640,54.000000000116415
1788566807979,40.02218871,-83.01989753,4.926759916008889,1788566805000,onnx-community/mobilenetv4_conv_small.e2400_r224_in1k,fp16,webgpu,"breakwater, groin, groyne, mole, bulwark, seawall, jetty",0.026,3,,,,,,,,,480,640,54.000000000116415
1788566808751,40.02218871,-83.01989753,4.926759916008889,1788566805000,onnx-community/mobilenetv4_conv_small.e2400_r224_in1k,fp16,webgpu,"worm fence, snake fence, snake-rail fence, Virginia fence",0.686,1,,,,,,,,,480,640,61
1788566808751,40.02218871,-83.01989753,4.926759916008889,1788566805000,onnx-community/mobilenetv4_conv_small.e2400_r224_in1k,fp16,webgpu,"picket fence, paling",0.030,2,,,,,,,,,480,640,61
1788566808751,40.02218871,-83.01989753,4.926759916008889,1788566805000,onnx-community/mobilenetv4_conv_small.e2400_r224_in1k,fp16,webgpu,"stone wall",0.019,3,,,,,,,,,480,640,61
1788566809532,40.02216260,-83.01989443,4.955662245192965,1788566808000,onnx-community/mobilenetv4_conv_small.e2400_r224_in1k,fp16,webgpu,"worm fence, snake fence, snake-rail fence, Virginia fence",0.698,1,,,,,,,,,480,640,72
1788566809532,40.02216260,-83.01989443,4.955662245192965,1788566808000,onnx-community/mobilenetv4_conv_small.e2400_r224_in1k,fp16,webgpu,"picket fence, paling",0.032,2,,,,,,,,,480,640,72
1788566809532,40.02216260,-83.01989443,4.955662245192965,1788566808000,onnx-community/mobilenetv4_conv_small.e2400_r224_in1k,fp16,webgpu,"stone wall",0.032,3,,,,,,,,,480,640,72
1788566810303,40.02216260,-83.01989443,4.955662245192965,1788566808000,onnx-community/mobilenetv4_conv_small.e2400_r224_in1k,fp16,webgpu,"worm fence, snake fence, snake-rail fence, Virginia fence",0.657,1,,,,,,,,,480,640,59
1788566810303,40.02216260,-83.01989443,4.955662245192965,1788566808000,onnx-community/mobilenetv4_conv_small.e2400_r224_in1k,fp16,webgpu,"park bench",0.036,2,,,,,,,,,480,640,59
1788566810303,40.02216260,-83.01989443,4.955662245192965,1788566808000,onnx-community/mobilenetv4_conv_small.e2400_r224_in1k,fp16,webgpu,"stone wall",0.028,3,,,,,,,,,480,640,59
1788566811085,40.02216260,-83.01989443,4.955662245192965,1788566808000,onnx-community/mobilenetv4_conv_small.e2400_r224_in1k,fp16,webgpu,"worm fence, snake fence, snake-rail fence, Virginia fence",0.489,1,,,,,,,,,480,640,66
1788566811085,40.02216260,-83.01989443,4.955662245192965,1788566808000,onnx-community/mobilenetv4_conv_small.e2400_r224_in1k,fp16,webgpu,"park bench",0.034,2,,,,,,,,,480,640,66
1788566811085,40.02216260,-83.01989443,4.955662245192965,1788566808000,onnx-community/mobilenetv4_conv_small.e2400_r224_in1k,fp16,webgpu,"picket fence, paling",0.031,3,,,,,,,,,480,640,66
1788566811875,40.02216260,-83.01989443,4.955662245192965,1788566808000,onnx-community/mobilenetv4_conv_small.e2400_r224_in1k,fp16,webgpu,"worm fence, snake fence, snake-rail fence, Virginia fence",0.508,1,,,,,,,,,480,640,71
1788566811875,40.02216260,-83.01989443,4.955662245192965,1788566808000,onnx-community/mobilenetv4_conv_small.e2400_r224_in1k,fp16,webgpu,"park bench",0.047,2,,,,,,,,,480,640,71
1788566811875,40.02216260,-83.01989443,4.955662245192965,1788566808000,onnx-community/mobilenetv4_conv_small.e2400_r224_in1k,fp16,webgpu,"picket fence, paling",0.042,3,,,,,,,,,480,640,71
1788566812665,40.02214478,-83.01989239,4.788123648792378,1788566811000,onnx-community/mobilenetv4_conv_small.e2400_r224_in1k,fp16,webgpu,"worm fence, snake fence, snake-rail fence, Virginia fence",0.633,1,,,,,,,,,480,640,75
1788566812665,40.02214478,-83.01989239,4.788123648792378,1788566811000,onnx-community/mobilenetv4_conv_small.e2400_r224_in1k,fp16,webgpu,"picket fence, paling",0.072,2,,,,,,,,,480,640,75
1788566812665,40.02214478,-83.01989239,4.788123648792378,1788566811000,onnx-community/mobilenetv4_conv_small.e2400_r224_in1k,fp16,webgpu,"park bench",0.050,3,,,,,,,,,480,640,75
1788566813441,40.02214478,-83.01989239,4.788123648792378,1788566811000,onnx-community/mobilenetv4_conv_small.e2400_r224_in1k,fp16,webgpu,"worm fence, snake fence, snake-rail fence, Virginia fence",0.851,1,,,,,,,,,480,640,68
1788566813441,40.02214478,-83.01989239,4.788123648792378,1788566811000,onnx-community/mobilenetv4_conv_small.e2400_r224_in1k,fp16,webgpu,"picket fence, paling",0.017,2,,,,,,,,,480,640,68
1788566813441,40.02214478,-83.01989239,4.788123648792378,1788566811000,onnx-community/mobilenetv4_conv_small.e2400_r224_in1k,fp16,webgpu,"park bench",0.014,3,,,,,,,,,480,640,68
1788566814221,40.02214478,-83.01989239,4.788123648792378,1788566811000,onnx-community/mobilenetv4_conv_small.e2400_r224_in1k,fp16,webgpu,"worm fence, snake fence, snake-rail fence, Virginia fence",0.622,1,,,,,,,,,480,640,71
1788566814221,40.02214478,-83.01989239,4.788123648792378,1788566811000,onnx-community/mobilenetv4_conv_small.e2400_r224_in1k,fp16,webgpu,"picket fence, paling",0.050,2,,,,,,,,,480,640,71
1788566814221,40.02214478,-83.01989239,4.788123648792378,1788566811000,onnx-community/mobilenetv4_conv_small.e2400_r224_in1k,fp16,webgpu,"park bench",0.031,3,,,,,,,,,480,640,71
1788566815000,40.02213168,-83.01989568,4.810765780512587,1788566814000,onnx-community/mobilenetv4_conv_small.e2400_r224_in1k,fp16,webgpu,"worm fence, snake fence, snake-rail fence, Virginia fence",0.483,1,,,,,,,,,480,640,57
1788566815000,40.02213168,-83.01989568,4.810765780512587,1788566814000,onnx-community/mobilenetv4_conv_small.e2400_r224_in1k,fp16,webgpu,"breakwater, groin, groyne, mole, bulwark, seawall, jetty",0.057,2,,,,,,,,,480,640,57
1788566815000,40.02213168,-83.01989568,4.810765780512587,1788566814000,onnx-community/mobilenetv4_conv_small.e2400_r224_in1k,fp16,webgpu,"picket fence, paling",0.050,3,,,,,,,,,480,640,57
1788566815787,40.02213168,-83.01989568,4.810765780512587,1788566814000,onnx-community/mobilenetv4_conv_small.e2400_r224_in1k,fp16,webgpu,"worm fence, snake fence, snake-rail fence, Virginia fence",0.597,1,,,,,,,,,480,640,71
1788566815787,40.02213168,-83.01989568,4.810765780512587,1788566814000,onnx-community/mobilenetv4_conv_small.e2400_r224_in1k,fp16,webgpu,"stone wall",0.086,2,,,,,,,,,480,640,71
1788566815787,40.02213168,-83.01989568,4.810765780512587,1788566814000,onnx-community/mobilenetv4_conv_small.e2400_r224_in1k,fp16,webgpu,"breakwater, groin, groyne, mole, bulwark, seawall, jetty",0.040,3,,,,,,,,,480,640,71